:020000040800F2
:1000000000C00120C5500008114F0008154F00081E
:10001000194F00081D4F0008214F00080000000084
:10002000000000000000000000000000254F000854
:10003000294F0008000000002D4F0008314F000834
:1000400015510008155100081551000815510008F8
:1000500015510008155100081551000815510008E8
:1000600015510008155100081551000815510008D8
:100070001551000815510008354F000815510008AA
:1000800015510008155100081551000815510008B8
:1000900015510008155100081551000815510008A8
:1000A0001551000815510008155100081551000898
:1000B0001551000815510008155100081551000888
:1000C0001551000815510008155100081551000878
:1000D0001551000815510008155100081551000868
:1000E0001551000815510008155100081551000858
:1000F0001551000815510008155100081551000848
:100100001551000815510008155100081551000837
:10011000414F0008155100081551000815510008FD
:100120001551000815510008155100081551000817
:100130001551000815510008155100081551000807
:1001400015510008155100081551000815510008F7
:1001500015510008155100081551000815510008E7
:1001600015510008155100081551000815510008D7
:100170001551000815510008155100080000000035
:0801800015510008155100089B
:1001900081F0004102E000BF83F0004330B54FEA38
:1001A00041044FEA430594EA050F08BF90EA020FA5
:1001B0001FBF54EA000C55EA020C7FEA645C7FEA38
:1001C000655C00F0E2804FEA5454D4EB5555B8BF5B
:1001D0006D420CDD2C4480EA020281EA030382EACC
:1001E000000083EA010180EA020281EA0303362D5E
:1001F00088BF30BD11F0004F4FEA01314FF4801C31
:100200004CEA113102D0404261EB410113F0004F42
:100210004FEA03334CEA133302D0524263EB4303F9
:1002200094EA050F00F0A780A4F10104D5F1200E97
:100230000DDB02FA0EFC22FA05F2801841F10001F2
:1002400003FA0EF2801843FA05F359410EE0A5F1C6
:1002500020050EF1200E012A03FA0EFC28BF4CF0F7
:10026000020C43FA05F3C01851EBE37101F00045AD
:1002700007D54FF0000EDCF1000C7EEB00006EEBBA
:100280000101B1F5801F1BD3B1F5001F0CD3490844
:100290005FEA30004FEA3C0C04F101044FEA44529B
:1002A00012F5800F80F09A80BCF1004F08BF5FEA22
:1002B000500C50F1000041EB045141EA050130BD02
:1002C0005FEA4C0C404141EB0101013C28BFB1F514
:1002D000801FE9D291F0000F04BF01460020B1FA5F
:1002E00081F308BF2033A3F10B03B3F120020CDA32
:1002F0000C3208DD02F1140CC2F10C0201FA0CF010
:1003000021FA02F10CE002F11402D8BFC2F1200C74
:1003100001FA02F120FA0CFCDCBF41EA0C0190402A
:10032000E41AA2BF01EB0451294330BD6FEA040473
:100330001F3C1CDA0C340EDC04F11404C4F120025E
:1003400020FA04F001FA02F340EA030021FA04F370
:1003500045EA030130BDC4F10C04C4F1200220FAC7
:1003600002F001FA04F340EA0300294630BD21FA05
:1003700004F0294630BD94F0000F83F4801306BFCB
:1003800081F480110134013D4EE77FEA645C18BFBF
:100390007FEA655C29D094EA050F08BF90EA020F56
:1003A00005D054EA000C04BF1946104630BD91EA4E
:1003B000030F1EBF0021002030BD5FEA545C05D151
:1003C0004000494128BF41F0004130BD14F5800490
:1003D0003CBF01F5801130BD01F0004545F0FE4104
:1003E00041F470014FF0000030BD7FEA645C1ABF39
:1003F000194610467FEA655C1CBF0B46024650EA70
:10040000013406BF52EA033591EA030F41F400219B
:1004100030BD00BF90F0000F04BF0021704730B521
:100420004FF4806404F132044FF000054FF00001F6
:1004300050E700BF90F0000F04BF0021704730B5B7
:100440004FF4806404F1320410F0004548BF40428C
:100450004FF000013EE700BF42004FEAE2014FEAE1
:1004600031014FEA02701FBF12F07F4393F07F4FBC
:1004700081F06051704732F07F4208BF704793F0BF
:100480007F4F04BF41F40021704730B54FF46074D2
:1004900001F0004521F000411CE700BF50EA0102D5
:1004A00008BF704730B54FF000050AE050EA01027E
:1004B00008BF704730B511F0004502D5404261EBEE
:1004C00041014FF4806404F132045FEA915C3FF42F
:1004D000D8AE4FF003025FEADC0C18BF03325FEACC
:1004E000DC0C18BF033202EBDC02C2F1200300FA7D
:1004F00003FC20FA02F001FA03FE40EA0E0021FAA2
:1005000002F11444BDE600BF70B54FF0FF0C4CF48F
:10051000E06C1CEA11541DBF1CEA135594EA0C0F41
:1005200095EA0C0F00F0DEF82C4481EA030621EA7C
:100530004C5123EA4C5350EA013518BF52EA0335B7
:1005400041F4801143F4801338D0A0FB02CE4FF069
:100550000005E1FB02E506F00042E0FB03E54FF099
:100560000006E1FB03569CF0000F18BF4EF0010E91
:10057000A4F1FF04B6F5007F64F5407404D25FEA8D
:100580004E0E6D4146EB060642EAC62141EA555140
:100590004FEAC52040EA5E504FEACE2EB4F1FD0C82
:1005A00088BFBCF5E06F1ED8BEF1004F08BF5FEA00
:1005B000500E50F1000041EB045170BD06F00046B2
:1005C00046EA010140EA020081EA0301B4EB5C045F
:1005D000C2BFD4EB0C0541EA045170BD41F4801157
:1005E0004FF0000E013C00F3AB8014F1360FDEBF7C
:1005F000002001F0004170BDC4F10004203C35DA58
:100600000C341BDC04F11404C4F1200500FA05F3DA
:1006100020FA04F001FA05F240EA020001F000427B
:1006200021F0004110EBD37021FA04F642EB0601F1
:100630005EEA430E08BF20EAD37070BDC4F10C041B
:10064000C4F1200500FA04F320FA05F001FA04F2DF
:1006500040EA020001F0004110EBD37041F10001CB
:100660005EEA430E08BF20EAD37070BDC4F12005D6
:1006700000FA05F24EEA020E20FA04F301FA05F23E
:1006800043EA020321FA04F001F0004121FA04F2E6
:1006900020EA020000EBD3705EEA430E08BF20EAB6
:1006A000D37070BD94F0000F0FD101F000464000F0
:1006B00041EB010111F4801F08BF013CF7D041EA72
:1006C000060195F0000F18BF704703F00046520076
:1006D00043EB030313F4801F08BF013DF7D043EA47
:1006E0000603704794EA0C0F0CEA135518BF95EAFD
:1006F0000C0F0CD050EA410618BF52EA4306D1D184
:1007000081EA030101F000414FF0000070BD50EAA2
:10071000410606BF1046194652EA430619D094EA2C
:100720000C0F02D150EA013613D195EA0C0F05D116
:1007300052EA03361CBF104619460AD181EA03016A
:1007400001F0004141F0FE4141F470014FF0000022
:1007500070BD41F0FE4141F4780170BD70B54FF0BD
:10076000FF0C4CF4E06C1CEA11541DBF1CEA13553D
:1007700094EA0C0F95EA0C0F00F0A7F8A4EB05041F
:1007800081EA030E52EA03354FEA013100F0888016
:100790004FEA03334FF0805545EA131343EA1263DF
:1007A0004FEA022245EA111545EA10654FEA002694
:1007B0000EF000419D4208BF964244F1FD0404F54D
:1007C000407402D25B084FEA3202B61A65EB0305A9
:1007D0005B084FEA32024FF480104FF4002CB6EB66
:1007E000020E75EB030E22BFB61A754640EA0C00E6
:1007F0005B084FEA3202B6EB020E75EB030E22BF26
:10080000B61A754640EA5C005B084FEA3202B6EB66
:10081000020E75EB030E22BFB61A754640EA9C0025
:100820005B084FEA3202B6EB020E75EB030E22BFF5
:10083000B61A754640EADC0055EA060E18D04FEAB3
:10084000051545EA16754FEA06164FEAC30343EA53
:1008500052734FEAC2025FEA1C1CC0D111F4801F20
:100860000BD141EA00014FF000004FF0004CB6E719
:1008700011F4801F04BF01430020B4F1FD0C88BFB8
:10088000BCF5E06F3FF6AFAEB5EB030C04BFB6EBC3
:10089000020C5FEA500C50F1000041EB045170BDB6
:1008A0000EF0004E4EEA113114EB5C04C2BFD4EBE3
:1008B0000C0541EA045170BD41F480114FF0000E67
:1008C000013C90E645EA060E8DE60CEA135594EAE3
:1008D0000C0F08BF95EA0C0F3FF43BAF94EA0C0FE6
:1008E0000AD150EA01347FF434AF95EA0C0F7FF45B
:1008F00025AF104619462CE795EA0C0F06D152EAAF
:1009000003353FF4FDAE1046194622E750EA410692
:1009100018BF52EA43067FF4C5AE50EA41047FF4A3
:100920000DAF52EA43057FF4EBAE12E74FF0FF3C08
:1009300006E000BF4FF0010C02E000BF4FF0010CD9
:100940004DF804CD4FEA410C7FEA6C5C4FEA430C52
:1009500018BF7FEA6C5C1BD001B050EA410C0CBFA1
:1009600052EA430C91EA030F02BF90EA020F002003
:10097000704710F1000F91EA030F58BF994208BF6A
:1009800090422CBFD8176FEAE37040F00100704727
:100990004FEA410C7FEA6C5C02D150EA013C07D17E
:1009A0004FEA430C7FEA6C5CD6D152EA033CD3D0C9
:1009B0005DF8040B704700BF8446104662468C46C3
:1009C0001946634600E000BF01B5FFF7B7FF0028F6
:1009D00048BF10F1000F01BD4DF808EDFFF7F4FF1F
:1009E0000CBF012000205DF808FB00BF4DF808EDAA
:1009F000FFF7EAFF34BF012000205DF808FB00BFCD
:100A00004DF808EDFFF7E0FF94BF012000205DF8EE
:100A100008FB00BF4DF808EDFFF7CEFF94BF0120A3
:100A200000205DF808FB00BF4DF808EDFFF7C4FF9C
:100A300034BF012000205DF808FB00BF4FEA410CE5
:100A40007FEA6C5C02D150EA013C0AD14FEA430CC8
:100A50007FEA6C5C02D152EA033C02D14FF0000005
:100A600070474FF0010070474FEA410212F5001243
:100A700015D211D56FF47873B3EB625212D94FEAE5
:100A8000C12343F0004343EA505311F0004F23FACF
:100A900002F018BF404270474FF00000704750EA24
:100AA000013005D111F0004008BF6FF000407047E1
:100AB0004FF00000704700BF53B94AB9002908BF82
:100AC00000281CBF4FF0FF314FF0FF3000F00CB892
:100AD000ADF1080C6DE904CE0CF050FBDDF804E03C
:100AE000DDE9022304B07047704700BF4A0011D20D
:100AF00012F5001211D20DD56FF47873B3EB625278
:100B00000ED44FEAC12343F0004343EA505323FA83
:100B100002F070474FF00000704750EA013002D1F8
:100B20004FF0FF3070474FF00000704700000000AA
:100B300001F0FF01102A2BDB10F0070F08D010F88E
:100B4000013B013A8B422DD010F0070F42B3F6D192
:100B5000F0B441EA012141EA014122F007047FF0AB
:100B600000070023F0E80256083C85EA010586EA02
:100B7000010685FA47F5A3FA87F586FA47F6A5FA3E
:100B800087F68EB9EED1F0BC01F0FF0102F007024A
:100B900032B110F8013B013A83EA010313B1F8D1F5
:100BA0000020704701387047002D06BF35460338D6
:100BB000073815F0010F07D1013015F4807F02BF0F
:100BC000013015F4C03F0130F0BC0138704700BF60
:100BD000034613F8012B002AFBD1181A013870477D
:100BE0000348044B834202D0034B03B118477047BC
:100BF0003C2500203C250020000000000548064B55
:100C00001B1AD90F01EBA301491002D0034B03B10A
:100C1000184770473C2500203C25002000000000BC
:100C200010B5064C237843B9FFF7DAFF044B13B134
:100C30000448AFF300800123237010BD402500203D
:100C400000000000B4FE000808B5054B1BB10549C3
:100C50000548AFF30080BDE80840FFF7CFBF00BFF5
:100C60000000000044250020B4FE000880B400AF5E
:100C7000054BD3F88830044A43F47003C2F8883037
:100C800000BFBD4680BC704700ED00E080B588B075
:100C900000AF78607B68002B01D1012328E17B68DD
:100CA00093F84130DBB2002B09D17B68002283F836
:100CB00040207B68904A5A63786804F051F87B685A
:100CC000022283F841207B681B68DB697A6812681E
:100CD00023F47B6323F00F03D3617B681B6802223C
:100CE0001A627B685B69022B60D07B68DB68002B33
:100CF00002D110237B6101E020237B617B689B682C
:100D0000202B02D87B695B007B61012001F0DCFBBA
:100D1000F8607B681B69B3F5007F25D17B68DB68D1
:100D2000002B10D07B699B00FA68B2FBF3F21346EC
:100D30009B0013445B001A467B685B69B2FBF3F3CC
:100D400005333B611FE07B69DB00FA68B2FBF3F21D
:100D500013469B0013445B001A467B685B69B2FB39
:100D6000F3F305333B610EE0FA687B69B2FBF3F203
:100D700013469B0013445B001A467B685B69B2FB19
:100D8000F3F305333B613B695C4AA2FB0323DB08B9
:100D90003B613B6903F00103BB613A69BB69D31A4C
:100DA0005B08FB61BB691B02BB6103E00223FB61C3
:100DB0000023BB61FB69012B02D9FB69FF2B07D91B
:100DC0007B685B6C43F010027B685A6401238FE000
:100DD0007B681A69BB6942EA03017B681B68FA6990
:100DE0000A431A627B681B68DB6923F47B6323F088
:100DF0000F037A6851687A68926811437A68D268FA
:100E000011437A6892690A431A437B681B6842F46B
:100E10000062DA617B681B6A012B61D17B68384A0A
:100E20005A637B681B68374A934201D1364B01E015
:100E30004FF04023DB697A68126832498A4201D157
:100E4000314A01E04FF0402223F47B6323F00F038B
:100E5000D3617B681B682B4A934201D12A4B01E086
:100E60004FF0402302221A627B681B68254A934296
:100E700001D1254B01E04FF04023DB697B817B688A
:100E80005B68B3F5007F03D07B685B68002B03D100
:100E90004FF480733B6101E000233B613B699AB2F0
:100EA0007B689B689BB213439AB27B68DB689BB2FA
:100EB00013439AB27B689B699BB213439AB27B89B6
:100EC00013439BB243F400637B817B681B680D4A2C
:100ED000934201D10C4B01E04FF040237A89DA6153
:100EE0007B6800225A647B68012283F8412000233A
:100EF00018462037BD4680BDA3130008CDCCCCCC0E
:100F000029150008003800400034004080B588B042
:100F100000AFF860B9603B601346FB80BB68002BF4
:100F200002D0FB88002B01D10123B0E0FB6893F8CD
:100F30004130DBB2012B01D00223A8E0FB6893F81B
:100F40004030DBB2012B01D10223A0E0FB6801227B
:100F500083F84020FB68042283F84120FB680022CC
:100F60005A64FB68BA68DA62FB681B68DB6903F0E5
:100F70000703FB61FB69032B02D0FB69052B0AD138
:100F8000FB885B009AB2FB681A86FB885B009AB20A
:100F9000FB685A8605E0FB68FA881A86FB68FA88BF
:100FA0005A86FB681B68DB6903F48063B3F5806FC6
:100FB00007D0FB681B68DA69FB681B6842F4806233
:100FC000DA61FB681B68DB6903F44073B3F5407FAB
:100FD0004FD10023BB61FB681B68DB68BB61FB680A
:100FE0001B689B68BB61BB6943E03B680122012130
:100FF000F86800F060FA0346002B0FD0FB685B6CCA
:1010000043F00102FB685A64FB68012283F8412027
:10101000FB68002283F84020012338E0FB681B684E
:10102000DA68FB68DB6A92B21A80FB68DB6A9A1C9A
:10103000FB68DA62FB685B8E9BB2013B9AB2FB688D
:101040005A86FB681B689B6803F04003402B10D155
:1010500000237B61FB681B68DB687B61FB681B68A6
:101060009B687B617B69FB685B6C43F00202FB68F9
:101070005A64FB685B8E9BB2002BB6D1FB680122E1
:1010800083F84120FB68002283F8402000231846A3
:101090002037BD4680BD000080B586B000AFF86047
:1010A000B9601346FB80BB68002B02D0FB88002B85
:1010B00001D101239DE0FB6893F84130DBB2012BA5
:1010C00001D0022395E0FB6893F84030DBB2012B9E
:1010D00001D102238DE0FB68012283F84020FB68E8
:1010E000042283F84120FB6800225A64FB68BA6836
:1010F000DA62FB681B68DB6903F007037B617B69CD
:10110000032B02D07B69052B0AD1FB885B009AB2C6
:10111000FB681A86FB885B009AB2FB685A8605E07A
:10112000FB68FA881A86FB68FA885A86FB68DB6BCC
:10113000324A1A64FB68DB6B314ADA63FB68DB6BAB
:10114000304ADA64FB681B68DB6903F44073B3F56B
:10115000407F0AD100233B61FB681B68DB683B6171
:10116000FB681B689B683B613B69FB68D86BFB684D
:101170001B680C331946FB68DB6A1A46FB681B8E3A
:101180009BB201F05FFC0346002B0FD0FB685B6C49
:1011900043F00802FB685A64FB68012283F841208F
:1011A000FB68002283F84020012322E0FB68002234
:1011B00083F84020FB681B685B6803F00103002B89
:1011C00007D1FB681B685A68FB681B6842F0010284
:1011D0005A60FB681B68DB6903F48063002B07D14E
:1011E000FB681B68DA69FB681B6842F48062DA619D
:1011F000002318461837BD4680BD00BF8112000885
:101200003F1200089D12000880B483B000AF7860E0
:1012100000BF0C37BD4680BC704780B483B000AFC0
:10122000786000BF0C37BD4680BC704780B483B087
:1012300000AF786000BF0C37BD4680BC704780B5FA
:1012400084B000AF78607B689B6BFB607B68DB6978
:10125000002B0ED1FB681B685A68FB681B6822F0E4
:1012600001025A60FB6800225A86FB68012283F85B
:101270004120F86803F0D4F800BF1037BD4680BDA8
:1012800080B584B000AF78607B689B6BFB60F868CA
:10129000FFF7C3FF00BF1037BD4680BD80B584B0E7
:1012A00000AF78607B689B6BFB60FB681B685A68CB
:1012B000FB681B6822F003025A60FB6800225A8513
:1012C000FB6800225A86FB68012283F84120FB68F4
:1012D0005B6C43F00802FB685A64F868FFF7A6FFEE
:1012E00000BF1037BD4680BD80B582B000AF7860CA
:1012F0007B685B6A1A887B681B68DA607B685B6A5C
:101300009A1C7B685A627B685B8D9BB2013B9AB2E8
:101310007B685A857B685B8D9BB2002B0ED17B6806
:101320001B685A687B681B6822F0A0025A607B68C1
:10133000012283F841207868FFF766FF00BF083775
:10134000BD4680BD80B582B000AF78607B681B6809
:10135000DA687B68DB6A92B21A807B68DB6A9A1C67
:101360007B68DA627B685B8E9BB2013B9AB27B68DA
:101370005A867B685B8E9BB2002B0ED17B681B6804
:101380005A687B681B6822F060025A607B68012201
:1013900083F84120786803F043F800BF0837BD4662
:1013A00080BD80B586B000AF78607B681B689B68A5
:1013B0007B617B6893F84130DBB2042B3AD17B69C7
:1013C00003F00103012B09D17B681B685B6803F004
:1013D0004003402B02D17868FFF7B4FF7B6903F02C
:1013E0004003402B26D17B681B685B6803F0200319
:1013F000202B1FD17B681B685A687B681B6822F012
:1014000060025A6000233B617B681B68DB683B61BC
:101410007B681B689B683B613B697B68012283F8A2
:1014200041207B685B6C43F002027B685A647868F9
:10143000FFF7FCFE7B6893F84130DBB2032B36D11B
:101440007B6903F00203022B09D17B681B685B6890
:1014500003F08003802B02D17868FFF745FF7B699A
:1014600003F00803082B22D17B681B685B6803F03C
:101470002003202B1BD17B681B685A687B681B6884
:1014800022F0A0025A600023FB607B681B689B6807
:10149000FB60FB687B68012283F841207B685B6C02
:1014A00043F004027B685A647868FFF7BFFE00BF10
:1014B0001837BD4680BD80B586B000AFF860B96012
:1014C0003B601346FB7101F091FF786118E03B68C7
:1014D000B3F1FF3F14D001F089FF02467B69D31AB4
:1014E0003A689A4202D93B68002B09D1FB68012275
:1014F00083F84120FB68002283F8402003230FE09B
:10150000FB681B689A68BB681340BA689A420CBFB4
:1015100001230023DBB21A46FB799A42D7D100237C
:1015200018461837BD4680BD80B588B000AF7860DA
:101530007B681B689B68FB617B681B68924A9342CF
:1015400001D1924B01E04FF040239B68BB617B6867
:101550001B685B687B617B681B688B4A934201D187
:101560008A4B01E04FF040235B683B617B685B681E
:10157000B3F5007F04D07B685B68002B40F0998056
:10158000FB6903F00203022B07D17B6903F08003A0
:10159000002B02D0786800F024F9BB6903F0010346
:1015A000012B07D13B6903F04003002B02D0786880
:1015B00000F0C6F9BB6903F04003402B3AD13B6908
:1015C00003F02003002B35D07B681B686E4A9342E2
:1015D00001D16E4B01E04FF040235A687B681B68D5
:1015E00069498B4201D1694B01E04FF0402322F061
:1015F00060025A607B681B685A687B681B6822F02F
:10160000A0025A600023FB607B681B68DB68FB60FC
:101610007B681B689B68FB60FB687B68012283F822
:1016200041207B685B6C43F002027B685A647868F7
:10163000FFF7FCFDFB6903F00803082B40F0C380B3
:101640007B6903F02003002B00F0BD807B681B68E2
:101650005A687B681B6822F0A0025A607B681B688E
:10166000494A934201D1494B01E04FF040235A6867
:101670007B681B6844498B4201D1444B01E04FF029
:10168000402322F060025A600023BB607B681B6825
:101690009B68BB60BB687B68012283F841207B6844
:1016A0005B6C43F004027B685A647868FFF7BEFD08
:1016B00089E0BB6903F00203022B07D13B6903F009
:1016C0008003002B02D0786800F0BCF8FB6903F0BF
:1016D0000103012B07D17B6903F04003002B02D0EB
:1016E000786800F0FBF8FB6903F04003402B2FD132
:1016F0007B6903F02003002B2AD07B681B685A68A3
:101700007B681B6822F060025A607B681B681E4A77
:10171000934201D11D4B01E04FF040235A687B6892
:101720001B6819498B4201D1184B01E04FF040234F
:1017300022F0A0025A607B68012283F841207B6876
:101740005B6C43F002027B685A647868FFF76EFDB9
:10175000BB6903F00803082B36D13B6903F0200373
:10176000002B31D07B681B68074A934201D1074B9D
:1017700001E04FF040235A687B681B6802498B42A6
:1017800006D1024B06E000BF0038004000340040A4
:101790004FF0402322F0A0025A607B681B685A6811
:1017A0007B681B6822F060025A607B68012283F824
:1017B00041207B685B6C43F004027B685A64786864
:1017C000FFF734FD00E000BF00BF2037BD4680BDFD
:1017D00080B483B000AF786000BF0C37BD4680BCDA
:1017E000704780B582B000AF78607B685B6A991CF7
:1017F0007A6851621A887B681B68DA607B685B8D47
:101800009BB2013B9AB27B685A857B685B8D9BB229
:10181000002B13D17B681B685A687B681B6822F019
:10182000A0025A607B685B8E9BB2002B06D17B685E
:10183000012283F841207868FFF7CAFF00BF08370C
:10184000BD4680BD80B582B000AF78607B685B6AC2
:10185000991C7A68516219887B681B681D4A9342FB
:1018600001D11D4B01E04FF040230A46DA607B684E
:101870005B8D9BB2013B9AB27B685A857B685B8D1E
:101880009BB2002B21D17B681B68124A934201D185
:10189000114B01E04FF040235A687B681B680D49EB
:1018A0008B4201D10C4B01E04FF0402322F0A0020B
:1018B0005A607B685B8E9BB2002B06D17B6801224D
:1018C00083F841207868FFF783FF00BF0837BD46E3
:1018D00080BD00BF003800400034004080B582B0B9
:1018E00000AF78607B681B68D8687B68DB6A991CEE
:1018F0007A68D16282B21A807B685B8E9BB2013BB0
:101900009AB27B685A867B685B8E9BB2002B13D1A0
:101910007B681B685A687B681B6822F060025A600B
:101920007B685B8D9BB2002B06D17B68012283F81C
:1019300041207868FFF74CFF00BF0837BD4680BDE7
:1019400080B582B000AF78607B681B68204A934204
:1019500001D1204B01E04FF04023D8687B68DB6A5F
:10196000991C7A68D16282B21A807B685B8E9BB2C6
:10197000013B9AB27B685A867B685B8E9BB2002BD8
:1019800021D17B681B68124A934201D1114B01E0BF
:101990004FF040235A687B681B680D498B4201D188
:1019A0000C4B01E04FF0402322F060025A607B684C
:1019B0005B8D9BB2002B06D17B68012283F841200E
:1019C0007868FFF705FF00BF0837BD4680BD00BF40
:1019D000003800400034004080B586B000AF786029
:1019E0007B68002B01D1012367E27B681B6803F051
:1019F0000103002B75D0884B9B6803F00C03042B6C
:101A00000CD0854B9B6803F00C03082B12D1824B42
:101A10005B6803F48003B3F5800F0BD17E4B1B682A
:101A200003F40033002B5BD07B685B68002B57D13D
:101A3000012342E27B685B68B3F5803F06D1764BB9
:101A40001B68754A43F4803313601DE07B685B6854
:101A5000B3F5A02F0CD1704B1B686F4A43F4802361
:101A600013606D4B1B686C4A43F4803313600BE0CA
:101A7000694B1B68684A23F480331360664B1B680C
:101A8000654A23F4802313607B685B68002B13D0C6
:101A900001F0ACFC386108E001F0A8FC02463B69AB
:101AA000D31A642B01D9032307E25B4B1B6803F4B1
:101AB0000033002BF0D014E001F098FC386108E00E
:101AC00001F094FC02463B69D31A642B01D903232D
:101AD000F3E1514B1B6803F40033002BF0D100E01D
:101AE00000BF7B681B6803F00203002B63D04A4BE6
:101AF0009B6803F00C03002B0BD0474B9B6803F053
:101B00000C03082B1CD1444B5B6803F48003002BAF
:101B100016D1414B1B6803F00203002B05D07B68F4
:101B2000DB68012B01D00123C7E13B4B1B6823F08D
:101B3000F8027B681B69DB00374913430B603AE00E
:101B40007B68DB68002B20D0344B01221A6001F047
:101B50004DFC386108E001F049FC02463B69D31AAC
:101B6000022B01D90323A8E12B4B1B6803F00203CE
:101B7000002BF0D0284B1B6823F0F8027B681B6910
:101B8000DB00254913430B6015E0244B00221A604B
:101B900001F02CFC386108E001F028FC02463B69AA
:101BA000D31A022B01D9032387E11B4B1B6803F0D7
:101BB0000203002BF0D17B681B6803F00803002BA5
:101BC00036D07B685B69002B16D0154B01221A605A
:101BD00001F00CFC386108E001F008FC02463B69AA
:101BE000D31A022B01D9032367E10B4B5B6F03F080
:101BF0000203002BF0D01BE0094B00221A6001F019
:101C0000F5FB38610EE001F0F1FB02463B69D31AA7
:101C1000022B07D9032350E100380240000047425D
:101C2000800E4742884B5B6F03F00203002BEAD122
:101C30007B681B6803F00403002B00F097800023EF
:101C4000FB75814B1B6C03F08053002B0FD10023DD
:101C5000BB607D4B1B6C7C4A43F0805313647A4B12
:101C60001B6C03F08053BB60BB680123FB75774B93
:101C70001B6803F48073002B18D1744B1B68734AE4
:101C800043F48073136001F0B1FB386108E001F0A8
:101C9000ADFB02463B69D31A022B01D903230CE1A9
:101CA0006A4B1B6803F48073002BF0D07B689B6841
:101CB000012B06D1644B1B6F634A43F0010313678A
:101CC0001CE07B689B68052B0CD15F4B1B6F5E4A49
:101CD00043F0040313675C4B1B6F5B4A43F0010343
:101CE00013670BE0584B1B6F574A23F00103136730
:101CF000554B1B6F544A23F0040313677B689B68A2
:101D0000002B15D001F072FB38610AE001F06EFB88
:101D100002463B69D31A41F28832934201D9032328
:101D2000CBE0494B1B6F03F00203002BEED014E015
:101D300001F05CFB38610AE001F058FB02463B69A8
:101D4000D31A41F28832934201D90323B5E03E4BC6
:101D50001B6F03F00203002BEED1FB7D012B05D19D
:101D6000394B1B6C384A23F0805313647B689B69A2
:101D7000002B00F0A180344B9B6803F00C03082B70
:101D80005CD07B689B69022B41D1314B00221A60E9
:101D900001F02CFB386108E001F028FB02463B69AA
:101DA000D31A022B01D9032387E0274B1B6803F0CA
:101DB0000073002BF0D17B68DA697B681B6A1A43D9
:101DC0007B685B6A9B011A437B689B6A5B08013BEB
:101DD0001B041A437B68DB6A1B061B4913434B60D9
:101DE0001B4B01221A6001F001FB386108E001F091
:101DF000FDFA02463B69D31A022B01D903235CE0AA
:101E0000114B1B6803F00073002BF0D054E0104B13
:101E100000221A6001F0EAFA386108E001F0E6FAFF
:101E200002463B69D31A022B01D9032345E0064B36
:101E30001B6803F00073002BF0D13DE07B689B69C9
:101E4000012B07D1012338E0003802400070004028
:101E5000600047421B4B5B68FB607B689B69012B02
:101E600028D0FB6803F480027B68DB699A4221D1A9
:101E7000FB6803F03F027B681B6A9A421AD1FA683A
:101E800047F6C07313407A68526A9201934211D1A7
:101E9000FB6803F440327B689B6A5B08013B1B04D0
:101EA0009A4207D1FB6803F070627B68DB6A1B060D
:101EB0009A4201D0012300E0002318461837BD469E
:101EC00080BD00BF0038024080B584B000AF7860AC
:101ED00039607B68002B01D10123CCE0684B1B6883
:101EE00003F007033A689A420CD9654B3A68D2B2BC
:101EF0001A70634B1B6803F007033A689A4201D0DB
:101F00000123B8E07B681B6803F00203002B20D09C
:101F10007B681B6803F00403002B05D0594B9B68BA
:101F2000584A43F4E05393607B681B6803F008034E
:101F3000002B05D0534B9B68524A43F46043936097
:101F4000504B9B6823F0F0027B689B684D4913431C
:101F50008B607B681B6803F00103002B44D07B6817
:101F60005B68012B07D1474B1B6803F40033002B40
:101F700019D101237FE07B685B68022B03D07B686B
:101F80005B68032B07D13F4B1B6803F00073002BEA
:101F900009D101236FE03B4B1B6803F00203002BC8
:101FA00001D1012367E0374B9B6823F003027B6874
:101FB0005B68344913438B6001F018FAF8600AE05B
:101FC00001F014FA0246FB68D31A41F288329342B8
:101FD00001D903234FE02B4B9B6803F00C027B6875
:101FE0005B689B009A42EBD1254B1B6803F007030B
:101FF0003A689A420CD2224B3A68D2B21A70204BFD
:102000001B6803F007033A689A4201D0012332E0CB
:102010007B681B6803F00403002B08D0194B9B68F6
:1020200023F4E0527B68DB68164913438B607B68BE
:102030001B6803F00803002B09D0124B9B6823F4A4
:1020400060427B681B69DB000E4913438B6000F024
:1020500021F802460B4B9B681B0903F00F030A494A
:10206000CB5C22FA03F3094A1360094B1B6818463C
:1020700001F07AF9002318461037BD4680BD00BF35
:10208000003C024000380240E0FE00080000002052
:10209000040000202DE9B04F94B000AF00237B6412
:1020A0000023FB6400233B640023BB64794B9B68E3
:1020B00003F00C03082B0DD0082B00F2E180002B5D
:1020C00002D0042B03D0DBE0734BBB64DBE0734B2B
:1020D000BB64D8E06F4B5B6803F03F037B646D4BE0
:1020E0005B6803F48003002B63D06A4B5B689B0939
:1020F0000022BB63FA63BB6BC3F308033B6300239B
:102100007B63D7E90C4522462B464FF000004FF089
:102110000001590141EAD261500102460B462146B5
:10212000511A3961294663EB01037B614FF00002CC
:102130004FF00003D7E904AB59468B01514643EAFF
:10214000916351468A015146B2EB0108594663EB4F
:1021500001094FF000024FF000034FEAC90343EAC0
:1021600058734FEAC80290469946234618EB03037A
:10217000BB602B4649EB0303FB604FF000024FF0BE
:102180000003D7E9024529464B02214643EAD153D1
:1021900021464A02104619467B6C0022BB62FA6255
:1021A000D7E90A23FEF788FC02460B461346FB6478
:1021B00058E0384B5B689B09002218461146C0F373
:1021C00008033B6200237B62D7E9088942464B46FD
:1021D0004FF000004FF00001590141EAD261500177
:1021E00002460B464146B2EB010A494663EB010B3E
:1021F0004FF000024FF000034FEA8B1343EA9A635B
:102200004FEA8A12B2EB0A0463EB0B054FF00002AF
:102210004FF00003EB0043EA5473E20014461D46FE
:102220004346E3183B604B4645EB03037B604FF0AE
:1022300000024FF00003D7E9004529468B022146F2
:1022400043EA915321468A02104619467B6C0022CC
:10225000BB61FA61D7E90623FEF72EFC02460B4666
:102260001346FB640B4B5B681B0C03F00303013349
:102270005B003B64FA6C3B6CB2FBF3F3BB6402E0C3
:10228000054BBB6400BFBB6C18465037BD46BDE86C
:10229000B08F00BF003802400024F40000127A0022
:1022A00080B400AF024B1B681846BD4680BC704727
:1022B0000000002080B500AFFFF7F2FF0246054B9B
:1022C0009B689B0A03F007030349CB5C22FA03F3E4
:1022D000184680BD00380240F0FE000880B500AF0F
:1022E000FFF7DEFF0246054B9B685B0B03F007031D
:1022F0000349CB5C22FA03F3184680BD0038024044
:10230000F0FE000880B586B000AF786000237B61E6
:1023100000233B617B681B6803F00103002B05D1A0
:102320007B681B6803F00403002B35D0624B00224E
:102330001A6001F05BF8786108E001F057F8024696
:102340007B69D31A022B01D90323B0E05B4B1B68D6
:1023500003F00063002BF0D17B685B689A017B6817
:102360009B681B0755491343C1F88430524B012227
:102370001A6001F03BF8786108E001F037F8024696
:102380007B69D31A022B01D9032390E04B4B1B68C6
:1023900003F00063002BF0D07B681B6803F002039E
:1023A000002B00F083800023FB60444B1B6C434AEE
:1023B00043F080531364414B1B6C03F08053FB606C
:1023C000FB683F4B1B683E4A43F48073136001F087
:1023D0000DF8786108E001F009F802467B69D31A2C
:1023E000022B01D9032362E0354B1B6803F4807391
:1023F000002BF0D0314B1B6F03F440733B613B6902
:10240000002B2FD07B68DB6803F440733A699A4253
:1024100028D02A4B1B6F23F440733B61294B0122C8
:102420001A60284B00221A60244A3B691367234B29
:102430001B6F03F00103012B14D100F0D7FF78616B
:102440000AE000F0D3FF02467B69D31A41F28832DA
:10245000934201D903232AE0184B1B6F03F00203B8
:10246000002BEED07B68DB6803F44073B3F5407F4C
:102470000DD1124B9B6823F4F8127B68DB6823F0C4
:10248000704323F440730D4913438B6005E00B4BFD
:102490009B680A4A23F4F8139360084B1A6F7B6811
:1024A000DB68C3F30B03054913430B67002318468E
:1024B0001837BD4680BD00BF680047420038024063
:1024C00000700040400E474280B487B000AF786093
:1024D00000237B6100233B610023FB600023BB6082
:1024E0007B68012B3FD1234B9B6803F40003FB6007
:1024F000FB68002B06D0FB68B3F5000F2FD11E4BF5
:102500007B612FE01B4B5B6803F48003B3F5800F06
:1025100008D1184B5B6803F03F03184AB2FBF3F392
:102520003B6107E0134B5B6803F03F03144AB2FBC7
:10253000F3F33B610F4BD3F884309B09C3F30802DC
:102540003B6902FB03F3BB600A4BD3F884301B0FDB
:1025500003F00703BA68B2FBF3F37B6102E00023E8
:102560007B6100BF00E000BF7B6918461C37BD4699
:1025700080BC7047003802400080BB0000127A0027
:102580000024F40080B489B000AF78603960002383
:102590007B6100233B610023BB610023FB616BE196
:1025A0000122FB6902FA03F37B613B681B687A69CD
:1025B00013403B613A697B699A4240F05A813B681B
:1025C0005B6803F00303012B05D03B685B6803F0F5
:1025D0000303022B30D17B689B68BB61FB695B0006
:1025E000032202FA03F3DB43BA691340BB613B6881
:1025F000DA68FB695B0002FA03F3BA691343BB6153
:102600007B68BA699A607B685B68BB610122FB6981
:1026100002FA03F3DB43BA691340BB613B685B68B2
:102620001B0903F00102FB6902FA03F3BA691343C1
:10263000BB617B68BA695A603B685B6803F003035F
:10264000032B17D07B68DB68BB61FB695B0003224F
:1026500002FA03F3DB43BA691340BB613B689A6833
:10266000FB695B0002FA03F3BA691343BB617B6841
:10267000BA69DA603B685B6803F00303022B23D17D
:10268000FB69DA087B68083253F82230BB61FB69CA
:1026900003F007039B000F2202FA03F3DB43BA693E
:1026A0001340BB613B681A69FB6903F007039B0099
:1026B00002FA03F3BA691343BB61FB69DA087B686A
:1026C0000832B96943F822107B681B68BB61FB695B
:1026D0005B00032202FA03F3DB43BA691340BB61D8
:1026E0003B685B6803F00302FB695B0002FA03F3DB
:1026F000BA691343BB617B68BA691A603B685B685F
:1027000003F44033002B00F0B4800023FB605F4BE8
:102710005B6C5E4A43F4804353645C4B5B6C03F434
:102720008043FB60FB685A4AFB699B08023352F8FE
:102730002330BB61FB6903F003039B000F2202FA05
:1027400003F3DB43BA691340BB617B68514A934290
:102750002BD07B68504A934225D07B684F4A9342E6
:102760001FD07B684E4A934219D07B684D4A9342F2
:1027700013D07B684C4A93420DD07B684B4A9342FE
:1027800007D07B684A4A934201D107230EE0082311
:102790000CE006230AE0052308E0042306E00323F7
:1027A00004E0022302E0012300E00023FA6902F0C2
:1027B000030292009340BA691343BB613449FB6939
:1027C0009B080233BA6941F823203A4B9B68BB61EE
:1027D0003B69DB43BA691340BB613B685B6803F448
:1027E0008013002B03D0BA693B691343BB61314AA4
:1027F000BB6993602F4BDB68BB613B69DB43BA6904
:102800001340BB613B685B6803F40013002B03D0EB
:10281000BA693B691343BB61264ABB69D360254B48
:102820005B68BB613B69DB43BA691340BB613B68D2
:102830005B6803F40033002B03D0BA693B69134390
:10284000BB611C4ABB6953601A4B1B68BB613B6987
:10285000DB43BA691340BB613B685B6803F48033B8
:10286000002B03D0BA693B691343BB61114ABB69B2
:102870001360FB690133FB61FB690F2B7FF690AEA0
:1028800000BF00BF2437BD4680BC704700380240FF
:1028900000380140000002400004024000080240ED
:1028A000000C0240001002400014024000180240D8
:1028B000001C0240003C014080B483B000AF78604F
:1028C0000B467B8013467B707B78002B03D07A8885
:1028D0007B689A6103E07B881A047B689A6100BF79
:1028E0000C37BD4680BC704780B586B000AF7860BD
:1028F00000237B6100F07AFD38617B68002B01D1F9
:10290000012399E07B68022283F835207B6800224E
:1029100083F834207B681B681A687B681B6822F088
:1029200001021A600FE000F061FD02463B69D31A14
:10293000052B08D97B6820225A657B68032283F81F
:102940003520032378E07B681B681B6803F00103D4
:10295000002BE8D17B681B681B687B617A69384B68
:1029600013407B617B685A687B689B681A437B686D
:10297000DB681A437B681B691A437B685B691A43EF
:102980007B689B691A437B68DB691A437B681B6A17
:1029900013437A6913437B617B685B6A042B07D11D
:1029A0007B68DA6A7B681B6B13437A6913437B612C
:1029B0007B681B687A691A607B681B685B697B614E
:1029C0007B6923F007037B617B685B6A7A69134349
:1029D0007B617B685B6A042B17D17B689B6A7A6991
:1029E00013437B617B68DB6A002B0ED0786800F0B4
:1029F000FFFA0346002B08D07B6840225A657B68AB
:102A0000012283F83520012316E07B681B687A6970
:102A10005A61786800F0B8FA0346FB607B68DB6DAA
:102A20003F229A40FB689A607B6800225A657B6867
:102A3000012283F83520002318461837BD4680BD93
:102A40003F8010F080B586B000AFF860B9607A6062
:102A50003B600023FB75FB689B6D3B61FB6893F853
:102A60003430012B01D1022340E0FB68012283F8BE
:102A70003420FB6893F83530DBB2012B2FD1FB6893
:102A8000022283F83520FB6800225A653B687A6889
:102A9000B968F86800F04AFAFB68DB6D3F229A409B
:102AA0003B699A60FB681B681A68FB681B6842F008
:102AB00016021A60FB681B6C002B07D0FB681B68B2
:102AC0001A68FB681B6842F008021A60FB681B6802
:102AD0001A68FB681B6842F001021A6005E0FB6897
:102AE000002283F834200223FB75FB7D184618373B
:102AF000BD4680BD80B584B000AF78607B689B6DBB
:102B0000FB6000F073FCB8607B6893F83530DBB293
:102B1000022B08D07B6880225A657B68002283F8EC
:102B20003420012352E07B681B681A687B681B68AD
:102B300022F016021A607B681B685A697B681B6862
:102B400022F080025A617B681B6C002B03D17B68EA
:102B50009B6C002B07D07B681B681A687B681B681E
:102B600022F008021A607B681B681A687B681B6881
:102B700022F001021A6013E000F038FC0246BB6844
:102B8000D31A052B0CD97B6820225A657B68032257
:102B900083F835207B68002283F83420032315E076
:102BA0007B681B681B6803F00103002BE4D17B6882
:102BB000DB6D3F229A40FB689A607B68012283F8B4
:102BC00035207B68002283F8342000231846103714
:102BD000BD4680BD80B483B000AF78607B6893F859
:102BE0003530DBB2022B04D07B6880225A6501238A
:102BF0000CE07B68052283F835207B681B681A6827
:102C00007B681B6822F001021A60002318460C370B
:102C1000BD4680BC7047000080B586B000AF7860CC
:102C20000023BB608E4B1B688E4AA2FB03239B0ACA
:102C30007B617B689B6D3B613B691B68FB607B68CC
:102C4000DB6D08229A40FB681340002B1AD07B688A
:102C50001B681B6803F00403002B13D07B681B6800
:102C60001A687B681B6822F004021A607B68DB6DBF
:102C700008229A403B699A607B685B6D43F00102D1
:102C80007B685A657B68DB6D01229A40FB681340C4
:102C9000002B12D07B681B685B6903F08003002B5C
:102CA0000BD07B68DB6D01229A403B699A607B68A0
:102CB0005B6D43F002027B685A657B68DB6D042222
:102CC0009A40FB681340002B12D07B681B681B687E
:102CD00003F00203002B0BD07B68DB6D04229A40CB
:102CE0003B699A607B685B6D43F004027B685A65C0
:102CF0007B68DB6D10229A40FB681340002B43D0A9
:102D00007B681B681B6803F00803002B3CD07B68C2
:102D1000DB6D10229A403B699A607B681B681B68D8
:102D200003F48023002B18D07B681B681B6803F416
:102D30000023002B08D17B681B6C002B24D07B6800
:102D40001B6C786898471FE07B689B6C002B1BD03E
:102D50007B689B6C7868984716E07B681B681B68EB
:102D600003F48073002B07D17B681B681A687B68AB
:102D70001B6822F008021A607B681B6C002B03D0D2
:102D80007B681B6C786898477B68DB6D20229A40D3
:102D9000FB681340002B00F08F807B681B681B686A
:102DA00003F01003002B00F087807B68DB6D20228E
:102DB0009A403B699A607B6893F83530DBB2052B0B
:102DC00036D17B681B681A687B681B6822F0160284
:102DD0001A607B681B685A697B681B6822F0800256
:102DE0005A617B681B6C002B03D17B689B6C002BAA
:102DF00007D07B681B681A687B681B6822F0080292
:102E00001A607B68DB6D3F229A403B699A607B6861
:102E1000012283F835207B68002283F834207B6808
:102E20001B6D002B7ED07B681B6D7868984779E01E
:102E30007B681B681B6803F48023002B1DD07B6814
:102E40001B681B6803F40023002B0DD17B685B6CAF
:102E5000002B31D07B685B6C786898472CE000BF12
:102E600000000020B5814E1B7B68DB6B002B23D05C
:102E70007B68DB6B786898471EE07B681B681B6883
:102E800003F48073002B0FD17B681B681A687B6882
:102E90001B6822F010021A607B68012283F835203B
:102EA0007B68002283F834207B68DB6B002B03D027
:102EB0007B68DB6B786898477B685B6D002B32D052
:102EC0007B685B6D03F00103002B22D07B68052239
:102ED00083F835207B681B681A687B681B6822F0C2
:102EE00001021A60BB680133BB607A699A4207D35A
:102EF0007B681B681B6803F00103002BF2D100E024
:102F000000BF7B68012283F835207B68002283F8AC
:102F100034207B68DB6C002B05D07B68DB6C786829
:102F2000984700E000BF1837BD4680BD80B485B02B
:102F300000AFF860B9607A603B60FB681B681A6894
:102F4000FB681B6822F480221A60FB681B683A68E1
:102F50005A60FB689B68402B08D1FB681B687A6845
:102F60009A60FB681B68BA68DA6007E0FB681B6858
:102F7000BA689A60FB681B687A68DA6000BF143729
:102F8000BD4680BC7047000080B485B000AF78605B
:102F90007B681B68DBB2103B134AA2FB03231B09AF
:102FA000FB60124AFB6813441B781A467B68DA659B
:102FB000FB68032B09D97B681B6823F47F7323F01C
:102FC00003031A1D7B689A6507E07B681B6823F47E
:102FD0007F7323F003037A6893657B689B6D1846C3
:102FE0001437BD4680BC7047ABAAAAAAF8FE0008F9
:102FF00080B485B000AF78600023FB737B689B6A68
:10300000BB607B689B69002B23D1BB68032B5FD01F
:10301000BB68032B5ED8BB68022B09D0BB68022BB0
:1030200058D8BB68002B03D0BB68012B09D051E0F6
:103030007B68DB6A03F08073002B4DD00123FB73A8
:103040004AE07B68DB6AB3F1C07F47D10123FB73A1
:1030500044E07B689B69B3F5005F26D1BB68032B16
:103060001BD0BB68032B3BD8BB68022B09D0BB68C5
:10307000022B35D8BB68002B03D0BB68012B03D0D3
:103080002EE00123FB7332E07B68DB6A03F0807380
:10309000002B27D00123FB7324E07B68DB6AB3F1AC
:1030A000C07F21D10123FB731EE0BB68022B03D933
:1030B000BB68032B03D01AE00123FB7317E07B6886
:1030C000DB6A03F08073002B10D00123FB730DE04B
:1030D00000BF0CE000BF0AE000BF08E000BF06E050
:1030E00000BF04E000BF02E000BF00E000BFFB7BC8
:1030F00018461437BD4680BC7047000080B485B0C8
:1031000000AF78607B6803F00703FB600C4BDB6863
:10311000BB60BA684FF6FF031340BB60FB681A023E
:10312000BB68134343F0BF6343F40033BB60044AFE
:10313000BB68D36000BF1437BD4680BC704700BF7A
:1031400000ED00E080B400AF044BDB681B0A03F025
:1031500007031846BD4680BC704700BF00ED00E085
:1031600080B483B000AF0346FB7197F90730002BA2
:103170000BDBFB7903F01F02064997F907305B0967
:10318000012000FA02F241F8232000BF0C37BD46AF
:1031900080BC704700E100E080B483B000AF03461C
:1031A0003960FB7197F90730002B0ADB3B68DAB214
:1031B0000C4997F907301201D2B20B4483F800236F
:1031C0000AE03B68DAB20849FB7903F00F03043BDD
:1031D0001201D2B20B441A7600BF0C37BD4680BC38
:1031E000704700BF00E100E000ED00E080B489B06E
:1031F00000AFF860B9607A60FB6803F007037B6199
:103200007B69033B042B04D87B69C3F10703FB6193
:1032100001E00423FB617B690433062B03D97B693E
:10322000033BBB6101E00023BB614FF0FF32FB6950
:1032300002FA03F3DA43BB681A40BB699A404FF0C5
:10324000FF31BB6901FA03F3D9437B680B40134399
:1032500018462437BD4680BC7047000080B582B058
:1032600000AF78607B68013BB3F1807F01D301231D
:103270000FE00A4A7B68013B53600F214FF0FF309B
:10328000FFF78AFF054B00229A60044B07221A6061
:10329000002318460837BD4680BD00BF10E000E09F
:1032A00080B582B000AF78607868FFF727FF00BF75
:1032B0000837BD4680BD80B586B000AF0346B96013
:1032C0007A60FB7300237B61FFF73CFF78617A68CB
:1032D000B9687869FFF78AFF024697F90F301146FF
:1032E0001846FFF759FF00BF1837BD4680BD80B5AF
:1032F00082B000AF0346FB7197F907301846FFF71D
:103300002FFF00BF0837BD4680BD80B582B000AF3B
:1033100078607868FFF7A2FF034618460837BD4675
:1033200080BD000080B500AF0E4B1B680D4A43F412
:10333000007313600B4B1B680A4A43F480631360ED
:10334000084B1B68074A43F4807313600320FFF7A0
:10335000A7FF0F2000F008F801F0F8FD0023184641
:1033600080BD00BF003C024080B582B000AF7860F5
:10337000124B1A68124B1B7819464FF47A73B3FB41
:10338000F1F3B2FBF3F31846FFF7BFFF0346002B40
:1033900001D001230EE07B680F2B0AD80022796848
:1033A0004FF0FF30FFF787FF064A7B68136000236A
:1033B00000E0012318460837BD4680BD000000200C
:1033C000080000200400002080B400AF054B1B78EB
:1033D0001A46054B1B681344034A136000BFBD46E1
:1033E00080BC7047080000205C25002080B400AF3E
:1033F000024B1B681846BD4680BC70475C25002008
:1034000080B582B000AF78607B68002B01D10123CA
:1034100042E07B6893F84130DBB2002B06D17B6839
:10342000002283F84020786801F01AFD7B6824228E
:1034300083F841207B681B68DA687B681B6822F48C
:103440000052DA60786800F077FD7B681B681A69C3
:103450007B681B6822F490421A617B681B685A697A
:103460007B681B6822F02A025A617B681B68DA6855
:103470007B681B6842F40052DA607B6800225A6461
:103480007B68202283F841207B68202283F8422039
:103490007B6800225A63002318460837BD4680BD6A
:1034A00080B58AB002AFF860B9603B601346FB801C
:1034B00000237B61FB6893F84130DBB2202B75D190
:1034C000BB68002B02D0FB88002B01D101236EE0EA
:1034D000FB6800225A64FB68212283F84120FFF731
:1034E00085FF7861FB68FA889A84FB68FA88DA8439
:1034F000FB689B68B3F5805F08D1FB681B69002BF4
:1035000004D10023FB61BB68BB6103E0BB68FB61C6
:103510000023BB612EE03B6800937B690022802181
:10352000F86800F017FB0346002B05D0FB6820224B
:1035300083F8412003233AE0FB69002B0BD1BB69E0
:103540001B881A46FB681B68C2F308025A60BB69F5
:103550000233BB6107E0FB691A78FB681B685A609D
:10356000FB690133FB61FB68DB8C9BB2013B9AB2C8
:10357000FB68DA84FB68DB8C9BB2002BCBD13B6809
:1035800000937B6900224021F86800F0E3FA0346CB
:10359000002B05D0FB68202283F84120032306E09E
:1035A000FB68202283F84120002300E00223184614
:1035B0002037BD4680BD000080B5BAB000AF78604E
:1035C0007B681B681B68C7F8E4307B681B68DB6896
:1035D000C7F8E0307B681B685B69C7F8DC30002304
:1035E000C7F8D8300023C7F8D430D7F8E43003F058
:1035F0000F03C7F8D830D7F8D830002B0FD1D7F841
:10360000E43003F02003002B09D0D7F8E03003F0BA
:103610002003002B03D0786800F0CFFB71E2D7F8CD
:10362000D830002B00F0DC80D7F8DC3003F0010349
:10363000002B06D1D7F8E03003F49073002B00F094
:10364000CF80D7F8E43003F00103002B0BD0D7F87C
:10365000E03003F48073002B05D07B685B6C43F093
:1036600001027B685A64D7F8E43003F00403002BAE
:103670000BD0D7F8DC3003F00103002B05D07B68BA
:103680005B6C43F002027B685A64D7F8E43003F0C5
:103690000203002B0BD0D7F8DC3003F00103002B22
:1036A00005D07B685B6C43F004027B685A64D7F8F2
:1036B000E43003F00803002B11D0D7F8E03003F01A
:1036C0002003002B05D1D7F8DC3003F00103002BD9
:1036D00005D07B685B6C43F008027B685A647B68AA
:1036E0005B6C002B00F00882D7F8E43003F0200375
:1036F000002B08D0D7F8E03003F02003002B02D0D5
:10370000786800F05AFB7B681B685B6903F0400334
:10371000C3F38013DBB2C7F8D4307B685B6C03F073
:103720000803002B03D1D7F8D430002B4FD0786892
:1037300000F069FA7B681B685B6903F04003402B6B
:1037400041D17B681B681433C7F89C30D7F89C3094
:1037500053E8003FC7F89830D7F8983023F040037B
:10376000C7F8D0307B681B681433D7F8D020C7F86F
:10377000A820C7F8A430D7F8A410D7F8A82041E8AB
:103780000023C7F8A030D7F8A030002BD9D17B6830
:10379000DB6B002B13D07B68DB6B8A4A1A657B6876
:1037A000DB6B1846FFF716FA0346002B16D07B6832
:1037B000DB6B1B6D7A68D26B104698470EE0786819
:1037C00000F0B4F90AE0786800F0B0F906E0786833
:1037D00000F0ACF97B6800225A648DE100BF8BE1F8
:1037E0007B681B6B012B40F06781D7F8E43003F056
:1037F0001003002B00F06081D7F8E03003F01003D5
:10380000002B00F059810023BB607B681B681B689C
:10381000BB607B681B685B68BB60BB687B681B68C0
:103820005B6903F04003402B40F0CE807B68DB6B8C
:103830001B685B68A7F8BE30B7F8BE30002B00F0FD
:10384000A9807B689B8DB7F8BE209A4280F0A28049
:103850007B68B7F8BE20DA857B68DB6BDB69B3F584
:10386000807F00F088807B681B680C33C7F8883045
:10387000D7F8883053E8003FC7F88430D7F8843051
:1038800023F48073C7F8B8307B681B680C33D7F813
:10389000B820C7F89420C7F89030D7F89010D7F820
:1038A000942041E80023C7F88C30D7F88C30002BE7
:1038B000D9D17B681B6814337B677B6F53E8003F6B
:1038C0003B673B6F23F00103C7F8B4307B681B688C
:1038D0001433D7F8B420C7F88020FB67F96FD7F806
:1038E000802041E80023BB67BB6F002BE1D17B68E0
:1038F0001B6814333B663B6E53E8003FFB65FB6D72
:1039000023F04003C7F8B0307B681B681433D7F846
:10391000B020FA66BB66B96EFA6E41E800237B669A
:103920007B6E002BE3D17B68202283F842207B68EA
:1039300000221A637B681B680C33FB64FB6C53E842
:10394000003FBB64BB6C23F01003C7F8AC307B684E
:103950001B680C33D7F8AC20BA657B65796DBA6DFE
:1039600041E800233B653B6D002BE3D17B68DB6BBB
:103970001846FFF7BFF87B6802225A637B689A8D6E
:103980007B68DB8D9BB2D31A9BB21946786800F036
:10399000D6F8B3E07B689B8DB7F8BE209A4240F022
:1039A000AD807B68DB6BDB69B3F5807F40F0A68080
:1039B0007B6802225A637B689B8D1946786800F009
:1039C000BEF89BE0CB3C00087B689A8D7B68DB8D62
:1039D0009BB2D31AA7F8CE307B68DB8D9BB2002B4D
:1039E00000F08E80B7F8CE30002B00F089807B6825
:1039F0001B680C33BB63BB6B53E8003F7B637B6B83
:103A000023F49073C7F8C8307B681B680C33D7F871
:103A1000C8207A643B64396C7A6C41E80023FB630C
:103A2000FB6B002BE3D17B681B6814337B627B6AE2
:103A300053E8003F3B623B6A23F00103C7F8C43000
:103A40007B681B681433D7F8C4203A63FB62F96AB9
:103A50003A6B41E80023BB62BB6A002BE3D17B6871
:103A6000202283F842207B6800221A637B681B684F
:103A70000C333B613B6953E8003FFB60FB6823F07C
:103A80001003C7F8C0307B681B680C33D7F8C02020
:103A9000FA61BB61B969FA6941E800237B617B691E
:103AA000002BE3D17B6802225A63B7F8CE30194667
:103AB000786800F044F823E0D7F8E43003F080039E
:103AC000002B09D0D7F8E03003F08003002B03D09F
:103AD000786800F00BF914E0D7F8E43003F0400305
:103AE000002B0ED0D7F8E03003F04003002B08D0B5
:103AF000786800F04AF904E000BF02E000BF00E08F
:103B000000BFE837BD4680BD80B483B000AF7860A9
:103B100000BF0C37BD4680BC704780B483B000AF97
:103B2000786000BF0C37BD4680BC704780B483B05E
:103B300000AF786000BF0C37BD4680BC704780B4D2
:103B400083B000AF78600B467B8000BF0C37BD466A
:103B500080BC704780B586B000AFF860B9603B604C
:103B60001346FB713BE03B6AB3F1FF3F37D0FFF7F1
:103B70003DFC02463B68D31A3A6A9A4202D33B6A3A
:103B8000002B01D103233AE0FB681B68DB6803F0DC
:103B90000403002B23D0BB68802B20D0BB68402BB4
:103BA0001DD0FB681B681B6803F00803082B16D1A7
:103BB00000237B61FB681B681B687B61FB681B68DB
:103BC0005B687B617B69F86800F01DF8FB68082280
:103BD0005A64FB68002283F8402001230FE0FB6851
:103BE0001B681A68BB681340BA689A420CBF01236D
:103BF0000023DBB21A46FB799A42B4D00023184660
:103C00001837BD4680BD80B495B000AF78607B6842
:103C10001B680C337B637B6B53E8003F3B633B6B60
:103C200023F49073FB647B681B680C33FA6C3A6472
:103C3000FB63F96B3A6C41E80023BB63BB6B002B61
:103C4000E5D17B681B6814333B623B6A53E8003F55
:103C5000FB61FB6923F00103BB647B681B681433C1
:103C6000BA6CFA62BB62B96AFA6A41E800237B6205
:103C70007B6A002BE5D17B681B6B012B19D17B681C
:103C80001B680C33FB60FB6853E8003FBB60BB68FC
:103C900023F010037B647B681B680C337A6CBA6179
:103CA0007B617969BA6941E800233B613B69002B7C
:103CB000E5D17B68202283F842207B6800221A63CA
:103CC00000BF5437BD4680BC704780B584B000AF9C
:103CD00078607B689B6BFB60FB680022DA85F86884
:103CE000FFF724FF00BF1037BD4680BD80B485B00C
:103CF00000AF78607B6893F84130DBB2212B3ED176
:103D00007B689B68B3F5805F14D17B681B69002BCF
:103D100010D17B681B6AFB60FB681B881A467B68B6
:103D20001B68C2F308025A607B681B6A9A1C7B6896
:103D30001A6208E07B681B6A591C7A6811621A785B
:103D40007B681B685A607B68DB8C9BB2013B9BB233
:103D50007A681946D184002B0FD17B681B68DA681A
:103D60007B681B6822F08002DA607B681B68DA6877
:103D70007B681B6842F04002DA60002300E0022307
:103D800018461437BD4680BC704780B582B000AF7E
:103D900078607B681B68DA687B681B6822F04002E9
:103DA000DA607B68202283F841207868FFF7ACFE58
:103DB000002318460837BD4680BD80B58CB000AFE3
:103DC00078600023FB620023BB627B6893F842307B
:103DD000DBB2222B40F0AA807B689B68B3F5805F42
:103DE00015D17B681B69002B11D17B689B6ABB6274
:103DF0007B681B685B689BB2C3F308039AB2BB6A1B
:103E00001A807B689B6A9A1C7B689A6224E07B68B4
:103E10009B6AFB627B689B68B3F5805F07D07B6819
:103E20009B68002B0AD17B681B69002B06D17B683D
:103E30001B685B68DAB2FB6A1A7008E07B681B6873
:103E40005B68DBB203F07F03DAB2FB6A1A707B684F
:103E50009B6A5A1C7B689A627B68DB8D9BB2013B34
:103E60009BB27A681946D185002B5DD17B681B68AF
:103E7000DA687B681B6822F02002DA607B681B68C6
:103E8000DA687B681B6822F48072DA607B681B68E2
:103E90005A697B681B6822F001025A617B68202204
:103EA00083F842207B6800225A637B681B6B012BDE
:103EB00035D17B6800221A637B681B680C337B61F9
:103EC0007B6953E8003F3B613B6923F010037B6251
:103ED0007B681B680C337A6A3A62FB61F9693A6A5B
:103EE00041E80023BB61BB69002BE5D17B681B68FF
:103EF0001B6803F01003102B0AD10023FB607B68C2
:103F00001B681B68FB607B681B685B68FB60FB6869
:103F10007B689B8D19467868FFF711FE02E0786890
:103F2000FFF7FBFD002302E0002300E00223184618
:103F30003037BD4680BD00002DE9B04FC0B000AFA6
:103F4000C7F8F400D7F8F4301B681B6923F440501D
:103F5000D7F8F430D968D7F8F4301A6840EA01038A
:103F60001361D7F8F4309A68D7F8F4301B691A4314
:103F7000D7F8F4305B691A43D7F8F430DB691343A0
:103F8000C7F8F830D7F8F4301B68DB6823F4164123
:103F900021F00C01D7F8F4301A68D7F8F8300B4349
:103FA000D360D7F8F4301B685B6923F44070D7F80E
:103FB000F4309969D7F8F4301A6840EA0103536184
:103FC000D7F8F4301A688F4B9A4205D0D7F8F430FE
:103FD0001A688D4B9A4204D1FEF780F9C7F8FC00AD
:103FE00003E0FEF767F9C7F8FC00D7F8F430DB69A7
:103FF000B3F5004F40F00C81D7F8FC300022C7F831
:10400000E830C7F8EC20D7E93A4522462B4691180C
:10401000B9655B41FB65D7E91623214612EB010820
:10402000294643EB01094FF000024FF000034FEA2D
:10403000C90343EA58734FEAC8029046994623469B
:1040400018EB0303C7F8E0302B4649EB0303C7F82E
:10405000E430D7F8F4305B680022C7F8D830C7F8EE
:10406000DC20D7E936120B46DB183B65134642EBE2
:1040700003037B65D7E91423D7E93801FCF71CFD5E
:1040800002460B46614BA3FB02235B091C01D7F8D8
:10409000FC300022C7F8D030C7F8D420D7E93489E3
:1040A00042464B469118B9645B41FB64D7E9122341
:1040B000414612EB010A494643EB010B4FF0000267
:1040C0004FF000034FEACB0343EA5A734FEACA02A8
:1040D00092469B4643461AEB0303C7F8C8304B464B
:1040E0004BEB0303C7F8CC30D7F8F4305B68002201
:1040F000C7F8C030C7F8C420D7E930120B46DB1828
:104100003B64134642EB03037B64D7E91023D7E9F2
:104110003201FCF7D1FC02460B4611463B4BA3FB98
:1041200001235B09642202FB03F3CB1ADB0003F1DA
:104130003202364BA3FB02235B095B0003F4F873E6
:104140001C44D7F8FC300022C7F8B830C7F8BC20B0
:10415000D7E92E8942464B469118B9635B41FB6310
:10416000D7E90E2341465118396349464B417B63D9
:104170004FF000024FF00003D7E90CAB5946CB00DB
:10418000514643EA51735146CA0010461946034648
:1041900042469B18C7F8B0304B460A4642EB030331
:1041A000C7F8B430D7F8F4305B680022C7F8A830FD
:1041B000C7F8AC20D7E92A120B46DB18BB621346BE
:1041C00042EB0303FB62D7E90A23D7E92C01FCF792
:1041D00073FC02460B460D4BA3FB02135B096421E3
:1041E00001FB03F3D31ADB003233084AA2FB03239B
:1041F0005B0903F00702D7F8F4301B6822449A6089
:1042000006E100BF00100140001401401F85EB5182
:10421000D7F8FC300022C7F8A030C7F8A420D7E9AF
:10422000288942464B46911839625B417B62D7E947
:10423000082341465418494643EB01054FF000025C
:104240004FF00003EB0043EA5473E20014461D46AE
:104250004346E318C7F898304B4645EB0303C7F8CD
:104260009C30D7F8F4305B680022C7F89030C7F86C
:1042700094204FF000024FF00003D7E9244529466F
:104280008B00214643EA917321468A00D7E9260133
:10429000FCF712FC02460B46604BA3FB02235B09B2
:1042A0001C01D7F8FC300022C7F88830C7F88C20F2
:1042B000D7E9228942464B469118B9615B41FB61BF
:1042C000D7E9062341465118396149464B417B6184
:1042D0004FF000024FF00003D7E904AB5946CB0082
:1042E000514643EA51735146CA00104619460346E7
:1042F00042469B18C7F880304B460A4642EB030300
:10430000C7F88430D7F8F4305B680022BB67FA67DF
:104310004FF000024FF00003D7E91E8949468B0099
:10432000414643EA917341468A00D7E92001FCF7F0
:10433000C3FB02460B461146384BA3FB01235B0926
:10434000642202FB03F3CB1A1B013233334AA2FB74
:1043500003235B0903F0F0031C44D7F8FC30002270
:104360003B677A67D7E91C8942464B469118B9608A
:104370005B41FB60D7E90223414651183960494649
:104380004B417B604FF000024FF00003D7E900ABD8
:104390005946CB00514643EA51735146CA00104674
:1043A0001946034642469B18BB664B460A4642EBFB
:1043B0000303FB66D7F8F4305B6800223B667A663D
:1043C0004FF000024FF00003D7E9188949468B00EF
:1043D000414643EA917341468A00D7E91A01FCF746
:1043E0006BFB02460B460D4BA3FB02135B096421DA
:1043F00001FB03F3D31A1B013233084AA2FB032348
:104400005B0903F00F02D7F8F4301B6822449A606E
:1044100000BF07F58077BD46BDE8B08F1F85EB5123
:10442000134B984200D070471248134A4168D0F8A5
:1044300000C0124B10B51468080A00EB0C210134BF
:10444000196014600B020E4A0E4848BF41F07F41CC
:1044500011600029B8BF1F3149110BF0BBFCBDE84A
:1044600010400449024864230422FCF74FBD00BFFA
:10447000FC970020E8970020F8970020E4970020A0
:10448000E097002000FF00082DE98048A1B0FEF76A
:1044900049FF0023CDE91433CDE91633CDE90D33BF
:1044A000CDE90F33734C0A931193216C724A41F09A
:1044B00080502064256C05F080560A960A9909936D
:1044C000176847F480431360116801F480424FF489
:1044D000800009924FF002080426099B19900125DB
:1044E0004FF48037A82312A812951397CDF8608057
:1044F000CDF870801A961D961B93FDF76DFA08B1E2
:1045000072B6FEE7CDE90E800F214FF4A0524FF4B2
:104510008050CDE910200D910DA80521FDF7D4FCA8
:104520008146002840F09180CDE91200CDE91400C9
:1045300008901690236B43F080012163226B02F0F8
:1045400080000890089BCDF81C90236B43F0040179
:104550002163226B02F004000790079BCDF81890AE
:10456000236B43F001012163226B02F001000690EE
:10457000069BCDF81490236B43F002012163226B5C
:1045800002F0020005904A4631463C48059BFEF782
:1045900093F93A4812A9CDE91265CDE91499FDF7CE
:1045A000F1FFCDF81090266B46F400132363246BC3
:1045B00004F4001104914A4649460E20049BFEF77C
:1045C0007AFE0E20FEF793FE2D482E4AC0F810907A
:1045D0004FF4E1360C23C0E90299C0E90699C0E91D
:1045E00000264361FEF70CFF002830D1264CC4E9B9
:1045F0000600A0602061206224484FF44071C4E9A5
:104600000001032220464FF47A56E2606661FCF70F
:104610003DFB0446002840F041821D480BF042FC5F
:104620002B4605251B4A1C4801942146009500F0A5
:104630007FFF10F0FF0980460BD0C0F31723174906
:1046400017484A460BF0C6FBFEE772B6FEE772B6A5
:10465000FEE7144B0B970D970DA9134F0C970BAA60
:1046600012A80E9300F048FE002800F003830F4EBE
:104670004C4622E000380240007000400004024036
:10468000C48A0020004C0040FC9700200038004005
:1046900008FF000824230020248B002028FF0008A6
:1046A00048FF00086C1E0020881E00207023002098
:1046B00056F82A2000F06CFD0134BDF856201FFA90
:1046C00084FA5245514615A8F2D8C24812A9D0F82A
:1046D00000B0006800F06EFF0290002800F05181E9
:1046E000BD4D12AA0121284600F060FD039000286C
:1046F00000F0BA82B94FDFF858E33C682B68B8493C
:10470000DEF80050DFF84CC3B648B74ADFF848A3DC
:1047100044F080463E60B54E3468C7E9023345F048
:10472000804744F080450C68356044F08045DCF8F3
:104730000040CEF800700D60076844F08045CCF86A
:10474000005003F5E85547F080461035C0E90255A2
:10475000066003F5F25017681030C1E9020003F556
:10476000A04147F080465031A14F1660C2E90211C6
:1047700003F5A5423E689E489C495032CCE902228E
:1047800003F5C85503F5B242CEE9025546F0804420
:10479000103203F5D25EC1E902EE3C608260C26075
:1047A0009448954C02682168944F954EDFF8ACC24E
:1047B000DFF8ACE242F080450560924D41F0804068
:1047C0002A682060904842F080412960056845F0E1
:1047D000804202608D488E4A016841F08045056044
:1047E00010683D6840F080413068116045F08042BB
:1047F00040F080413A607F4D316003F5B24203F5ED
:10480000BE4138327831C5E90222C4E9021103F50C
:10481000C3427C4C7C4D7F487832C4E902227B4CF9
:1048200003F5D4421832C4E9022203F5CF4103F55F
:10483000794218319832C5E90211C7E90222744D54
:1048400003F5823703F5764107F5EC741831C5E9B5
:104850000211C6E90244DAF800600568DCF800706D
:1048600045F0804247F080446B4DCCF8004046F064
:1048700080416A4CDEF8006002602A68CAF80010C5
:1048800046F080412668CEF8001042F08047644A26
:104890002F6046F08041634E17682160316847F011
:1048A0008044146041F08042326003F5833210325C
:1048B000CAE9022203F5893203F58A3A5032C0E987
:1048C00002220AF5E870CCE9020003F58E3C0CF5F3
:1048D000D872CEE9022203F5903E0EF59870C5E934
:1048E00002004E4A504F4E48504E514C514903F52C
:1048F000073505F5987AC2E902AA03F50D3E03F5DE
:10490000083C484A0CF5D8750EF5F87AC0E902550E
:10491000C2E902AA38680EF50E7540F08042C7E978
:10492000025520683A60376803F5123C47F080452D
:1049300040F080420CF51E703560C6E9020003F5B8
:10494000133603F550330F68226006F53E7E03F5FB
:10495000FC72C4E902EEC1E9022247F080450D6015
:10496000354C12AA0121204600F072FC002840F0CC
:10497000978002981322302100F0ECFC584600F09A
:10498000B1FE144A106800F0D9FC5FFA80F9804645
:1049900069F30708B9F1000F40F074810D4E3068DB
:1049A000002800F05B81254C254F002100F0D8FC49
:1049B000084A38601368002B00F04C81184600212B
:1049C00000F044FD1F4D3E68286047681E491F489F
:1049D000746847E0248B00200C8B002054200020BA
:1049E0001420002024200020042000203420002057
:1049F000E41F0020D41F0020C41F0020741F0020CB
:104A0000641F0020B41F0020A41F0020941F00205A
:104A1000841F0020441F0020141F0020041F0020BA
:104A2000F41E0020E41E0020D41E0020C41E00201E
:104A3000B41E0020A41E0020108B00202423002080
:104A4000208B00201C8B0020188B0020148B002052
:104A500044200020F41F0020541F0020341F002099
:104A6000241F00200C60076040F6B84200218748F0
:104A7000864D874E09F061FB864A874B87486B61FC
:104A80004FF40071C5E903622960012410278449AD
:104A90006C710422AF60FCF7FFFAFEE772B6FEE726
:104AA0002468804B804D814E8149AC6004F56D5A7D
:104AB0005846DFF8A8B27F4F0AF12002CBE9022264
:104AC00004F5864C7C4A0CF1080EC2E902EE04F5AE
:104AD0003B5B7A4A0BF1200AC2E902AA784A04F544
:104AE000B74CC2E902AA774A0CF1600EC2E902EEA5
:104AF00004F5974B744A0BF1200AC2E902AA04F5A7
:104B0000994C724A0CF1600EC2E902EE04F5964B24
:104B10006F4A0BF1140A04F5974CC2E902AA0CF192
:104B20003402C3E902226B4A04F5964EC2E902EE52
:104B3000694AC2E902EE694A04F5166BC2E902BB92
:104B4000674A04F52F5AC1E90244C6E902BBC2E92B
:104B500002AAEC60634D644A6449C5E902EE04F5BB
:104B60006853634D2433C5E90233624B624DC2E999
:104B70000244624AC3E90244614BC2E90244614A09
:104B8000C3E9024404F5A866C5E902445E4B04F596
:104B90000C55C2E90266C1E902555C4A04F534616C
:104BA000C3E9021104F1E00C59495A4BC2E902CCA5
:104BB00004F52875584A04F11C0EC1E90255C3E9F1
:104BC00002EE04F1FC05554BC2E9025504F51651FD
:104BD000534AC3E9021104F5B6555249524BC2E992
:104BE0000255524A524DC1E90244C3E90266514B93
:104BF000514EC2E9024404F5A051504AC5E90244AD
:104C0000C3E902114E4D4F4B04F55871C6E90244F9
:104C1000C2E9021104F5907604F51971C5E902663E
:104C2000C7E90211484D494F04F1240B04F5A2765F
:104C300004F62414C3E902BBC5E90266C7E90244CD
:104C400000F050FD00283FF49CAE039800287FF44C
:104C50009FAE96E63E483F4B2060AFE63D4D3C4957
:104C600029602C4628469FE602981222302100F047
:104C700071FB75E6384B186800F060FB80465FFA00
:104C800080F987E6C8F31723D9E400BF288B0020FA
:104C900098A704089867040888670408FC97002010
:104CA000E89700203422002024220020C422002083
:104CB000942200208420002004230020F4220020DD
:104CC000D4220020A422002074220020642200208C
:104CD000442200208422002054220020E4220020CC
:104CE000B42200201422002004220020F4210020FD
:104CF000E4210020D421002084210020B4210020C0
:104D00004421002034210020C4210020A4210020BF
:104D100094210020742100206421002054210020CF
:104D200024210020142100200421002064200020E0
:104D3000B4200020F4200020E4200020C420002023
:104D4000D4200020A42000209420002074200020E3
:104D50000001C0A124230020248B00201423002064
:104D600030B50168384A91B000239142CDE90B3348
:104D7000CDE90D330F93099301D011B030BD054635
:104D80000122C023022406A8CDE906230894FDF7DA
:104D9000B9FA002854D12D4A0390116C41F4804394
:104DA0001364146C04F48041039103990490136B11
:104DB00043F004041463116B01F004030493049999
:104DC0000590146B44F002011163126B01900224F0
:104DD0002240059205990C9405210823CDE90D0088
:104DE0000F911B480B930BA9FDF7CCFB019A1948B7
:104DF0000C944FF4A0530BA90524CDE90D220F9478
:104E00000B93FDF7BFFB144A019C144810604FF44C
:104E100080614FF480534FF48040C2E90341C2E9FE
:104E200005304FF480711046C2E90144C2E907140D
:104E30005462FDF759FD084A20B9EA6395639CE77F
:104E400072B6FEE772B6FEE7003800400038024056
:104E50000008024000040240648A002058600240BA
:104E600000B50168224B89B000229942CDE90222A7
:104E7000CDE90422069201D009B000BD03F5F63C4D
:104E80000092DCF8400040F40023CCF84030DCF81D
:104E9000400000F40023009300980192DCF83020D9
:104EA00042F00100CCF83000DCF8303011489FEDC2
:104EB0000E7B03F001024FF0080C019202A90322BD
:104EC000CDE9052C8DED027BDDF804E0FDF75AFB02
:104ED000002211463420FEF7EEF93420FEF707FADF
:104EE00009B000BDAFF30080030000000200000025
:104EF000004C00400000024010B54FF0FF33144654
:104F0000024892B2FEF7CCFA204610BDC48A0020B7
:104F1000FEE700BFFEE700BFFEE700BFFEE700BF01
:104F2000FEE700BF704700BF704700BF704700BF7B
:104F3000FEF74ABA0148FDF76FBE00BF648A002041
:104F40000148FEF739BB00BFC48A002082B00C4B79
:104F5000002100915A6C42F4804058645A6C02F46B
:104F600080400090009A0191196C41F080521A64BF
:104F70001B6C03F080500190019B02B0704700BF92
:104F8000003802400D490E4ADFF83CC008B50B68F6
:104F9000A2EB0C022BB11844904207D808601846C7
:104FA00008BD084B0B6018449042F7D909F06CF922
:104FB0000C214FF0FF330160184608BD608A0020C5
:104FC00000C00120909900200008000001207047D7
:104FD00008B509F059F9162303604FF0FF3008BDFA
:104FE00008B509F051F916230360FEE770B5151EE8
:104FF00082B050DD15F007030C4601EB050625D005
:10500000012B1DD0022B17D0032B11D0042B0BD05A
:10501000052B05D0062B41D1AFF3008004F8010B1E
:10502000AFF3008004F8010BAFF3008004F8010B2C
:10503000AFF3008004F8010BAFF3008004F8010B1C
:10504000AFF3008004F8010BA64224D0AFF3008038
:105050002146083401F8010B0191AFF30080019A59
:105060001070AFF3008004F8060CAFF3008004F872
:10507000050CAFF3008004F8040CAFF3008004F8D3
:10508000030CAFF3008004F8020CAFF30080A642DB
:1050900004F8010CDAD1284602B070BDAFF30080ED
:1050A00004F8010BB8E700BF4FF0FF30704700BFB6
:1050B0004FF400534B600020704700BF0120704741
:1050C00000207047DFF834D0FBF7D0FD0C480D49C5
:1050D0000D4A002302E0D458C4500433C4188C4253
:1050E000F9D30A4A0A4C002301E013600432A242B9
:1050F000FBD309F0CFF8FFF7C7F9704700C00120D4
:10510000000000203C25002018EB04083C2500206E
:1051100090990020FEE7000060B330B40368164D9C
:10512000846923F07E4323F40003AB4262681BD002
:10513000037D4169A3F10103B3FA83F35B09B3EB88
:10514000112FC1F317200BDA012B02D1022807D04F
:10515000022354F823100133984201FB02F2F3D1E9
:1051600022EAE27030BC70470029E1D01F3222F001
:105170001F02DDE7704700BFC000040038B143687C
:1051800023B14088003818BF012070471846704787
:1051900058B1436843B1408838B1C1EBC10103EB5A
:1051A000810301205A60704718467047F2B1F8B584
:1051B0000546C8B10C46B9B1244B11689942164650
:1051C0000BD0566886B137689F4211D00660A4F1B3
:1051D0000100B0FA80F04009F8BD101DFFF7CEFFC6
:1051E00010B1F3889C421BD00020F8BD002070470E
:1051F00031460438002304E001339C4240F8042F78
:1052000005D051F8042FBA42F6D19C42ECD10134BA
:105210000E4B56F82400C01AB0FA80F04009F8BDD1
:105220000021281F8C4605E00CF1010C644540F874
:10523000043F05D0B3680B441C315B68002BF3D1ED
:10524000A4EB0C00B0FA80F04009F8BDDECAFAA168
:10525000FAB1F8B50546D0B10C46C1B1254B11687D
:10526000994216460BD0166A8EB137689F4212D00B
:105270000660A4F10100B0FA80F04009F8BD02F127
:105280000C00FFF77BFF10B1F3899C421BD000207C
:10529000F8BD0020704731460438002304E0013394
:1052A0009C4240F8042F05D051F8042FBA42F6D1A1
:1052B0009C42ECD101340F4B56F82400C01AB0FACE
:1052C00080F04009F8BD0021281F8C4605E00CF154
:1052D000010C644540F8043F05D033690B441C3190
:1052E0005B68002BF3D1A4EB0C00B0FA80F040090E
:1052F000F8BD00BFDECAFAA1A0B1B1B1C2B110B40D
:1053000003460D4C43F8044B00F10C0C03C983E831
:10531000030092E803008CE80300012318465DF8BF
:10532000044B70470346184670470B4618467047B3
:1053300013461846704700BFDECAFAA1044B026844
:10534000934302D10C3000F0FDB941F210007047D8
:105350000001C0A110B10C3000F0FAB9704700BFD5
:10536000394B0268934363D12DE9F04F038E85B02A
:1053700005460C46002B4ED0476B002F4BD04FF00C
:10538000000BCDE902015E46BA4616E00199012202
:105390007A50A1694C6828604FF001022A7568694B
:1053A000AB6068F31F200023C5E90334C5E9050994
:1053B000C5F804C001360BF11C0BBAF80030F2003E
:1053C000B342019236D9DAF80430002B32D053F8C8
:1053D00026407CB3DAF80830A269D4F80C90106843
:1053E000D3E90157A368C3F3172807F037FBA16976
:1053F00007EBC603D1F808C05D44002BCAD00021DA
:1054000047F836102168596011B149880029BDD18B
:10541000A1690023BEE71822112105F10C00002626
:1054200000F096F9304604B1268005B0BDE8F08F53
:1054300000207047B6B2DDE90254002EEBD0DAF856
:1054400008305868EFE700BF0001C0A1374B026881
:10545000934369D12DE9F04F038E012B85B00546AA
:105460000C464BD9476B4FF0000BCDE902015E466D
:10547000D846BA4616E0019901227A50A9694D68CA
:1054800020604FF0010222756069C4F804C069F31E
:105490001F20C4E90450C4E90238009BA36101360F
:1054A0000BF11C0BBAF80C30F200B342019232D966
:1054B000DAF810307BB353F8265065B3DAF81430BD
:1054C000AA69D3E90147AB681068C3F31729EB68F1
:1054D000009307F0C3FAA96907EBC603D1F808C027
:1054E0005C44002BCBD047F836802968596011B155
:1054F00049880029BFD1A9690023C0E718221121DA
:1055000005F10C00002600F023F9304604B1268096
:1055100005B0BDE8F08FB6B2DDE90254002EEDD043
:10552000DAF814305868F1E7002070470001C0A194
:105530002DE9F04383B09DF828809DF82C9020B38E
:10554000026016461F46044600F0FAF870B930258E
:105550000023236010244A464146384607F00CFBDE
:10556000B06045EA042003B0BDE8F0830022414664
:10557000384607F001FB002205460521012007F00F
:10558000FBFA854208D00125E2E710252C4645EAC2
:10559000042003B0BDE8F083054B019301A800F09F
:1055A000E3F810B100242546D5E70225D0E700BF77
:1055B000038404842DE9F843484A044600680B46F6
:1055C00000EA020182433BD1002B78D0444A1D6897
:1055D00095420AD18842D3E90325D3E901633DD03E
:1055E000032323612046BDE8F883012118461D46A8
:1055F000D3F80480FFF790FD05F11C070646012152
:105600003846D5F82090FFF787FD002E0ABF3146B7
:1056100001213546B0B1B9F1000F57D04FF0010E5E
:10562000B8F1000F11D02D4B22689A42D8D1638C6B
:105630008B421BD21222162104F10C0000F088F8D4
:105640000020D0E707468646EAE7002EEBD012227C
:10565000102104F10C0000F07BF8F1E7C4E90863C5
:10566000E562A262204600F0A9F8B9E7E1B1AC46D4
:10567000BCE80F00656A0FC59CE8070085E80700D5
:10568000638D4FF480367345266211D3BEF1000F4F
:1056900007D03E460FCEE56A0FC596E8070085E8BD
:1056A00007004FEA0E42DCE7638D21627345EDD2BD
:1056B0001322162104F10C0000F04AF8C0E7112271
:1056C000102104F10C0000F043F8B9E71322102177
:1056D00004F10C0000F03CF8B2E700BF0001C0A1EB
:1056E000DECAFAA1154B026802EA0301934323D1F3
:1056F00070B503699B07044603D58A4208D0012090
:1057000070BD102211210C3000F022F8002070BD75
:1057100000F064F8266C002EF1D0A56B002DEED0C1
:10572000626C29460020B0472B69AB42E7D0002BC2
:10573000E5D0266C1D46F3E7002070470001C0A1AC
:10574000012070470346002200681A60704700BFBE
:105750000346007808B1002070471970196862F399
:105760001F2101201960704782B0134B019318B1BB
:105770000378032B02D0002002B070479DF804206C
:10578000934204D0012080F0010002B070474278BB
:105790009DF805309A4200F10100F3D110F8012F75
:1057A0009DF806309A42EDD142789DF807309A4232
:1057B000E8D10020E7E700BF03840484836B01463F
:1057C00053B100201A46D9601B69934200F10100D1
:1057D00003D0002BF6D170471846704738B5846B5C
:1057E000B4B16368DB074FF0000504D5236A204697
:1057F0000BB1984701352369A34207D033B11C464A
:105800006368DB07F2D42369A342F7D1284638BD89
:105810002546284638BD00BF704700BF82691388FF
:105820000BB95B68FFDE2DE9F04F2DED028B52685E
:10583000D2F80490D5B08046B9F1000F01D0D9F864
:105840000090012B00F0668211691D9109B1096871
:105850001D91022B00F04F82D169002900F0578280
:10586000108BD1F800A0012840F2578248681690AA
:10587000032B00F05782936AD8F82420002B00F005
:105880004F821868279058681490002A00F03A82D6
:105890009B681A9333920346DB68D9F80C605F6803
:1058A0001D9BD8F83C50DB68DAF80CC0D8689B68C0
:1058B00021903A93D6E902301C93B8F828307268E8
:1058C0003593AB88159237932A68AB68DCF808509B
:1058D0002695DCF804503895D8F84450D8F858E0AC
:1058E0003B95D8F84C50D8F82C4018973C95D8F8F0
:1058F00050501B95DEF800502895DEF804503D9579
:10590000BDF854503495BDB22295A5B2369595B2E6
:105910001795002900F0E6818968002900F0E281EE
:105920008D69002D08BF2946299192B226991D9FA5
:1059300012FA83F3024403441F92A2B224925B1A28
:10594000B3FBF2F345AA529240F201454FF0807248
:10595000CDE94E2540F202451A995195149D8E6964
:10596000BF69AD692A9703F1010B0023CDE94133EB
:10597000CDE945334D9343934793449348935393D1
:10598000D8F8483023930DF5827CD8F85C30CDF8F8
:1059900040C149AC4DA8399307F0CCF931462046B7
:1059A00007F0FAF914995394CB68D9F80020D3F88A
:1059B00008C0279BDAF800E09B69BDF9A0409B680E
:1059C0002D930B68002A00F073815168002900F0C4
:1059D0006F815088002800F06B81096891ED008A82
:1059E000002B00F062815968002900F05E81588820
:1059F000002800F05A810968D1ED008A1699D9F87B
:105A000018908969DAF818008968D9F808708068F0
:105A1000309198F8411019972F902E91BEF1000FF8
:105A200006D0DEF804E0BEF1000F01D0DEF800E0A1
:105A3000002A00F051815168002900F061815288EC
:105A4000002A00F049814A6892F900202B92002B2D
:105A500000F046815A68002A00F050815B88002BD4
:105A600000F03E81536893F900302C93219B002B6A
:105A700000F00F81BDF860301C99BDF85420DDF8AE
:105A8000989018940CFB03F325931FFA8CF3209342
:105A9000249BCDF8C8E001FB03F302FB03F33E9324
:105AA00001FB02F33F938BB231934FF0000ABDF933
:105AB0008C301E93CDF870A0B9E0289BAA6815928F
:105AC000A34206BFBAFA8AF35B0900231693279B09
:105AD0009869D0E9000107F031F8169B10932E9BCE
:105AE0000C93329B0B932C9B0A932B9B0993309B1B
:105AF0000893179B0793379B0693369B0593359B1B
:105B00000493229B01932F9B00932D9B12930123BF
:105B1000159A0F93209B11900D920E93BDF898301B
:105B20000393BDF8E03002931FFA89F2349B319958
:105B30001998F0EE680AB0EE480A02F00FFB249BB9
:105B40001F9A934200F0A080D31A99451F9328BF53
:105B50009946179B002B40F08880199B3E9A13446E
:105B60001993299B259A14991A98339F0134B847A1
:105B7000A3B224B21E9AA24232DC1D9A08920121DD
:105B8000BDF88C2007918A441C990192521ABDF8E5
:105B90006C1005915B1A1CB2BDF860300393BDF820
:105BA000E8300693BDF8F0300493BDF8F43002936A
:105BB000BDF8EC302099009392B2229B399F4DA8FA
:105BC000B8471D9A2A995369DA688B6813448B6029
:105BD000189ABDF96C30D31A23EAE3731BB21893F9
:105BE000149B5B69DA68AB681344AB60D8F8242077
:105BF00032B11A9B5B69DA68B3681344B360AB686F
:105C0000EA6814981693159206F0BCFF159A169B35
:105C10000244934206D3EB68AB60D8F824300BB152
:105C2000F368B360219B9A450BF1FF3B31D2BBF186
:105C3000000F3FF742AFD6E90212259B04FB131376
:105C40009A4284BF70681B189A4202D21E98A042E2
:105C500031D11C9B239AA4B213441B9A1B1B1BB269
:105C600014441C93A3B224B284E724991A465B1A05
:105C700005D58A1A3F98199900FB0212199223EA56
:105C8000E3739BB217936CE74FF00009CDF87C905B
:105C90005FE7EB68AB60F3682A9AB360D368936000
:105CA00055B0BDEC028BBDE8F08FF7EE008AA5E69B
:105CB000B7EE008A94E6706802449342C9D2149FFA
:105CC000013913F8012B01F8012FF26870680244C2
:105CD0009342F6D31497BCE72B92002B7FF4BAAE15
:105CE0002C93C3E6D8F82010299100293FF41DAE6B
:105CF0008968299119E600235B68FFDE2C92B5E6DE
:105D00002B91A4E6094B3393149B1A93C4E58A465E
:105D10001691ADE500235B68FFDE00201690A7E535
:105D2000DB68FFDE00235B68FFDE00BF1958000858
:105D300083691A880AB95368FFDE5868416801B15F
:105D40000968012A00F0D880036903B11B68022AA0
:105D500000F0CF802DE9F04FC46989B0002C00F02D
:105D60009980058B2768012D40F2B7806468032A6B
:105D700000F0C580A269DC6892680792CA68856AEB
:105D8000B2F804A0B4F804B0D4E9020200FB02F8AF
:105D900088699A691DB12D680DB1AC69A5681C6848
:105DA0000E689368BA690693D0F808C03B68D2F8C9
:105DB00008E0002E43D07168002937D07788002F83
:105DC00053D1002C34D062689146002A00F08980BB
:105DD0006788B7EE000A002F52D1002900F08680B4
:105DE0007788002F71D1F7EE000A0021002C7BD0BC
:105DF0009146002A73D06788002F31D1002B00F024
:105E000081805B68002B7DD01B68069893ED001A9B
:105E1000079BCDE90017CDE90485CDE902AB7246B9
:105E2000614601F041F909B0BDE8F08F002C33D193
:105E3000B7EE000A2146F0EE400A0F46DEE7002CDE
:105E4000F6D0D4F80490B9F1000F37D06188B7EEDE
:105E5000000A0029EFD0D9F80020D2ED000A31461F
:105E6000D9F8042092F90070C8E70F6897ED000A8E
:105E7000ECB162689146002AAFD06788002FACD0A1
:105E80001068D0ED000A0029B6D07688FEB93146F8
:105E90009146AEE727466AE762689146002A97D1A5
:105EA000B7EE000A1146F0EE400A1746A6E74A6828
:105EB000F7EE000A92F9001027469FE7B7EE000AB6
:105EC0004946F0EE400A4F4698E7F7EE000A496867
:105ED00091F90010002C8BD106E0002447E717460B
:105EE0008CE7B7EE000A7EE7274687E7F7EE000A61
:105EF0007FE700235B68FFDE00235B68FFDE002393
:105F00005B68FFDE00231B68FFDE00BF8269138829
:105F10000BB95B68FFDE5068416801B10968012B6D
:105F200000F0F080026902B11268022B00F0E780F5
:105F30002DE9F04FC5698BB0002D00F0A780068BCE
:105F40002C68012E40F2C8806D68032B00F0D480CD
:105F5000AB69D768856AC8689B68B0F804A0B7F8D1
:105F600004B0D1F818E00893D7E9026006FB00F00E
:105F7000099090691DB12D680DB1AD69AD680F68CC
:105F80001668A269DEF80810806824689268002FFD
:105F90004BD0D7F804E0BEF1000F3ED0B7F8028036
:105FA000B8F1000F51D1002E39D0D6F80490C84670
:105FB000B9F1000F00F09780B6F802C0B7EE000A02
:105FC000BCF1000F51D1BEF1000F00F09180B7F885
:105FD0000280B8F1000F40F08180F7EE000A002740
:105FE0004EB1C846B9F1000F7BD0B6F802C0BCF183
:105FF000000F6CD1664614B1646804B12468089B34
:106000000097CDE90545099CCDE9016ACDE903B4C6
:1060100001F00CF80BB0BDE8F08F002E38D1B7EED0
:10602000000A3746F0EE400AE5E7002EF7D0D6F832
:106030000480B8F1000F3FD07688B7EE000A002E3A
:1060400041D13746F0EE400AD5E7DEF8003093ED57
:10605000000A56B3D6F80490C846B9F1000FB2D082
:10606000B6F802C0BCF1000FADD0D9F80030D3EDC6
:10607000000ABEF1000F39D07F88002FB1D0DEF8C2
:10608000047097F90070002EABD1B4E72C465CE7A2
:10609000D6F80490C846B9F1000F8DD1B7EE000ACA
:1060A0004F46F0EE400A4E46A5E7DEF80470F7EEE4
:1060B000000A97F900709EE7B7EE000A4746F0EE37
:1060C000400A464697E7D8F80060D6ED000AD8F8AF
:1060D000046096F900608EE7002536E7F7EE000AC7
:1060E000CDE74E4687E7B7EE000A76E777467EE7CC
:1060F0007746F7EE000A75E700235B68FFDE0023B2
:106100005B68FFDE00235B68FFDE00BF836901463A
:10611000188808B94368FFDE2DE9F04F2DED028B9A
:106120005C68626897B002B11268012800F0A38031
:10613000236903B11B68022800F09480E569002DF3
:1061400000F09780268BD5F800C0012E40F2968093
:106150006D68032800F09780A06A4C6A002800F060
:106160008F8004B14368AC690068A4681494D46853
:10617000DE68A788806915680F97D4E9024AD6E9D6
:10618000026B11940C8D898D139181681096129475
:10619000DCF800601C681591002D60D0696800294A
:1061A0005DD06F88002F5AD00968D1ED008A002C8D
:1061B00052D0616800294FD06788002F4CD0096801
:1061C00091ED008A9F699169DCF81830D7F8089042
:1061D000D3F808808F6816B1766806B136683DB18D
:1061E0006968002943D06D8815B1496891F900505C
:1061F0003CB16168002938D0648814B1496891F9CC
:106200000040D0E9000106F099FC159BBDF8441050
:10621000CDE90B03149B0393139B0293129BCDE9CF
:1062200000831FFA8BF3CDE9045409930024BDF8D1
:1062300040300893CDE906690F9B0A94F0EE480AB6
:10624000B0EE680A1FFA8AF2384601F079F817B002
:10625000BDEC028BBDE8F08FB7EE008AB2E7F7EE37
:10626000008AA4E700235B68FFDE0C46C9E70D4601
:10627000BEE7AC466DE700235B68FFDE002568E7FC
:1062800024B9A369FFDE00235B68FFDEC368FFDE7D
:10629000037F032B0BD8DFE803F00806040200F0AD
:1062A00057B800F0E5B800F023B900F09BB870478C
:1062B000826913880BB95B68FFDE70B45268556859
:1062C00005B12D68012B40D0166906B13668AB6860
:1062D0001B0A2DD0EC68012204EB830353F8041D44
:1062E0009C4201FB02F2F9D1AB69C1691868B5693A
:1062F0008C689968AB6800020DD552B101391A4417
:1063000011F8010F80F08000205C03F8010B93422C
:10631000F6D170BC7047002AFBD001391A4411F83D
:10632000010F205C03F8010B9342F8D170BC704759
:10633000AB69C1691A68B0698C689968836812F49E
:10634000000F4FF00102E8D0D8E700235B68FFDEC2
:10635000826913880BB95B68FFDE2DE9F043526850
:10636000556885B005B12D68012B37D013699BB3F3
:10637000D0E90962D6E9001001430CB2D5E90571F4
:10638000D3F800C08868EB689268D3F804E0D6F8C8
:106390000C90DB68DCE90551D7F80CC0D5F80C800F
:1063A00089687D6844B1CDE902C8CDE900E502F015
:1063B00005FD05B0BDE8F083B6F90840022CF2D126
:1063C0000FFA89F9B9F1020FEDD1CDE902C8CDE993
:1063D00000E502F0C3FCECE79B69FFDE00235B688D
:1063E000FFDE00BF826913880BB95B68FFDE2DE911
:1063F000F0415268546888B004B12468012B34D04D
:106400001369002B2FD01968456A826AB5F90C60B0
:10641000A3696769D3F800809268D1E90501D0E9E2
:1064200002EC0EFB06F6986889680696B5F90460DA
:106430000EFB06F60596B5F908600CFB06F6049609
:10644000B5F900500CFB05F50395FD6802957D68D4
:106450000195E468E4680094C8F3C61302F070FD87
:1064600008B0BDE8F0819B69FFDE00235B68FFDEBA
:10647000826913880BB95B68FFDE51684A6802B114
:106480001268012B30D00B6963B3F0B51B68456A05
:10649000D2F80CE0B5F90860906957698068DEF8B9
:1064A0000C20D3E905C1DCF80C40B5F9003089684F
:1064B00089B004FB06F60696DCF808C0B5F904605E
:1064C00003940CFB06F603FB04F405960494BC68E5
:1064D0000294FC680194B5F90C40009402F0CEFDE2
:1064E00009B0F0BD9B69FFDE00235B68FFDE00BFE3
:1064F000826913880BB95B68FFDE2DE9F04F5268A3
:1065000057688FB007B13F68012B3ED01369002B4D
:1065100039D01968FA68D2E90283D1E90242B4F5A8
:10652000A06F446AD1E90501D0E9025CB4F90C60BE
:10653000B4F904E0B4F900B08968D7E9057005FB47
:1065400006F6D2E902A9806828BF12690C9605FBFD
:106550000EF60B960CFB0BF60A96B4F90840CDF834
:1065600014C0CDE9065ECDE908B4BC680494FC68AB
:1065700038BF0122CDE902A4CDE9008902F0F0FD87
:106580000FB0BDE8F08FDB68FFDE00235B68FFDE45
:106590002DE9F04F93B08C462499BDF870408D6979
:1065A0000C948469BDF880B0BDF884A0BDF888E083
:1065B000BDF88C8099460368A0680C68A968BDF88E
:1065C00074500D95BDF878500E95BDF87C500F9520
:1065D000002B44D05F68E7B15D8825B33D68D5EDF9
:1065E000007A002C00F0858066681096002E71D02D
:1065F00065881195002D6DD0356895ED007A87EE90
:10660000870A002F00F095805B88002B7CD11F4605
:1066100067E054B166681096002E56D13746B7EE43
:10662000000A354605E0002C4CD12746B7EE000A9B
:106630003D460F9B04930E9B03930D9B02930C9B73
:10664000CDE90975CDE90093CDE907E81346CDE919
:1066500005BA624600F06AFD13B0BDE8F08F002C69
:10666000E3D065681095002D4AD06788002FDDD0F3
:106670001F46109B1B68D3ED006AB7EE007A87EEC9
:10668000260AF0EE477A109B5B6893F90050F5EE0E
:10669000C07AF1EE10FACCDA0F9B04930E9B0393B1
:1066A0000D9B02930C9BCDE90975CDE90093CDE9D3
:1066B00007E81346CDE905BA624602F06DFA13B059
:1066C000BDE8F08F6668109676B365881195FDB9C0
:1066D000F7EE007A7FB35D88B0EE670AA5B90027B0
:1066E00064B31096F6B163881193002BCBD11D468D
:1066F000CDE77B68B0EE670A93F900702546C6E7E0
:106700002F46B7EE000A94E77B6893F90070E7E73D
:106710003568D5ED006AB7EE007A87EE260AF0EE0E
:10672000477A6EE73546B2E7B7EE000AF0EE407AF8
:10673000D5E7119BD9E7B0EE670AD3E72546A6E770
:1067400083691A880AB95368FFDE2DE9F04F59684A
:106750004B6893B0074603B11B68012A00F0F6802E
:106760000A69002A00F0F5801268D3F80CE09969F4
:106770001E68936988689968BEF80C30D7F830C0F5
:106780000C93BB8B0D933B8C0E93BCF80430D568F7
:106790000F93BCF800301093BB8C1468BEF80480D3
:1067A000BEF80820B7F828B0B5F808A0B5F80CE096
:1067B000119346B3D6F804C0BCF1000F58D07588C9
:1067C000002D7AD1002C5DD06768B946002F00F00B
:1067D000AC806588002D40F09E80F7EE007ABCF119
:1067E000000F00F090807588B0EE670A002D7BD115
:1067F0000026002C00F0A380B946002F00F089800D
:106800006588ADB918E0002C3CD0D4F80490B9F1FB
:10681000000F00F096806488002C33D0D9F8004037
:10682000D4ED006AB7EE007A87EE260AF0EE477ADA
:10683000D9F8044094F90050F5EEC07AF1EE10FA60
:1068400024DA119B0593109B04930F9B03930E9BDB
:1068500002930D9BCDF818B0CDE90083CDE9096511
:10686000CDE907AE0C9B02F097F913B0BDE8F08FAD
:1068700044B16768B946002FABD13E46B7EE000A77
:106880003D4603E02646B7EE000A2546119B0593D8
:10689000109B04930F9B03930E9B02930D9BCDF8CB
:1068A00018B0CDE90083CDE90965CDE907AE0C9BB1
:1068B00000F03CFC13B0BDE8F08FDCF80050D5EDE3
:1068C000007AC4B16768B946002F88D06588002D6A
:1068D00085D03B6893ED007A87EE870ABCF1000F04
:1068E00028D07688002E87D0DCF8045095F9006017
:1068F000002C81D123E0DCF80450B0EE670A95F952
:106900000060254698E7B0EE670A6646002F7FF4E0
:1069100077AF3D4690E73B68D3ED006AB7EE007A6B
:1069200087EE260AF0EE477AD8E7B7EE000AF0EED7
:10693000407A5DE76646002D7FF47AAF7CE7254616
:106940007AE74E46B7EE000A4D469FE700235B68A4
:10695000FFDED368FFDE00BF83691A880AB9536877
:10696000FFDE2DE9F04F59684B6893B0074603B13D
:106970001B68012A00F0C8800A69002A00F0C7805D
:106980001268D3F80CE0D568916914681E689A699A
:10699000BEF80C30D7F830C00C93BB8B0D933B8CFA
:1069A0000E93BCF804300F93BCF800301093BB8CEE
:1069B0009068BEF80480BEF808208968B7F828B04F
:1069C000B5F808A0B5F80CE011932EB3D6F804C0C2
:1069D000BCF1000F30D07588002D56D1002C37D077
:1069E0006768B946002F79D06588B7EE000A002D98
:1069F00056D03B68D3ED000ABCF1000F7BD07688FF
:106A0000002E54D1B946002F66D0658835B3D9F829
:106A1000044094F9005021E0D4B1D4F80490B9F1C5
:106A2000000F6AD06488B7EE000A002C5ED12646BB
:106A3000F0EE400A254611E054B16768B946002FD0
:106A4000D2D1B7EE000A3E46F0EE400A3D4605E0E0
:106A5000B7EE000A2646F0EE400A2546119C059442
:106A6000109C04940F9C03940E9C02940D9C0C9B10
:106A7000CDF818B0CDE90965CDE907AECDE90084C0
:106A800000F038FC13B0BDE8F08FDCF8005095ED55
:106A9000000AA4B16768B94617B16588002DA8D16E
:106AA000BCF1000F13D07588D5B1F7EE000ADCF801
:106AB000045095F90060002CA4D12546CEE7DCF8FF
:106AC0000450F7EE000A95F900602546C6E7F7EE98
:106AD000000A6646002F98D13D46BFE7B7EE000A90
:106AE000F7EE000A0026002C8CD1E6E7D9F800402A
:106AF000D4ED000A8BE7664688E7B7EE000A4E46FB
:106B0000F0EE400A4D46A9E700235B68FFDED3683C
:106B1000FFDE00BF2DE9F04F2DED028B83691C884D
:106B200097B00CB96368FFDE5D686A6802B11268ED
:106B3000012C00F095802B6903B11B68022C00F03A
:106B40008F80EE69002E00F098802F8B3168012F26
:106B500040F295807668032C00F08280AC6A456A2A
:106B6000002C00F08E8005B163682568B469D5F803
:106B700018C0A4681494D468DD68A688AD88109500
:106B8000D4E9024A1194048D12941568848D1394EB
:106B9000DCF808400F9615940E681C68002D65D02F
:106BA0006F68002F62D0B5F802E0BEF1000F5DD033
:106BB0003F68D7ED008A002C55D06768002F52D06F
:106BC000B4F802E0BEF1000F4DD03F6897ED008AA7
:106BD0009B699769896990F841B0D3F80890BF68BC
:106BE000D1F8088016B1766806B136683DB169689B
:106BF00000293ED06D8815B1496891F900503CB12B
:106C00006168002937D0648814B1496891F900405F
:106C1000DCE9000105F092FF159BBDF844100595D5
:106C2000CDE90B03149B0493109BCDE902830F9BCA
:106C30000193CDE90646139B00930124CDE908B9E1
:106C4000129B0A94F0EE480AB0EE680A1FFA8AF224
:106C5000384601F0CDF817B0BDEC028BBDE8F08FDF
:106C600000235B68FFDEB7EE008AB1E7F7EE008A2B
:106C7000A1E70D46C3E70C46CAE731466BE700269D
:106C800069E70DB9AB69FFDEE368FFDE826913884F
:106C90000BB95B68FFDE2DE9F04F2DED028B5268DA
:106CA0005468A9B0002C00F0F780D4E90054012BFF
:106CB00000F0B781166906B13668A968D0E9078384
:106CC0000B93A36805F10802089281EA030204F11C
:106CD0000800FF2AC1F3172109900CD808460028A4
:106CE00000F0D7800138EF68E26857F8207052F85A
:106CF00020209742F3D04FF0000999B1EA6801399A
:106D000052F82120012AF8D04FF0000AC3F31723CC
:106D100073B1E268013B52F82320012AF8D04FF00A
:106D2000000B07E0C3F317234FF0010A002BF0D14B
:106D30004FF0010B6A69536872690A93576819AA80
:106D40000021149240F20152CDE91911CDE91B1135
:106D50001D91139213A8DDE9081205F02BFF286896
:106D60003268AD692168E0B14368D3B1B0F802E0A0
:106D7000BEF1000F15D01B68D3F800C0CDF834C0A9
:106D8000A9B94FF07E5CCDF838C0FAB15368EBB1C9
:106D9000B2F802E0BEF1000F18D01B68D3F800C0B3
:106DA00016E04FF07E5CCDF834C00029E9D04B6886
:106DB000002BE6D0B1F802E0BEF1000FE1D01B6875
:106DC000D3F800C0CDF838C0002ADFD14FF07E5C88
:106DD000A469B669AD68A468B668CDF83CC038B19E
:106DE0004368002B53D0408810B1586890F90000D8
:106DF0008DF8310039B14868002846D0498811B172
:106E0000416891F900108DF832103AB151680029AB
:106E100039D0528812B14A6892F900208DF8332097
:106E2000B9F1000F2BD1D34538D0CAF10207139B1B
:106E30001B0A00F0F480149800EB8302012352F83F
:106E4000041D904201FB03F3F9D122460DF13304F6
:106E500005940FAC04940DF1320403940EAC02942B
:106E60000DF1310401940DAC009406970B9C29465A
:106E70003046A04729B0BDEC028BBDE8F08FD3456A
:106E8000D3D10027D3E70A46C8E70146BBE7184637
:106E9000AEE74FF0010930E7254608E71EABDDF805
:106EA00028A0169323AB189340F202530899159328
:106EB000179315A8534613AACDE91F99CDE9219937
:106EC000CDE92499CDE92699CDF87890CDF88C902C
:106ED00005F09AFE534613AA099917A805F094FEE7
:106EE000149AD368002BC5D0DFED4F8A9168CDF896
:106EF00020900029BED013984FF0000BC0F317204C
:106F00004FF0000A04288CBF116901218A456BD219
:106F10005168002957D04FF00009B6EE008A95F964
:106F200000209DF93110DDED0D6A9DED0E7A531AAA
:106F300007EE903AF8EEE77A9DF9321067EEA67AFE
:106F400012A8CDED107A94F90020531A07EE903A6A
:106F5000F8EEE77A11AA67EE877A10A9CDED117ADB
:106F6000C0479DED126ADDED0F6A9DF93330C6EE24
:106F7000267A07EE103AB8EEC77A77EE877AF5EE02
:106F8000C07AF1EE10FAD4BFB0EE687AB0EE487A6B
:106F900077EE877ABDEEE77ACDED127A17EE102AFA
:106FA00002F307023270169A52681544189A526812
:106FB0001444149A516809F1010949453E44AED878
:106FC0001398C0F317201599B1F5A06F02D3169945
:106FD00009690D441799B1F5A06F02D31899096991
:106FE0000C440AF1010A8DE7DDF858E0189BDEF841
:106FF00008100D4499680C4491680BF1010B594538
:107000003FF67EAFDEF80C000544D868089B0444C8
:10701000D0680133984208933FF66BAF2AE701230B
:1070200013E700235B68FFDEFCFFFFBE2DE9F04F96
:107030008DB0CDE90823BDF86470DDF870809DF94E
:107040005840DDF868B09DF95C600A9408EBC70A07
:1070500004460D461B98BDF860900B965346424679
:10706000394602F07BF9BBF1000F1AD0CDF87080E1
:10707000C846B9461C9F0026099B04930B9B0393AB
:107080000A9B08990097CDE90547CDE901A3284659
:107090004B460136424602F005FEB3454C4445449A
:1070A000EAD10DB0BDE8F08F2DE9F04F8FB021EEA1
:1070B000000A9DF960400A940DF1320909930024F9
:1070C0009DF96430DDF870A0BDF86870BDF86C8083
:1070D000ADF8324080EE200A054648460E469346FB
:1070E0000D940B9302F0E6F80D90BAF1000F19D051
:1070F0004346B8461F461D9B0693099B04930B9B72
:1071000003930A9B0595CDE901930DAB009330469F
:1071100001343B464246594603F04EF8A2453D44F1
:107120004644E8D10FB0BDE8F08F00BF2DE9F04F25
:1071300095B0CDE908010A93BDF87C300B93BDF8FA
:107140009850BDF88C309DF9A0100C93BDF8943088
:1071500004921046BDF87890BDF88020BDF88440B8
:10716000BDF888C0BDF890809DF99CB0059303914F
:10717000002D00F0B780002B00F0B480B9F1000FB3
:1071800000F0B080DFED5A5A00FB09FA2646F0EE17
:10719000406A2C46B7EE006A00201746C646654690
:1071A00000FB0EFCACEB05030A9ADDED037A1194AB
:1071B000002BA5EB0C0CD4BFE0464FF00008944424
:1071C000049A434402FB03F30793059BCDE90D07A3
:1071D000CDE90F5E00FB03F3BC45B8EEE75A06931A
:1071E000A8BFBC4600230C9A0499129302FB03F239
:1071F000941B002CA6EB0202D8BF1746069A1396E2
:1072000003EB0200099A09FB0020079A2244A1EB34
:1072100004040B99C8BF00278C42A8BF0C460899EC
:107220003A4409FB021EF6EE004A01380022CDF86E
:1072300008E05946E04558DA029BCDF8048003EB9C
:10724000020BC6466FF07F05A7420ADA5E463B4650
:1072500096F9008001334545B8BF45469C424E44EF
:10726000F6D10EF1010EF445D344EDD1DDF80480E2
:10727000F4EE466AF1EE10FA02D1039B99421AD05D
:107280006D1A07EE905AF8EEE77AB0EE457AA7EE5F
:10729000A67AB5EEC07AF1EE10FAB4BFF0EE657AD8
:1072A000F0EE647A77EE877AFDEEE77A17EE905A81
:1072B00005F307056DB20132914500F8015FB9D1C0
:1072C000DDE91236059A01339BB29A428B468AD881
:1072D000DDE90D07119C431C98B28442DDE90F5E85
:1072E0003FF65EAF15B0BDE8F08F6FF07F05BFE7EA
:1072F000FCFFFFBE10B4BDF804400194BDF8084087
:107300000294BDF80C400394BDF810400494BDF8FD
:1073100014400594BDF818400694BDF81C4007942D
:10732000BDF820400894BDF8244009949DF92840F8
:107330000A949DF92C400B945DF8044B02F0FABAC4
:107340002DE9F04F9DB09A46BDF8A02005929DF919
:10735000A8200792BDF8B82012924FEACA02BDF8E1
:107360009C300292329A0493309B269D9DF9AC90FA
:10737000DDF8B4B0BDF8BC80179002EBCA020391EF
:107380000F92002B00F0E8834FEA4A030193029B1F
:107390000F9A2C98534402EB43035146329A1093B0
:1073A0001C4601F0DBFF6FF0150303FB0A4311934A
:1073B000BAF1000F18D0109A119B1146019A1C1FA8
:1073C0008E1801254F4631F9023B5A1E92B205FA3A
:1073D00003F0142A07FA03F303EB500300F2B2831D
:1073E0008E4244F8043FEED1039B059A01990AFBB3
:1073F00003F303FB02F25B1A0393049B0AFB03F300
:107400001393079BBAF1030FC3F10003C3EA0347C9
:1074100000F29E8300230B93B8F1000F00F0388335
:1074200012990AF003030E93002900F03183013B07
:107430009BB2149300231C46BC4618925146CDF8CB
:107440006480DDE9172004FB00220592149A0132C2
:10745000CDE915234FF0000ACDF834A08E460B9BE2
:10746000002B00F05583109A299B08320092329A23
:1074700002F11004119A019403F1100102F11000BD
:107480000F9B04910BF104020292CBF100024833EE
:107490000C920025834678E0A21E0121013C01FAEE
:1074A00002F255FB07222241324402F3070252B294
:1074B000029E06F8042C009A32F9064C152C40F373
:1074C0005681A51E012202FA05F5019A5BF80C7C93
:1074D00052F80C2C50FB0250013C2041384400F380
:1074E000070040B2324602F8030C009A32F9044C0D
:1074F000152C40F32A81A01E012202FA00F0019A05
:107500005BF8085C52F8082C58FB0208013C48FA6A
:1075100004F8A84408F307084FFA88F8029A02F81A
:10752000028C009A32F9024C152C40F3FC80A01E0C
:10753000012202FA00F0019A5BF8045C52F8042C74
:1075400059FB0209013C49FA04F9A94409F3070966
:107550004FFA89F90499029A0C9802F8019C1031AB
:10756000049100990831009101991031019111465F
:107570000431821802910B9992B28A4203F14803B6
:107580000BF1100B154680F04781059906934C5975
:107590004A19049952F80E9053F8485CC4EA09401D
:1075A00002EB0E07C9EA24490A9151F8104C2CFA53
:1075B00080F602EB4E0225FB06462CFA90F053F8BB
:1075C000444C51F80C5C24FB005053F8404C51F8EB
:1075D000085C2CFA89F824FB08582CFA99F953F81E
:1075E0003C4C51F8045C24FB0955039C57F80E9061
:1075F00053F8381C17191259C9EA024AC2EA29423B
:107600002CFA8AF407EB0E0921FB04662CFA9AFA8D
:1076100053F8344C24FB0A0453F8300C2CFA82FA49
:1076200020FB0A882CFA92F253F82C0C20FB025211
:1076300057F80E5059F80E00C5EA004AC0EA254036
:10764000039D53F8281C09EB0E0707EB05092CFADC
:107650008AF521FB05662CFA9AFA53F8245C25FB7F
:107660000A4A53F8204C2CFA80F524FB05852CFAA5
:1076700090F053F81C4C24FB0020039C3A5959F815
:107680000E40C2EA0447F144C4EA22442CFA87F8C7
:1076900053F8182C22FB08662CFA97F753F8142C91
:1076A00022FB07A753F8102C2CFA84F822FB085869
:1076B0002CFA94F453F80C2C22FB040459F80E20F5
:1076C000079933F8080C33F8029C33F804AC55B230
:1076D0006D1A10FB056533F8066C42F30720401A5B
:1076E00016FB007042F30746C1EB226219FB024908
:1076F000009A32F9084C761A0199152C1AFB068863
:10770000CDE9082151F8107C5BF8106CDA463FF7A0
:10771000C3AE002C3BDD6A0052FB0762224102F33C
:10772000070252B2C4E6002C3EDD019A5BF8040C5D
:1077300052F8042C4FEA490959FB020949FA04F9A5
:1077400009F307094FFA89F904E7002C3FDD019A94
:107750005BF8080C52F8082C4FEA480858FB02085E
:1077600048FA04F808F307084FFA88F8D6E6002C20
:1077700040DD019A450052F80C2C5BF80C0C55FBCF
:107780000200204100F3070040B23246ABE6C4F1EC
:10779000010205FA02F202F31F0252FB17F2324411
:1077A00002F3070252B283E6C4F1010409FA04F9B4
:1077B00009F31F09019A52F8042C59FB12F95BF8DE
:1077C000042C914409F307094FFA89F9C2E6C4F180
:1077D000010408FA04F808F31F08019A52F8082C6B
:1077E00058FB12F85BF8082C904408F307084FFA8E
:1077F00088F893E6C4F10104A04000F31F00019A49
:1078000052F80C2C50FB12F05BF80C2C104400F3D7
:10781000070040B2324666E69046D146B3460E9B1C
:10782000002B00F02081059B069A13F90840079F62
:10783000158803EB08000A9B10F90E601B68E41B17
:1078400015FB043500EB4E01039B10F91E40C818D0
:10785000C9565388F61B13FB06539588E41B14FB8B
:107860000533D488C91B00EB4E0511FB043410F915
:107870000E1010F91E3003982E1828561589C91BB2
:1078800011FB05415489D9F80050DB1B13FB04138D
:107890009189D489C01B10FB013016F90E1016F91E
:1078A0001E30C91B11FB0401108A089ADB1B13FB55
:1078B0000013B2F90010099A08F1010015291668A1
:1078C00080B200F3E880002940F30A815B0053FB9B
:1078D00006530B4103F307035BB28BF80030149B94
:1078E000002B00F0BE80059B069E1956079F758AE7
:1078F000039A1C180A9B5B6804EB4E00C91B11FB22
:10790000053114F90E3014F91E5084188056324691
:10791000B68ADB1B13FB0613D18AED1B15FB013363
:10792000118BC01B04EB4E0510FB013014F90E1037
:1079300014F91E30039C2E192C57558BC91B11FBB3
:107940000501908BDB1B13FB0013D08B16F90E1077
:10795000E41B14FB0030148C16F91E30C91B11FBFC
:107960000401508C089ADB1B13FB0013B2F90210C0
:10797000099AD9F804005468152900F39980002960
:1079800040F3BA805B0053FB04030B4103F307038E
:107990005BB28BF801300E9B022B62D00A9B069ED5
:1079A0009868089B079FB3F90410099BB58C9B68E6
:1079B000009308F10202059BD9F808A092B29C1826
:1079C0009A5614F90E60D21B04EB4E0315FB020508
:1079D000039814F91E401A181856F61BE41BC01B16
:1079E000069FFB8C13FB06533D8D3E4615FB04336F
:1079F000748D12F90E5002EB4E0714FB0034039BFA
:107A000012F91E00079AFE18FB56AD1A801A174687
:107A10009B1A069A928D12FB0542069DEC8D14FB73
:107A20000024288E10FB034016F90E4016F91E2084
:107A30006B8EE41B13FB0403A88ED21B152910FBCD
:107A4000023042DD8B1E0124013904FA03F3009A4F
:107A500050FB02330B41534403F307035BB28BF833
:107A60000230159B9B44059A13990D9B0A440133E0
:107A70000592129A1BB293420D93FFF6F0AC169B3F
:107A8000199A01331BB29A4271461C463FF7D9AC92
:107A90001DB0BDE8F08F8C1E0122013902FA04F4FA
:107AA00053FB06430B412B4403F307035BB214E77C
:107AB0008D1E0122013902FA05F553FB04530B41D7
:107AC000034403F307035BB263E700292CDD009A4C
:107AD000430053FB02A30B4103F307035BB2BEE772
:107AE000C1F101018B4003F31F0353FB16F32B4439
:107AF00003F307035BB2F0E6C1F101018B4003F32E
:107B00001F0353FB14F3034403F307035BB240E783
:107B10009846299B0A93119B99460F9B0693109BAD
:107B20000893329B09937AE6C1F1010300FA03F34B
:107B300003F31F03009A53FB12F3534403F30703A9
:107B40005BB28CE78E4244F8047F7FF43CAC4BE49C
:107B5000AAF103030B935FE45FEA9A0400F0448107
:107B6000631E9BB22A1D02EB830C4FEA8A0200922D
:107B7000029A0694A2EB0A060F9ACDF820A04FEACB
:107B80004A00294605EB0A0301900AEB4A0E0AEB6C
:107B90008A07144626951B941B9DD1F800A02A1D28
:107BA0001B921A68CAEA0244C2EA2A422FFA84FAED
:107BB000C5F800A02FFA94F41B9D2C6004351B958A
:107BC0001B9C2FFA82F5043444F8045C1B942FFAB2
:107BD00092F21B9C226004341B941B9D50F801A060
:107BE0002A1D1B92C258CAEA0244C2EA2A422FFA4C
:107BF00084FAC5F800A02FFA94F41B9D2C6004357C
:107C00001B951B9C2FFA82F5043444F8045C1B94EA
:107C10002FFA92F21B9C226004341B941B9D5EF889
:107C200003A02A1D1B92009AD258CAEA0244C2EA53
:107C30002A422FFA84FAC5F800A02FFA94F41B9D6B
:107C40002C6004351B951B9C2FFA82F5043444F8F4
:107C5000045C1B942FFA92F21B9C226004341B9448
:107C60001B9D57F803A02A1D1B927258CAEA0244B2
:107C7000C2EA2A422FFA84FAC5F800A02FFA94F437
:107C80001B9D2C6004351B951B9C2FFA82F5043438
:107C900044F8045C1B942FFA92F21B9C226004347B
:107CA0001B941B9CF258C2EA02252FFA85F5258009
:107CB0002D0C6580C2EA22622FFAA2F20431A28062
:107CC0008C454FEA1242E28003F1040304F10804F8
:107CD0007FF461AF2246069CDDF820A0269DA3001C
:107CE0009CB21AF003063FF452AB2B5713802919AC
:107CF00001EB4A0311F90A00508011F91A10918022
:107D000013F90A10D18013F91A10118103EB4A03F9
:107D100003EB4A0113F90A00508113F91A309381D9
:107D200011F90A30D38111F91A301382012E04F1AE
:107D300001039BB245D0E95651822B4403EB4A0123
:107D400013F90A00908213F91A30D38211F90A301C
:107D5000138311F91A30538301EB4A0303EB4A01F1
:107D600013F90A00908313F91A30D38311F90A30FA
:107D7000138411F91A305384022E22D0A31C9BB213
:107D8000E918EB56938411F90A30D38411F91A30AB
:107D9000138501EB4A0303EB4A0113F90A005085EE
:107DA00013F91A30938511F90A30D38511F91A3075
:107DB000138601EB4A0111F90A30538611F91A3082
:107DC0009386029B0F9A2C98534402EB430351462F
:107DD000329A10931C4601F0C1FA6FF0150303FBB1
:107DE0000A431193FFF7E7BA4FEA4A03019378E792
:107DF0002DE9F04F9DB08946BDF8A4100D919DF975
:107E0000AC1011919DF9B01015919DF8B8100F911B
:107E1000022BBDF8C01017921646BDF89CB0BDF8F5
:107E200098202F9C14918046CA4600F0BE8045469B
:107E30000D9B0AFB06F203FB024398450E9204D207
:107E40000BFB02884445C0F03C81012310930D9F39
:107E5000319B329A2D98A3EB4708329B98443946C0
:107E6000434601F07BFA329A329902EB870201EB2A
:107E7000C7014FEA470C13921291002F00F069815D
:107E80000123159F1893C4444146101F9E46169621
:107E900031F9023B5A1E92B20EFA03F6142A07FA7F
:107EA00003F303EB560378D88C4540F8043FEFD139
:107EB000169E149B012B00F0188100270F9BDB07F7
:107EC00040F10A810E9A0AEB0603023302EB4303E8
:107ED000109A002A00F0FD800D9A2F9402FB0AF2FE
:107EE00014920AFB0BF2CDF858A05C46C246DDF8AE
:107EF000BCB015920026984622E0129B0A93139B71
:107F00000993169B08930F9B0793119B2A9A289914
:107F10000B97CDE905430D9BCDE903830E9BCDE97E
:107F200001A3329B009328465B4603F059FC149B47
:107F30009B44159B1D44109B0136B34200F0C98041
:107F4000B9F1050FD9D1179B192BD6D10D9B402B19
:107F5000D3D1402CD1D1119B8033CED1189B002B93
:107F6000CBD00F9B032BC8D1129B0A93139B2A9A49
:107F700028990B97CDE908930F9B0793119BCDE9A7
:107F800005430E9BCDE901A3329B0093CDE9038409
:107F90005B46284603F0D4FFC9E78C4540F8047FD0
:107FA00000F09C800023189372E7022A7FF43FAF11
:107FB000002E00F0D1804FEA9B031A4609F1FF33EF
:107FC0005B080BFB03F31A9309FB0BF35B0019939C
:107FD0005308DB001093134622F0010C002103F03C
:107FE000010702F1FF3A95004FEA8C0C0BF00306F3
:107FF00086460A4612971B909846B9F1000F37D073
:108000007346CDF84CE00027D64616921891B8F189
:10801000000F10D0BEF1060F03D9DA430244062A3E
:1080200079D85919024653F8044B42F8044B8B4255
:10803000F9D10B46284476B193F900200270012E45
:1080400007D093F901204270032E04BF93F9022058
:1080500082703344304402374F455B44D7DB189974
:10806000169A01EB0B031A99F246DDF84CE019441D
:10807000199B9E44179B02329A42BEDBDDF86C804E
:108080002F9C0A461E4606FB09F3A8EB02050BFBD4
:10809000035529464046CDED100A8DED0E0A02F03B
:1080A0003FFA731C09F101025E10C3F34F039DED0B
:1080B0000E0ADDED100A17934FEA620AC2F34F0968
:1080C000B6E6179B109301231793CDF838A01E46F0
:1080D000BDE61DB0BDE8F08F0E9BF9E600231893B6
:1080E000149B169E012B7FF4E8AE0D9A31996FF028
:1080F000090303FB02130BFB02F2B3EB420FFFF683
:10810000DCAE129F149A0D992898CDE900B75B4612
:1081100002F0BAFDD2E6109CCDF838E01A460146CE
:1081200003EB040A1468D2F804E0C1F804E0083252
:1081300052450C6001F10801F4D1129ADDF838E0E3
:108140001AB153F80C2040F80C2059190B4628445A
:1081500071E701231893ACE6324694E72DE9F04F1E
:10816000E9B081469A46BDF80402BDF800320E938C
:10817000329003FB00F3BDF8D0013090BDF8D4017C
:108180003190BDF8D8011290BDF8DC013C90BDF8EB
:10819000E001BDF8CC517F9C2C90BDF8E4013890F3
:1081A0009DF9EC0124930B9005FB03439DF8F80126
:1081B00027909945BDF808029DF9F0811A910F9218
:1081C00022950C9080F0AF82134601FB03F30AFB6B
:1081D00003939C422CBF002501252299839B849AFE
:1081E0007D98A3EB4103D618279B023B012B334616
:1081F00098BF00254FEA410B01F0B0F8279BDB0741
:1082000006D50E9B329A0233023202FB03F324930B
:108210007A9B0193849B229F03930B9B0293319B38
:10822000729900935046309B3A4601F0A7FC84991E
:108230000BEB070301EB8301DDE9300310FB03F3D4
:1082400013FB0AF39BB22193C7EB477301EBC30304
:10825000299303EB87031D912A93DFB10B9F3246CD
:10826000181F06EB0B0C4FF0010E32F9023B591EA2
:1082700089B20EFA03F6142908FA03F303EB560346
:1082800000F23A82624540F8043FEED1DDE98323F3
:108290000B979E18A6EB0B0328931A9B4A930F9BF0
:1082A00049930E9B4E93329B4D93129B60933C9B44
:1082B00061932C9B6293389B309E319F639350ABAC
:1082C000009348AA4CAB5EA954A8529607FB06F847
:1082D000519701F0BDFA22981D9A0AFB06F10AFB9C
:1082E00008F300FB03F601FB07F302EB8303239380
:1082F000279B179103F00202C3F3400326930C9BC4
:108300003B92B6F5206FA8BF4FF42066012B00F01A
:108310002B8400233D93219BB6FBF3F39BB21A46BB
:10832000229B9A4228BF1A46B3FBF2F102FB11339B
:108330009BB2259289B2002B00F0F781012D00F04D
:10834000F9811D9A2C98DDF82CB0CDF8D0A00AFB4D
:1083500008F302EB830318931A9A389BDDF88880A0
:1083600003FB02F35B421B1A0AFB03933E933C9B05
:1083700003FB0AF302FB03F335930AF003031493A0
:10838000179B5B001B9343423693129BCDE9391830
:1083900003FB0AF34FEA4A09199302FB0AF33793E6
:1083A000CDF8CC903D9B4BB9149B002B40F0B48191
:1083B000259B219A2399729801F090F9279B032B12
:1083C00000F0A2811E94329B002B00F0B780319AFE
:1083D000389B3E9D7F94A2EB03085B421393A94612
:1083E00000231D9A3C9D1F4654A80B9201F088FA69
:1083F0000E9B0B9A002B7DD013991B982D97A8EB01
:10840000010300FB03F31C932C98309B379F1C1A2D
:10841000319B0B442B93369BCDE92E95CDE90B393F
:1084200000230D93549B002B00F0E080013B5493FC
:108430004FF00103ADF87631139B2B998B4243DA51
:1084400019460B9B339D0C98349EE31A05FB03F3EE
:10845000CDE910781593AA4688460B9DA5422ADAE5
:108460000F9B434540F2B180149BCDF85880CDE975
:108470001F20DDF8688007469146002B00F09D80A4
:1084800006E0013500F09AFFA542D14437440CD0F4
:108490004545324649463846F3D35846013501F042
:1084A0004DFBA542D1443744F2D1DDE91F20159B95
:1084B000DDF858801A44109B1844119B08F10108FC
:1084C0009845CAD1109F9846189B934200F0C280ED
:1084D0000C9919980D9B01440C9112980B99014429
:1084E0000B910E99013399420D9304449AD1DDE921
:1084F0002D792F9D139B2B441393359B9944329BCD
:108500000137BB42A8447FF46FAF1D997F9C914215
:1085100014D01E9B0793269B06932A9B0593849B4E
:108520000493289B0393219B0293259B0193249BF7
:108530000093299A229B239802F004F9259A3A9BEA
:108540009B1A99B28A42134628BF0B463A91002BD8
:1085500000F0D8807299219800FB0211729129993C
:1085600001EB82012991289901EB4201289184991C
:1085700001EB820184912A9901EB82012A913B99B6
:10858000002900F0C6802499259301FB0244399B01
:10859000013B9BB21A4639934FF6FF739A427FF420
:1085A00001AF69B0BDE8F08F384600F069FF0135D2
:1085B000A542D14437443FF478AF45453246494659
:1085C0005846F1D301F0BAFAF1E7914617461690F2
:1085D000494601353246584601F0B0FAA542D14429
:1085E000F6D1DDE915303A461A4464E7559B3BB9AC
:1085F0004FF00103ADF87631569B013B56931BE7D4
:10860000013B5593BDF87431ADF87631012B3FF441
:1086100013AFDDE91353002B3BD14545BFF654AFF3
:108620000C9B1194DDF86CA0179C109291461E468D
:10863000494630460135224600F022FF4545D144E7
:108640003E44F5D1DDE910241C9B1A44189B93424B
:108650007FF43EAF279B032B1E9B0893269B07931B
:108660002A9B0693849B0593289B0493219B039349
:10867000259B029327D01D9D299A239800230193BF
:10868000249B00932946229B02F00CFF2A461E9051
:108690001EE74545BFF618AF0C9B1194DDF86CA0A2
:1086A000179C109291461E46494630460135224697
:1086B00000F084FE4545D1443E44F5D1DDE9102467
:1086C0001C9B1A44C2E70D9D249B0093B5FA85F3C9
:1086D0005B095B00299A01931D99229B239802F064
:1086E000E1FE0E9B1E90013BAB4204BF03460233EA
:1086F0001D9A08BF1E93EBE6624540F8048F7FF495
:10870000B4ADC3E5259342E70E9B0333E3181E93F4
:1087100059E6144425933AE7259B219A23997298A8
:1087200000F0F0FE4AE6002557E5012D04D001399E
:1087300089B206E6013189B2329B002B3FF431AF9A
:108740001D9A38981A9D319FCDF8E8A00AFB08F3CE
:1087500002EB830319932C9A429405FB00F35B42CE
:108760009B1A0AFB039339934B1E9BB244933C9B89
:108770000AFB03F305FB03F3A7EB000B439347420C
:108780000E9B2C98159703334042E6183E900E9BA3
:10879000229840960AF0030603F10209139603FBA0
:1087A00000F3179E4593129BCDF81891760005FBB8
:1087B0000AF803FB0AF300221B964FEA4A06DDF88B
:1087C0002CA0CDF8FC8018934192D8468946419B55
:1087D00054A80133419301F093F8409B429D279A9E
:1087E000032A08BF1D463D9B4BB9139B002B40F04D
:1087F000B481259B219A2399729800F06FFFB9F1FB
:10880000000F00F08681159A1B99DDF810B1CDF8A4
:108810001C91A8EB020301FB03F31C93319B3896D8
:10882000D318259A2B92729A3B922A9A3392299ABC
:1088300037932F92229B289A2E92849A2D92A946A2
:108840001D46599A589B56920E9A5593579B54938E
:10885000002A00F02781309A2C99CDF88090541A84
:108860003E9A0B920021399A0C92CDE934B91D9AA7
:10887000DDF8FC900D913695002B5ED0013B5493B2
:108880004FF00103ADF87631159B37998B423EDAF4
:1088900019460B9B389E0C983A9FE31ACDE9108934
:1088A00006FB03F3149303460B9DAC4226DD0F98A1
:1088B00081425CD21398DDF868801693CDE91E12D0
:1088C0009946934600284AD006E0013500F076FD2F
:1088D000AC42B344B9440CD045453A4659464846A3
:1088E000F3D35046013501F029F9AC42B344B94401
:1088F000F2D1DDE91E121498169B0244119803442C
:10890000109801318142CFD1DDF844908046199B07
:10891000934267D00C9918980D9B01440C911298C2
:108920000B9901440B910E99013399420D93044424
:1089300000F09D80549B002BA0D1559B53BB4FF062
:108940000103ADF87631569B013B56939CE74846B0
:1089500000F096FD0135AC42B344B944C9D0454559
:108960003A4659465046F2D301F0E8F8F2E793460A
:10897000169389469046414601353A46504601F0E5
:10898000DDF8AC42B044F6D11498169B5A464946DD
:108990000244B3E7013B5593BDF87431ADF876312D
:1089A000012B3FF471AF139B159D002B45D145451D
:1089B000ADDA0C9B1B9E10942F46179D1192934687
:1089C0001C465946204601372A4600F059FD4745C6
:1089D000B3444C44F5D1DDE910421C9B1A44199B69
:1089E000934297D1209B0893269B0793339B069332
:1089F0002D9B05932E9B0493219B03932B9B02930A
:108A000000230193249B189A00930C9B0D9D1D99A4
:108A1000239813440C93129A0B9B134401350B9328
:108A20001444229B2F9A0D9502F03CFD0E9B209042
:108A3000AB4200F08E801D9A7CE74545BFF667AFDC
:108A40000C9B1B9E10942F46179D119293461C461B
:108A50005946204601372A4600F0B0FC4745B3444A
:108A60004C44F5D1DDE910421C9B1A44B7E71D992F
:108A7000369D8A42DDE934B914D0209B0793269BAA
:108A80000693339B05932D9B04932E9B0393219B6D
:108A900002932B9B0193249B00932F9A229B239854
:108AA00001F050FE2B9AAB1A9DB2AA42144628BF81
:108AB0002C46A4B213469144002C43D03B99219AF2
:108AC00002FB031318463B93139B002B3CD12399C5
:108AD000234600F003FE2B9B2F9A2B9402EB83027C
:108AE0002F922E9A02EB43022E922D9A02EB8302D2
:108AF0002D92339A02EB830333930BF1FF331FFA6A
:108B000083FB4FF6FF739B457FF49BAE389EDDF8E9
:108B10001C913C9B159A1A4498441592399B439A90
:108B200013443993469A409B13444093459A429B81
:108B300013444293419A329B93427FF448AE69B00A
:108B4000BDE8F08F2B94D8E72399234600F0DAFC98
:108B5000C1E7DDE934B9369DA4E7259B219A239925
:108B6000729800F0CFFC4AE6219A02FB00F3B34270
:108B70003FF7CFAB1AF0030F08D103462399729841
:108B800000F0ACFD01233D93FFF7C5BB03462399DD
:108B9000729800F0B7FCF5E72DE9F04F95B0CDE9FC
:108BA00008010A93BDF87C300B93BDF89850BDF8CE
:108BB0008C309DF9A0100C93BDF8943004921046AF
:108BC000BDF87890BDF88020BDF88440BDF888C01D
:108BD000BDF890809DF99CB005930391002D00F0A5
:108BE000B680002B00F0B380B9F1000F00F0AF8029
:108BF000DFED595A00FB09FA2646F0EE406A2C4692
:108C0000B7EE006A00201746C646654600FB0EFC1C
:108C1000ACEB05030A9ADDED037A1194002BA5EB6A
:108C20000C0CD4BFE0464FF000089444049A43442F
:108C300002FB03F30793059BCDE90D07CDE90F5E1A
:108C400000FB03F3BC45B8EEE75A0693A8BFBC4649
:108C500000230C9A0499129302FB03F2941B002C3C
:108C6000A6EB0202D8BF1746069A139603EB020042
:108C7000099A09FB0020079A2244A1EB04040B99EE
:108C8000C8BF00278C42A8BF0C4608993A4409FB8C
:108C9000021EF6EE004A01380022CDF808E05946DF
:108CA000E04557DA029BCDF8048003EB020BC64681
:108CB0007F25A7420ADA5E463B4696F900800133DB
:108CC0004545A8BF45469C424E44F6D10EF1010EE3
:108CD000F445D344EDD1DDF80480F4EE466AF1EEBC
:108CE00010FA02D1039B99421AD06D1A07EE905ADE
:108CF000F8EEE77AB0EE457AA7EEA67AB5EEC07A3E
:108D0000F1EE10FAB4BFF0EE657AF0EE647A77EE29
:108D1000877AFDEEE77A17EE905A05F307056DB2F4
:108D20000132914500F8015FBAD1DDE91236059AAA
:108D300001339BB29A428B468BD8DDE90D07119C1B
:108D4000431C98B28442DDE90F5E3FF65FAF15B079
:108D5000BDE8F08F7F25C0E7FCFFFFBE2DE9F84F8F
:108D60001C4692F900900A9B4FF0000569F3070535
:108D7000002B69F30F251EDD0C9B9E1C0D9B884666
:108D80004FEA430B06FB04FA0027002C09DD0C9B7D
:108D9000002108EB030001318C4205803044FAD1F8
:108DA000D04441465A46484601F058FC0A9B0137D8
:108DB000BB42D844E9D1BDE8F88F00BF2DE9F04FA0
:108DC00085B092F90080119A0E9F03929B464FF056
:108DD000000568F30705BBF1060F109B0C4668F30E
:108DE0000F2500F08280BBF1030F58D0002A08DB6A
:108DF0000093039B08465A1C4146144405F09DF914
:108E0000009B012F07F1FF3E0BF1FF362CDD039A8B
:108E1000CDF8008001329F1C4FEA420A07FB06F2A0
:108E2000D04602924FF00009CDF804E09A46BBF11B
:108E3000010F04EB0A0109DD8C4600200130864257
:108E4000ACF80050BC44F9D1029B1944009842464A
:108E500001EB080401F002FC019B09F101099945AD
:108E6000E5D1DDF800805346BBF1010F04EB0300B0
:108E70000ADD03F1020A0246002301339E421580F7
:108E80005244FAD106FB0A00039B002B2ADB1A4648
:108E90000132414605B0BDE8F04F05F04EB95FFA2A
:108EA00088F34FEA082292B243EA086313434FEA79
:108EB000084202F47F02002F42EA03029BB211DD56
:108EC00007EB870707EB870739442260A380A4F8E4
:108ED0000950E38184F81380626184F818801934A2
:108EE000A142F2D105B0BDE8F08F5FFA88F34FEAF6
:108EF000082292B243EA086313434FEA084202F49D
:108F00007F02002F43EA0203ECDD0F34002201321E
:108F1000974244F80F3C44F80B3C04F8078C25803A
:108F2000258125822583258484F82880C4F829306A
:108F3000C4F82D3004F14004E9D105B0BDE8F08F4C
:108F40002DE9F04F85B016460E9A01928146DDE973
:108F50001120082BDDE90F5ADDE913780C46029049
:108F600050D0002A0FDD00974FF0000B2F4615461A
:108F700021463A46BB44304601F0D2FA5D453C44B6
:108F8000F6DC3D46009F019B002B2ADD0023009369
:108F9000002FC8BF4FF0000B08DD21462A46AB4426
:108FA000304601F0BDFA5F452C44F6DC21464846C8
:108FB000524601F0B5FAB8F1000F5444D1440ADD2D
:108FC0004FF0000B21462A46AB44304601F0A8FA88
:108FD000D8452C44F6DC009B019A01339A42009359
:108FE000D6D1029B002B0ADD0027984621462A464F
:108FF00030462F4401F094FAB8452C44F6DC05B015
:10900000BDE8F08F96F900608B183046009301F0B0
:1090100025FB019B002B009B27DD08EB0A024FF08C
:10902000000BD5191C4607EB0A0203934346009236
:10903000D8469B46214630463A4601F00FFBE119DF
:109040004846524601F06CFA009B5A46E1183046F9
:1090500001F004FB019B08F101084345D1442C4475
:10906000E8D11A46039B05FB0233029A19463046A3
:1090700005B0BDE8F04F01F0F1BA00BF2DE9F04FA7
:1090800087B09B46149BBDF94080DDF85490CE1804
:10909000131EDDE9124A01933EDD04FB08F3CDE91E
:1090A000036102930023074635460093CDF814B0C0
:1090B000B9F1000FC8BF002608DD29462644224624
:1090C000384601F02DFAB1452544F6DC119B2946BE
:1090D00038461A461F441D4401F022FAB8F1000F29
:1090E000A7EB040A0CDDAB460026594601362246A2
:1090F000504601F015FAB045A344F6D1029B1D4439
:10910000009B019A01339A420093D1D1DDE90361BA
:10911000DDF814B0DDF84CA0B1420AD00C460D4683
:10912000214652463046544401F0FAF9A642F7D19E
:109130002946019B5B44013B0AFB0315169BEC1877
:10914000A54218BFCAF1000607D02146524628465C
:10915000344401F0E5F9A542F7D107B0BDE8F08F3E
:109160002DE9F04F8FB00D46229F02909246B3F149
:10917000000CBDF984201899DDF86880DDF878903E
:10918000BDF97CE0BDF98000DDF88CB00B92DDE923
:109190001C462F4462DD1B9A249B0C9513445B44B0
:1091A00004FB01F20993089207EB0B03029A019367
:1091B0008E448B1E0AFB0EFE04FB0323049308FB64
:1091C00000E309FB0353039309FB08F30793002310
:1091D0000593C9F1000ACDF818E0CDF828C01D9616
:1091E0000D90019BBB420AD0029E1D465544264469
:1091F00022462946304601F093F9BD42F6D1029B42
:109200001B9A019918461344029301F089F9069BB1
:1092100043450DDADDE903B61D46594630460135B2
:10922000224601F07DF9A845CB44A6EB0406F4D113
:10923000099A0199059B114417440191049A0899D0
:109240000A4404920799039A0A4403920A9A013342
:109250009A420593C5D10C9D1D9E0D9800FB06F406
:1092600005EB4404A5420BD0C6F100082F46394651
:10927000204632463744444401F052F9A742F6D121
:10928000199B0B9C013B06FB035506FB04F4A5EB65
:109290004404A54218BF774208D0294620463246EA
:1092A0003D44344401F03CF9A542F6D10FB0BDE88D
:1092B000F08F00BFF7EE007AB4EEE70A08B5F1EEE2
:1092C00010FA4FF00003038025D44FF6FF73F7EE3A
:1092D000007AB6EE007A4FF6E07105E0038093B2B3
:1092E0008B4220EE070A2DD0B4EEE70AF1EE10FA19
:1092F00003F1FF32F2DCDFED187A60EE277A17EE29
:10930000900A03F009FFB1EBE07F1CBF6FF0004053
:1093100080EAE17008BDB5EEC00AF1EE10FAD4DDC6
:109320000123F6EE007A05E0038093B2212B30EEA4
:10933000000A0DD0B4EEE70AF1EE10FA03F10102D3
:10934000F2D4D8E74FF6E27330EE000A0380D2E79A
:1093500000230380184608BD0000004F61B380EE73
:10936000207A70B500EB81019D1E141F0026F0ECE1
:10937000017A67EE277A17EE90EACEF3C752CEF362
:10938000160C0CF5000CBEF1000FC2F17E02B8BF46
:10939000CCF1000C1F2A4FEACC1306DC814225F8E1
:1093A000022F44F8043FE2D170BD814225F8026FDC
:1093B00044F8046FDBD170BD704700BF70B5B2F1E7
:1093C00010044FF0000E37D4D0F800C043682FFAD5
:1093D0009CF52FFA8CFCC5EA2C46CCEA054C2FFAFA
:1093E00093F54E60C1F800C02FFA83F3C5EA234617
:1093F000C3EA0543CE608B60D0F808C0C368103064
:109400002FFA9CF52FFA8CFCC5EA2C46CCEA054CC9
:109410002FFA93F5C1F810C04E610EF1100E2031F5
:10942000A6452FFA83F3C5EA234CC3EA054341F866
:1094300004CC41F8083CC7DD161F764512DB50F816
:10944000043B2FFA93F408310EF1040EB6452FFABF
:1094500083F3C4EA2345C3EA044341F8045C41F8BA
:10946000083CECDD724509DDA2EB0E0201EB420285
:1094700010F9013B21F8023B9142F9D170BD00BFC8
:1094800070B5B2F110054FF0000E26D4D0F800C030
:1094900043682FFA9CF62FFA8CFC2FFA93F40E6097
:1094A000C1F804C08C602FFA83F3CB60D0F808C0F9
:1094B000C36810302FFA9CF62FFA8CFC2FFA93F425
:1094C0000E61C1F814C08C610EF1100E2031AE4552
:1094D0002FFA83F341F8043CD8DD141F74450FDBE9
:1094E000AEEB000E50F8043B2FFA93F20A6000EB4B
:1094F0000E0C083164452FFA83F341F8043CF1DA8D
:1095000070BD00BF2DE9F0475F081646984600EB96
:10951000020C00F0BA80A2F11005141F002D4FF0CC
:10952000000273DBD0F800E0DCF800302FFA9EF97F
:109530002FFA8EFEC9EA2E4ACEEA094E2FFA93F987
:10954000C1F800E0C1F808A02FFA83F3C9EA234E5E
:10955000C3EA0943C1F80CE04B60D0F804E0DCF842
:1095600004302FFA9EF92FFA8EFEC9EA2E4ACEEA6F
:10957000094E2FFA93F9C1F810E0C1F818A02FFA9C
:1095800083F3C9EA234EC3EA0943C1F81CE04B61E7
:10959000D0F808E0DCF808302FFA9EF92FFA8EFE9A
:1095A000C9EA2E4ACEEA094E2FFA93F91030C1F8D3
:1095B00020E0C1F828A02FFA83F3C9EA234EC3EABA
:1095C0000943C1F82CE04B62DCF80C3050F804EC95
:1095D0000CF1100C2FFA9EF92FFA8EFEC9EA2E4AD2
:1095E000CEEA094E2FFA93F9C1F830E0C1F838A05D
:1095F00010324031AA422FFA83F3C9EA234EC3EA5C
:10960000094341F804EC41F80C3C8BDD94421EDB2D
:1096100050F8043B5CF804EB2FFA93F92FFA83F32C
:10962000C9EA234AC3EA09432FFA9EF90B60C1F83D
:1096300008A004321031A2422FFA8EFEC9EA2E434E
:10964000CEEA094E41F8043C41F80CECE0DD9642CC
:1096500041DDB21A0B1D00EB020AE64610F9019B30
:1096600023F8049C1EF9019B23F8029C504503F14A
:109670000403F3D1944401EB8201013FBFB20AEB32
:109680000600B444002F7FF449AF18F0010F20D03A
:10969000371F4FF0000211D450F8043B2FFA93F417
:1096A0000831043297422FFA83F3C4EA2345C3EA10
:1096B000044341F8045C41F8083CEDDA964208DDC9
:1096C000B31A01EB430310F9012B21F8022B8B4253
:1096D000F9D1BDE8F0878246CFE700BF2DE9F0471A
:1096E0005F081646984600EB020C00F08D80A2F150
:1096F0001005141F002D4FF0000E4CDB0268DCF843
:1097000000302FFA92FA2FFA82F22FFA93F9C1F869
:1097100000A0C1F804908A602FFA83F3CB604268FE
:10972000DCF804302FFA92FA2FFA82F22FFA93F92A
:10973000C1F810A0C1F814908A612FFA83F3CB61AD
:109740008268DCF808302FFA92FA2FFA82F22FFAA8
:1097500093F9C1F820A0C1F824908A622FFA83F30C
:10976000CB62C268DCF80C3010300CF1100C2FFA10
:1097700092FA2FFA82F22FFA93F9C1F830A0C1F8C9
:1097800034908A630EF1100E4031AE452FFA83F308
:1097900041F8043CB2DD744517DB50F8042B5CF84B
:1097A000043B2FFA92FA2FFA82F22FFA93F9C1F8BA
:1097B00000A0C1F804908A600EF1040E1031A64595
:1097C0002FFA83F341F8043CE7DD76453DDDA6EB57
:1097D0000E0E0B1D00EB0E0A624610F9019B23F8DA
:1097E000049C12F9019B23F8029C504503F10403E9
:1097F000F3D1F44401EB8E01013FBFB20AEB060046
:10980000B444002F7FF476AF18F0010F1BD0351F42
:109810004FF000020CD450F8043B2FFA93F40C6084
:109820000432083195422FFA83F341F8043CF2DA0E
:10983000964208DDB31A01EB430310F9012B21F81E
:10984000022B8B42F9D1BDE8F0878246D4E700BFF6
:109850002DE9F0430027C0E9007787600E69079C77
:10986000C6F1000C9E68BE42B9461BDD3E46BE46B0
:1098700012E09568A5EB0C08A568A845B5BF09F1ED
:1098800001090137C0F8089047608D68AC449D68B5
:109890000EF1010E754506DDBCF1000FE9DA013667
:1098A0000660F2E73E460025C0E90367C0E90655B9
:1098B000C0F8149005624E69C6F1000C5E68AE42B5
:1098C0001CDDAE460FE055686668A5EB0C05B54299
:1098D00010DA056A01350562CD68AC445D680EF1A9
:1098E000010E75450ADDBCF1000FECDA8569013522
:1098F0008561F1E7C5690135C561EDE7BDE8F08334
:10990000D0E9063223B97AB1013A8384C26104E016
:1099100052B10122013B82848361D0E90423C168F2
:109920008360C0E900127047036A0122013B828410
:109930000362F2E72DE9F04F97B0CDE90A0119462D
:10994000BDF884300C93BDF88C309DF9A4400D9384
:10995000BDF8A050BDF894300E930494BDF89C302F
:109960009DF9A840BDF880B0BDF888C0BDF89060F2
:10997000BDF8980006920793059435B102FB0BFAE7
:1099800000222BB901329542FCDC17B0BDE8F08F04
:10999000C0EE204A884637462946DDED047ADFEDE1
:1099A000655ADFED652AB8EEE75AB0EE406AF0EE90
:1099B000606A02FB00F4E41B24EAE4736444444557
:1099C000A8BF4446A146079C02FB04F40894069CE9
:1099D00003FB04F40994BBF1000F00F08580DDED7A
:1099E000057ACDE911C7CDE91301B8EEE74ACDE913
:1099F0000F28002598460E9B069C159505FB03F243
:109A00000D9BD21A0C9B22EAE27C1A44089B9442DA
:109A1000A8BF1446EA180B9B0BFB0230099B03EB13
:109A20000C020A9B0BFB0233F6EE003A0393002272
:109A3000A4EB0C0E45460146A94566DD039BCDE926
:109A400001524FF00008D7182E464046644509DD04
:109A50003A46634692F9005001339C4228445A44E6
:109A6000F8D1F0440136B1455744EFD1B4EE666AFF
:109A7000F1EE10FADDE9015203D1DDE90436B3421B
:109A800039D007EE900AB8EEE73A07EE908AB8EEC2
:109A9000E77AC3EE077A77EEC57AB0EE447AA7EE9E
:109AA000A47AB5EEC07AF1EE10FAB4BFF0EE657AA2
:109AB000F0EE637A77EE877AFDEEE77A17EE903A6A
:109AC00003F307030B7001325A4501F10101B3D1D1
:109AD000A846159D079B0135AB428CDCDDE90F28BC
:109AE000DDE911C7DDE91301013291423FF761AFB2
:109AF00017B0BDE8F08F002813DB00EB6800B0FB67
:109B0000F8F808F307030B70DDE7B4EE666AF1EED0
:109B100010FA03D1DDE90430834209D0F0EE627A15
:109B2000B9E708EBD873A0EB630090FBF8F8E8E71F
:109B3000FFDE00BFFCFFFFBE0000C07F10B5C0EA23
:109B4000004E94080ED00B464FF0000C0CF1010CA7
:109B50006445C3F800E0C3F804E003F10803F5D15D
:109B600001EBC40112F0030206D0012A088003D0E1
:109B7000022A488018BF888010BD00BF2DE9F04F31
:109B800087B0BDF840409DF948A013FB04F313FBD8
:109B900000F40846119B1399002A78D0A4B2A708B4
:109BA000A3F10408A7F18103C3F3C813C3EB432651
:109BB00004F00304A7F1800505EBC615661EB6B2D6
:109BC0001FFA85FB01EB82095D0201EBC202013342
:109BD0005B0205F580650192721C029503921D4699
:109BE0003346802F58D9029ACDE9049300F50076C8
:109BF00000EB020E4FF0000CA6F50079002259F898
:109C0000043B2FFA83F1B1454FEA332392FA11F264
:109C10002FFA83F392FA13F2F1D109F5007613B219
:109C200003EB224376459C44E6D1DDE904934619D3
:109C3000584678B306EB8000002156F8042B2FFA23
:109C400082FE86424FEA322291FA1EF12FFA82F208
:109C500091FA12F1F1D10AB202EB214294446CB1B3
:109C600090F9002094443BB190F90120022C9444D7
:109C70001CBF90F902209444039A104458F8042F12
:109C80000CFB1A2249F8042B019A9145A9D107B07F
:109C9000BDE8F08F3046E2E706464FF0000C38464C
:109CA000C7E700BF2DE9F04F97B099469DF988E0CE
:109CB000269BDDF884B012920D4609EB890103EB77
:109CC000410103EB890A1FFA8EF343EA0E470D9117
:109CD0009DF98C30B9F1000F00F061824FEA490123
:109CE0000BEB0102844603925C46AAF104064FF096
:109CF000010834F9022B511E89B208FA02F0142926
:109D000003FA02F202EB500200F2E68146F8042F59
:109D1000039AA242EDD1129EDDF83480CDF800E026
:109D20004FEA59043B4660463246414600F0D6FCB5
:109D3000002C00F084813046A6F11003249E259F5C
:109D4000CDF850A0621E06F1100192B201EBC202E2
:109D50000E92024603381B090F900BF104000133E9
:109D600004902098CDF884B04FEA031C08EB43130D
:109D700006F1080E08300AF1080602371093131F87
:109D8000CDF818E0059711931394B246CDF81CC096
:109D90009646CDF854908346069A05EB0E07BEF121
:109DA0000F0F52E90231039740F3D481079A0D98BF
:109DB000AE182A68D7F8009004684FEA32284FEAB4
:109DC000392C2FFA82F22FFA88F82FFA89F92FFA14
:109DD0008CFC24FB023224FB0914D0F8049029FBEC
:109DE000082229FB0C496B687C6881684FEA33289C
:109DF0004FEA342C2FFA83F32FFA88F82FFA84F4E1
:109E00002FFA8CFC21FB032321FB0492D0F80C9049
:109E100029FB083329FB0C29AA68BC6801694FEAB1
:109E200032284FEA342C2FFA82F22FFA88F82FFAD0
:109E300084F42FFA8CFC21FB023221FB0493D0F82E
:109E4000149029FB082229FB0C39EB68FC68816916
:109E50004FEA33284FEA342C103510372FFA83F3AA
:109E60002FFA88F82FFA84F42FFA8CFC21FB0323B5
:109E700021FB0492C169203021FB083321FB0C2116
:109E8000B54296D1039A079C109822440392A146AA
:109E90000F9A914580F25C81119ADDF80C800C904C
:109EA000A2EB09024FEA920C0CF101029500CDE9F8
:109EB0000852CDE90AC906EB8204074656F8045B4E
:109EC00058F8040B3A684FEA35294FEA302C2FFA3C
:109ED00085F52FFA89F92FFA80F02FFA8CFC22FBF6
:109EE000053322FB00127968083721FB093321FB77
:109EF0000C21B442E2D1DDE90852DDE90AC9039E32
:109F00000C982E4409F10409039600EBC20009EBFA
:109F10008C09CE4537DDB0F9005094F90060039A02
:109F200015FB063392F9006015FB061109F10105D6
:109F3000754525DAB0F9025094F9016015FB063336
:109F400092F9016015FB061109F10205754517DA52
:109F5000B0F9045094F9026015FB063392F90260DF
:109F600015FB061109F10305754509DAB0F906007C
:109F700092F9035010FB051194F9035010FB0533BF
:109F8000AEEB09094C44049A5BF8087C32F9045C96
:109F90005AF8086C152D40F3B480A81E0122013D2B
:109FA00002FA00F053FB07002841304400F3070396
:109FB0005BB2059A02F8023C049B33F9025C152D52
:109FC00040F391805AF8046CA81E0123013D03FA66
:109FD00000F05BF8043C51FB030141FA05F3334404
:109FE00003F307035BB202F8013C069B04990232BB
:109FF00005920E9A083304319A42069304EB0E053B
:10A0000004910BF1080B0AF1080A7FF4C5AEDDE9F3
:10A01000134ADDE9203B03EBC4032093249BDDF8C6
:10A02000549003EBC4032493259B19F0010F03EB19
:10A0300044030BEB840B25930AEBC40A48D0129A15
:10A04000249B96081B6800F0B4800D9805EB8607EA
:10A0500055F8042BD0F800C044684FEA322108308C
:10A060002FFA82F22FFA81F12CFB023324FB013309
:10A07000BD42EDD10D9A02EBC6020D92129A12F07A
:10A08000030213D00D9C97F900102088012A10FBC1
:10A0900001330BD097F901106088022A10FB0133BD
:10A0A00004D097F90220A18811FB0233BBF90020EC
:10A0B0002099DAF800000968152A60DC002A4EDDD4
:10A0C0005B0053FB0103134103F30703259A13704D
:10A0D000002017B0BDE8F08F039A46F8043FA24273
:10A0E0007FF407AE17E6002D15DD5BF8043C5AF847
:10A0F000040C490051FB0301294101F307035BB242
:10A1000071E7002D17DD5B0053FB07632B4103F361
:10A1100007035BB24DE7C5F10105A94001F31F013B
:10A120005BF8043C51FB13F15AF8043C0B4403F375
:10A1300007035BB257E7C5F1010003FA00F000F333
:10A140001F0050FB17F0304400F307035BB230E709
:10A150003446DEE60D982E464FF0000998E6C2F12F
:10A160000102934003F31F0353FB11F3034403F372
:10A170000703259A0020137017B0BDE8F08F951ED5
:10A180000124013AAC4053FB01431341034403F360
:10A190000703259A0020137017B0BDE8F08F0D99C2
:10A1A000CDF800E03B4600F099FA002017B0BDE87A
:10A1B000F08F2F4662E700BF2DE9F04F91B08A463D
:10A1C0001B991A9CB1F9008024680A9208F1FF32A9
:10A1D0009DF974109DF970600B92142ACDE9080462
:10A1E000079107D801FA08F0012101FA08F100EB04
:10A1F00051020792C2490A9AA1FB03014FEA910B4F
:10A200000BEB4B01A3EB41091F9B03EB41051E9B8D
:10A210000BFB02F403EBC107209B04EB44041FFA81
:10A2200089F90AEB4404002B00F0A3801946089832
:10A23000C6EA06430096164600F050FA1F9B0493A8
:10A24000099B0293079B019320981E9BCDF800B0B9
:10A25000CDF80C805146324600F05AFDB9F1000F9E
:10A2600063D006F00302511E01204FEA960E8EB213
:10A27000A8F1020100FA01F10EF1FF339BB20D913A
:10A2800020990A92013301EBC30A05EB090B4FEA4F
:10A29000830933180C93A0EB08030E93494632460A
:10A2A00057F8043BBEF1000F60D0209E089504EBE8
:10A2B000010954F8040B2FFA90FC35682FFA80F04E
:10A2C00025FB00357368083623FB0C53A145F0D1FC
:10A2D000089D50460A9C002C39D099F90040068808
:10A2E00016FB043362B199F90140468816FB04332A
:10A2F0000A9C022C04D0848899F9020014FB0033D4
:10A300000C9809EB0004B8F1150F12DD09980D9EA9
:10A3100053FB00630B9803410798034403F30703BF
:10A320005BB205F8013B5D45BAD1002011B0BDE834
:10A33000F08FB8F1000F0CDD0998079E5B0053FB0E
:10A34000006343FA08F303F307035BB2E9E74C4603
:10A35000D9E70E98834003F31F03099853FB10F3CA
:10A360000798034403F307035BB2DAE72098A1469A
:10A37000B0E71F9B0593099BCDF800B05146DDF86F
:10A3800020A0CDF81080CDE90263079B01935046D1
:10A390001E9B00F095FEB9F1000FC6D00A98A0F1FF
:10A3A000100323F00F0305EB090B012103F1100942
:10A3B000A8F1020301FA03F30AEB090282460E93A5
:10A3C000BAF10F0FA1EB08030F93C6F10001DE46AF
:10A3D00057F8043B0D92C346C1EA014178DD089865
:10A3E000CDF8289004EB09080C95226805682FFA2F
:10A3F00092F94FEA352C2FFA82F221FA85F521FAEB
:10A400008CFC25FB02352CFB0955D4F804C04368AD
:10A410002FFA9CF94FEA33222FFA8CFC21FA83F3AE
:10A4200021FA82F223FB0C5322FB0932D4F808C034
:10A4300083682FFA9CF94FEA33252FFA8CFC21FA16
:10A4400083F321FA85F523FB0C2325FB0935D4F88A
:10A450000CC0C268103410302FFA9CF94FEA322336
:10A460002FFA8CFC21FA82F221FA83F322FB0C52A0
:10A4700023FB0923A045B8D1DDF828904C46A2451E
:10A48000DDE90C5029DDAAEB0404444418F901CBA2
:10A4900010F9012BA045A2EB060212FB0C33F5D1FB
:10A4A000BBF1150F1DDD099A0E9853FB02030B9AA1
:10A4B0001341079A134403F307035BB205F8013B0A
:10A4C00075453FF432AFBAF10F0F57F8043B86DC05
:10A4D000A0460024A2450898D5DCBBF1150F4446E0
:10A4E000E1DCBBF1000F0DDD099A07985B0053FB1F
:10A4F000020343FA0BF303F307035BB2DEE700BF8B
:10A50000ABAAAAAA0F9A934003F31F03099A53FB1D
:10A5100012F3079A134403F307035BB2CEE700BFBD
:10A52000884221D002B3884213D3032A1DD8013AAE
:10A5300010F8013B01F8013BB2B110F8013B01F802
:10A54000013B012A00F0888010F8013B01F8013B33
:10A55000704783188B42E8D90A4413F9011D02F8A9
:10A56000011D9842F9D1704770472DE9F04301F081
:10A57000030ECEF10403A2EB030C00F00308CEF1AE
:10A58000030210F8013B01F8013B82B110F8013BD6
:10A5900001F8013B012A0AD010F8013B01F8013B08
:10A5A000BEF1010F03D010F8013B01F8013BC64595
:10A5B0002AD05FEA1C120AD050F8043B50F8044B32
:10A5C00050F8045B50F8046B78C1013AF4D11CF0E8
:10A5D000080F04D050F8043B50F8044B18C11CF08D
:10A5E000040F03D050F8043B41F8043B1CF0020F69
:10A5F00003D030F8023B21F8023B1CF0010F01D0E0
:10A6000003780B70BDE8F0835FEA9C190ED0884692
:10A610008646BEE8FF00A8E8FF00BEE8FF00A8E805
:10A62000FF00B9F1010941467046F0D11CF0200F3E
:10A6300007D088468646BEE8FF00A8E8FF004146EE
:10A6400070461CF0100F01D078C878C11CF0080FBC
:10A65000C5D018C818C1C2E7704700BF5FFA80FCB8
:10A6600003029BB24CEA006C4CEA030C030410B4E6
:10A6700003F47F038C074CEA030C06D05AB301F8AD
:10A68000010B8B0702F1FF32F8D11309C2F38104E9
:10A6900002F003024BB141F804CB41F804CB41F87E
:10A6A00004CB41F804CB013BF5D14CB141F804CBCC
:10A6B000012C05D041F804CB022C01D041F804CB89
:10A6C0004AB101F8010B012A05D001F8010B022A59
:10A6D00001D001F8010B5DF8044B7047F0B5970805
:10A6E000BDF914602CD000EB87058E4650F804CBE2
:10A6F0002FFA9CF4D4FA03F42FFA8CFCDCFA03FC56
:10A700008542CEF800C0CEF804400EF1080EEDD11F
:10A7100001EBC70112F0030211D095F9000073B2EA
:10A72000C01A012A08800AD095F90100022AA0EB7C
:10A730000300488003D095F90220D31A8B80F0BD26
:10A740000546E7E72DE9F04F93B0CDE90101BDF8EB
:10A7500074C00F9311469DF88820BDF878E0239CC3
:10A760004FEA5C03002A00F06D811C9880B204EB74
:10A77000000B002B00F0D180400004904FEA9E00B7
:10A7800005460EF0030005902098039500F1080996
:10A7900021980A9300F1080828010790DDE902508A
:10A7A0005E1E05EBC00001F11007B6B208900598D7
:10A7B000019D239407EBC606CDE90B1C1F9F06964F
:10A7C000CDE90DE2800001F1080604370990A246A8
:10A7D00056F8083C1193039C56F8043C11991193C8
:10A7E000119A002C00F02C8102980196A6462B4667
:10A7F0000C461646D0F800C0196821FB0C415A6877
:10A8000022FB0C62D0F804C09C68DE68083010336C
:10A8100024FB0C1426FB0C26BEF1010EEAD1079B8B
:10A8200032461D44019E089B2146059C0CB3B3F99A
:10A830000000B5F800C010FB0C11B5F802C0012CE7
:10A840001CFB002213D0B3F90200B5F804C010FBC2
:10A850000C11B5F806C0022C1CFB002207D0B3F97E
:10A860000430288910FB0311688913FB0022099B1F
:10A870001D4437F9040C59F808EC58F808CC152891
:10A8800040F3A380831E0124013804FA03F351FB33
:10A890000E330341634403F307035BB28AF80030CD
:10A8A00037F9020C152840F3A08058F8043C811EAB
:10A8B0000124013804FA01F159F8044C52FB041246
:10A8C0000241134403F307035BB28BF80030049B8F
:10A8D0009A449B44069B08369E4207F1040709F1FF
:10A8E000080908F108087FF473AF0A9B0498239CB9
:10A8F000019503FB00441F9800EB83001F902098F4
:10A90000DDE90B1C00EBC30020902198DDE90DE28E
:10A9100001EBC30100EBC30321931CF0010F49D0ED
:10A920005FEA9E080B6800F0AC80019D02984FEA38
:10A93000C80705EBC8082E686968D0F8009008358C
:10A9400026FB09334668083021FB0633A845F2D1BF
:10A950000299394402911EF0030113D0029EB8F807
:10A9600000003588012915FB00330BD07588B8F835
:10A970000200022915FB003304D0B8F80400B188A6
:10A9800010FB01331F992098B1F900100568219838
:10A99000152900685FDD8F1E4E1E0121B94053FB53
:10A9A00005133341034403F307035BB2214601F867
:10A9B000013B0C46002A47D01C9B0CFB03F3C3F160
:10A9C0000103E01813B0BDE8F08F00281BDD4B0039
:10A9D00053FB0EC3034103F307035BB28AF8003055
:10A9E00037F9020C15283FF760AF002818DD59F839
:10A9F000043C58F8041C520052FB0312024102F3BB
:10AA000007035BB261E7C0F1010301FA03F303F34B
:10AA10001F0353FB1EF3634403F307035BB23DE7DD
:10AA2000C0F10100824002F31F0259F8043C52FBBE
:10AA300013F258F8043C134403F307035BB244E7F2
:10AA4000029BF2E6012092E60F9BA3EB0C03E018B9
:10AA500013B0BDE8F08F002907DD5B0053FB050351
:10AA60000B4103F307035BB2A0E7C1F101018B4087
:10AA700003F31F0353FB15F3034403F307035BB214
:10AA800094E7DDF8048066E72DE9F04F87B0002BEE
:10AA9000DDF84080029340F3ED80A8F110031B091C
:10AAA00001330F4619019B0116460493A8F10302D6
:10AAB0004FF0000EA8F104030D4603920593714672
:10AAC000B8F10F0F40F3DB80441933463A46D0F813
:10AAD00000E0D2F800C04FEA3E292FFA8EFEC3F8FC
:10AAE00000E02FFA89FEC3F804E04FEA3C2E2FFA6B
:10AAF0008CFCC3F808C02FFA8EFCC3F80CC0D0F849
:10AB000004E0D2F804C04FEA3E292FFA8EFEC3F8C3
:10AB100010E02FFA89FEC3F814E04FEA3C2E2FFA1A
:10AB20008CFCC3F818C02FFA8EFCC3F81CC0D0F8F8
:10AB300008E0D2F808C04FEA3E292FFA8EFEC3F88B
:10AB400020E02FFA89FEC3F824E04FEA3C2E2FFACA
:10AB50008CFCC3F828C02FFA8EFCC3F82CC0D0F8A8
:10AB60000CE0D2F80CC01030A0424FEA3E2902F1AE
:10AB700010022FFA8EFE03F1400343F810EC2FFA77
:10AB800089FE43F80CEC4FEA3C2E2FFA8CFC43F87C
:10AB900008CC2FFA8EFC43F804CC98D1049B2F44A8
:10ABA0001E44AE46039B734567DD059BA3EB0E0970
:10ABB0004FEA9909CDE9001909F1010A4FEA8A0B18
:10ABC00004EB8A003346BC4654F8041B5CF8042BA3
:10ABD00084424FEA312903F110032FFA81F12FFA51
:10ABE00089F943F8101C43F80C9C4FEA32212FFAE4
:10ABF00082F22FFA81F143F8082C43F8041CE3D1C8
:10AC0000DDE900190EF1040E06EB0A165F440EEBA7
:10AC1000890EF04529DD90F90030338097F9003036
:10AC200073800EF10103984519DD90F90130B3806E
:10AC300097F90130F3800EF1020398450FDD90F98A
:10AC40000230338197F9023073810EF10303984586
:10AC500005DD90F90330B38197F90330F381A8EB58
:10AC60000E0E7044774406EB8E06029B01318B4238
:10AC70007FF426AF07B0BDE8F08F2046C9E7044651
:10AC80004FF0000E8EE700BF2DE9F04F87B08046F1
:10AC9000DDF840C0DDF844A000EB0C04481021D0E2
:10ACA000CDE90308464655464FEA4C094FEA8C0B5E
:10ACB0000746059190469A462A4621463046CDF8E9
:10ACC00000A04346FFF7E0FE013F5D444C444E4484
:10ACD000F2D1DDE90308DDE910CA059900FB0BAAF2
:10ACE00000FB0988CB0709D5BCF1000F06DDC44481
:10ACF00018F9013B2AF8023BC445F9D107B0BDE879
:10AD0000F08F00BF00000000000000000000000005
:10AD10002DE9F04F86B000BF00BFDDF848B0BBF1B1
:10AD2000000FCCBF4FF0000C4FF0FF3CBBF1150FF4
:10AD3000C8BF4FF0010CCDF800C001909246994673
:10AD4000CDF81490DDF84CB00F464FEAAA060396F2
:10AD50000AF003060496BDF83C400BEB840202EBBC
:10AD600044020292002C00F03281039EDDF814E0D0
:10AD7000DDF80480BEE83F00CDF814E0013E7DDD43
:10AD800057F804EBB8E800062FFA9EFC2FFA8EFE67
:10AD90002CFB0A002EFB090057F804EB2FFA9EFC4F
:10ADA0002FFA8EFE2CFB0A112EFB091157F804EB2B
:10ADB0002FFA9EFC2FFA8EFE2CFB0A222EFB092274
:10ADC00057F804EB2FFA9EFC2FFA8EFE2CFB0A3369
:10ADD0002EFB093357F804EB2FFA9EFC2FFA8EFE58
:10ADE0002CFB0A442EFB094457F804EB2FFA9EFC77
:10ADF0002FFA8EFE2CFB0A552EFB095557F804EB53
:10AE0000B8E800062FFA9EFC2FFA8EFE2CFB0A00F3
:10AE10002EFB090057F804EB2FFA9EFC2FFA8EFE4A
:10AE20002CFB0A112EFB091157F804EB2FFA9EFC9C
:10AE30002FFA8EFE2CFB0A222EFB092257F804EB78
:10AE40002FFA9EFC2FFA8EFE2CFB0A332EFB0933C1
:10AE500057F804EB2FFA9EFC2FFA8EFE2CFB0A44C7
:10AE60002EFB094457F804EB2FFA9EFC2FFA8EFEB6
:10AE70002CFB0A552EFB0955023E81DC002E3DDBE2
:10AE800057F804EBB8E800062FFA9EFC2FFA8EFE66
:10AE90002CFB0A002EFB090057F804EB2FFA9EFC4E
:10AEA0002FFA8EFE2CFB0A112EFB091157F804EB2A
:10AEB0002FFA9EFC2FFA8EFE2CFB0A222EFB092273
:10AEC00057F804EB2FFA9EFC2FFA8EFE2CFB0A3368
:10AED0002EFB093357F804EB2FFA9EFC2FFA8EFE57
:10AEE0002CFB0A442EFB094457F804EB2FFA9EFC76
:10AEF0002FFA8EFE2CFB0A552EFB0955049EEEB14F
:10AF000038F9029B97F900E097F901C01EFB090090
:10AF10001CFB091197F902E097F903C01EFB0922F7
:10AF20001CFB093397F904E097F905C01EFB09449F
:10AF30001CFB0955013E07F10607E1D1009EDDF833
:10AF400044E0DDF848C0DDF840A0002E42D14FEAD1
:10AF500040004FEA410150FB0EA051FB0EA140FA08
:10AF60000CF041FA0CF14FEA42024FEA430352FB64
:10AF70000EA253FB0EA342FA0CF243FA0CF34FEA73
:10AF800044044FEA450554FB0EA455FB0EA544FAB4
:10AF90000CF445FA0CF500F3070001F3070102F386
:10AFA000070203F3070304F3070405F307050BF88F
:10AFB000010B0BF8011B0BF8012B0BF8013B0BF8F5
:10AFC000014B029B0BF8015B9B457FF4CEAE06B0B4
:10AFD000BDE8F08F16F101083CD04FF0010808FAE7
:10AFE0000CF84FEAA80850FB0E804FEA400040FAE8
:10AFF0000CF0504451FB0E814FEA410141FA0CF133
:10B0000051444FF0010808FA0CF84FEAA80852FB27
:10B010000E824FEA420242FA0CF2524453FB0E8374
:10B020004FEA430343FA0CF353444FF0010808FA84
:10B030000CF84FEAA80854FB0E844FEA440444FA83
:10B040000CF4544455FB0E854FEA450545FA0CF5C2
:10B050005544A0E7CCF1010800FA08F000F31F0006
:10B0600050FB1EF001FA08F101F31F0151FB1EF124
:10B0700050445144CCF1010802FA08F202F31F02D5
:10B0800052FB1EF203FA08F303F31F0353FB1EF3F4
:10B0900052445344CCF1010804FA08F404F31F04A9
:10B0A00054FB1EF405FA08F505F31F0555FB1EF5C4
:10B0B000544455446FE700BFAFF30080AFF3008006
:10B0C0002DE9F04F87B0DDF850B0BBF1000FCCBFD9
:10B0D0004FF0000C4FF0FF3CBBF1150FC8BF4FF015
:10B0E000010CCDF800C0019092469946CDF814901D
:10B0F000DDF854B00F46CDF818B04FEAAA06039613
:10B100000AF003060496BDF840400BEB840202EB04
:10B1100044020292129DC5F1000BCBEA0B4B002CAE
:10B1200000F04C81039EDDF814E0DDF80480BEE8F9
:10B130003F00CDF814E0013E40F38B8057F804EB5C
:10B1400058F8049B4FEA392A2FFA9EFC2FFA8EFEFC
:10B150002BFA89F92BFA8AFA2CFB0A002EFB09003C
:10B1600057F804EB2FFA9EFC2FFA8EFE2CFB0A11E7
:10B170002EFB091157F804EB2FFA9EFC2FFA8EFED6
:10B180002CFB0A222EFB092257F804EB2FFA9EFC17
:10B190002FFA8EFE2CFB0A332EFB093357F804EBF3
:10B1A0002FFA9EFC2FFA8EFE2CFB0A442EFB09443C
:10B1B00057F804EB2FFA9EFC2FFA8EFE2CFB0A5553
:10B1C0002EFB095557F804EB58F8049B4FEA392A2F
:10B1D0002FFA9EFC2FFA8EFE2BFA89F92BFA8AFAA7
:10B1E0002CFB0A002EFB090057F804EB2FFA9EFCFB
:10B1F0002FFA8EFE2CFB0A112EFB091157F804EBD7
:10B200002FFA9EFC2FFA8EFE2CFB0A222EFB09221F
:10B2100057F804EB2FFA9EFC2FFA8EFE2CFB0A3314
:10B220002EFB093357F804EB2FFA9EFC2FFA8EFE03
:10B230002CFB0A442EFB094457F804EB2FFA9EFC22
:10B240002FFA8EFE2CFB0A552EFB0955023E3FF7C6
:10B2500075AF002E43DB57F804EB58F8049B4FEA18
:10B26000392A2FFA9EFC2FFA8EFE2BFA89F92BFA37
:10B270008AFA2CFB0A002EFB090057F804EB2FFA80
:10B280009EFC2FFA8EFE2CFB0A112EFB091157F89B
:10B2900004EB2FFA9EFC2FFA8EFE2CFB0A222EFBCB
:10B2A000092257F804EB2FFA9EFC2FFA8EFE2CFB96
:10B2B0000A332EFB093357F804EB2FFA9EFC2FFAC2
:10B2C0008EFE2CFB0A442EFB094457F804EB2FFAA0
:10B2D0009EFC2FFA8EFE2CFB0A552EFB0955049E70
:10B2E0000EB3DDF848A018F9019B97F900E097F933
:10B2F00001C0A9EB0A091EFB09001CFB091197F903
:10B3000002E097F903C01EFB09221CFB093397F9E1
:10B3100004E097F905C01EFB09441CFB0955013EDA
:10B3200007F10607DFDC009EDDF84CE0DDF850C0D9
:10B33000DDF844A0002E44D14FEA40004FEA41011D
:10B3400050FB0EA051FB0EA140FA0CF041FA0CF19B
:10B350004FEA42024FEA430352FB0EA253FB0EA3F5
:10B3600042FA0CF243FA0CF34FEA44044FEA450563
:10B3700054FB0EA455FB0EA544FA0CF445FA0CF54B
:10B38000069E00F3070001F3070102F3070203F32F
:10B39000070304F3070405F3070506F8010B06F895
:10B3A000011B06F8012B06F8013B06F8014B029B36
:10B3B00006F8015B06969E427FF4B4AE07B0BDE886
:10B3C000F08F16F101083CD04FF0010808FA0CF894
:10B3D0004FEAA80850FB0E804FEA400040FA0CF0FC
:10B3E000504451FB0E814FEA410141FA0CF15144A6
:10B3F0004FF0010808FA0CF84FEAA80852FB0E8239
:10B400004FEA420242FA0CF2524453FB0E834FEAD7
:10B41000430343FA0CF353444FF0010808FA0CF8C5
:10B420004FEAA80854FB0E844FEA440444FA0CF493
:10B43000544455FB0E854FEA450545FA0CF5554435
:10B440009EE7CCF1010800FA08F000F31F0050FB62
:10B450001EF001FA08F101F31F0151FB1EF15044E7
:10B460005144CCF1010802FA08F202F31F0252FB28
:10B470001EF203FA08F303F31F0353FB1EF35244B7
:10B480005344CCF1010804FA08F404F31F0454FBFC
:10B490001EF405FA08F505F31F0555FB1EF5544487
:10B4A00055446DE72DE9F04F86B09DF85870009136
:10B4B0000392002F059318BF0123109C04FB033354
:10B4C00004930F9D14BF2F4601270197BDF8443008
:10B4D0005B0800F09F80DDF850B0139A02EB830305
:10B4E0000293DDF848E0039F5FEA9E08DDF800C0A4
:10B4F00057F8046B57F8043B03971A46314622D09D
:10B500005CF81E705CF8049B50F804AB50F8045BC8
:10B510002AFB09662AFB071125FB093325FB0722B5
:10B520005CF81E705CF8049B50F804AB50F8045BA8
:10B530002AFB09662AFB071125FB093325FB072295
:10B54000B8F10108DCD10EF003078FB13CF91E8081
:10B550003CF902AB30F9025B30F9029B0AFB05664D
:10B5600009FB0A3308FB051109FB0822013FEDDC4A
:10B57000DDF84CA0159F3AF9024B57F804CB5BF865
:10B58000045BC4F1150999EA040940F3C8804FEA45
:10B5900046064FEA410156FB05C651FB05C146FA76
:10B5A00004F641FA04F13AF9024B57F804CB5BF880
:10B5B000045BC4F1150999EA040940F399804FEA44
:10B5C00043034FEA420253FB05C352FB05C243FA51
:10B5D00004F342FA04F206F30706DDF80490179C20
:10B5E000DDF810802670A04401F3070188F80010F0
:10B5F00003F3070304F8093002F3070208F80920EF
:10B6000004EB49021792CDF84CA0029C1597A24575
:10B610007FF467AF119B13F0010354D0BDF848E0ED
:10B62000039BDDF800C019685FEA9E070CEB4E042F
:10B630000E4615D05CF81E505CF8048B50F804AB35
:10B6400050F8043B2AFB08662AFB05115CF81EA093
:10B650005CF8048B23FB086623FB0A11013FE9D148
:10B660001EF003070BD03CF81E303CF8029B30F96B
:10B6700002AB19FB0A66013F13FB0A11F3DCDDF88C
:10B680004CA0159FBAF90040D7F800C0DBF8005075
:10B69000C4F1150999EA040958DD4FEA46064FEA54
:10B6A000410156FB05C651FB05C146FA04F641FAB5
:10B6B00004F106F30706179A049C167001F30701BC
:10B6C0001155019B1A441199169B109C33B10F9B85
:10B6D00004F1020003FB1100104406E0A2EB01009C
:10B6E000059A04F1020402FB040006B0BDE8F08FE5
:10B6F000002C42DD4FF0010909FA04F94FEAA909CB
:10B7000053FB05934FEA430343FA04F3634452FBAC
:10B7100005924FEA420242FA04F262445BE7002CCF
:10B720003CDD4FF0010909FA04F94FEAA90956FB7B
:10B7300005964FEA460646FA04F6664451FB059123
:10B740004FEA410141FA04F161442CE7002C36DD57
:10B750004FF0010909FA04F94FEAA90956FB0596C9
:10B760004FEA460646FA04F6664451FB05914FEA55
:10B77000410141FA04F161449BE7C4F1010903FA74
:10B7800009F303F31F0353FB15F302FA09F202F363
:10B790001F0252FB15F2634462441CE7C4F1010925
:10B7A00006FA09F606F31F0656FB15F601FA09F12B
:10B7B00001F31F0151FB15F166446144F3E6C4F146
:10B7C000010906FA09F606F31F0656FB15F601FAFB
:10B7D00009F101F31F0151FB15F16644614468E76B
:10B7E0002DE9F04F99B01490139116921293299865
:10B7F00000F00303032B0CBF012600261796032835
:10B800000CBF01260026189610F00200259B002888
:10B8100014BF18460120109026980CBF064601263A
:10B820001196DDE92C04002C18BF20462C90269898
:10B83000012840F3BE814FEA4303299C14F0020F14
:10B8400001D14FF0020315934FF00008CDF834807A
:10B85000DDF834B0239A02EB8B02B2F90030B2F972
:10B860000240CDE90434229A02EBCB02D2E9001265
:10B87000CDE902122B9A02EBCB02D2E90012CDE9FC
:10B880000012002BCCBF00204FF0FF30152BC8BF9B
:10B890000120002CCCBF00214FF0FF31152CC8BF78
:10B8A0000121CDE906012D9B002B00F09782289BFA
:10B8B000002B40F0BB821A461846169901EBCB01CB
:10B8C000D1E9003403441444CDE90934129A249890
:10B8D00018992A9B00291CBF0332D218DDF850901A
:10B8E0000B92401000F044810F930E900B9B279F0A
:10B8F000119A2C9EDDE909CEE246F34613440C93DF
:10B900005FEA271800F0948059F8075056F8040BA6
:10B9100056F8041B56F8042B56F8043B2FFA85F40E
:10B920002FFA95F524FB00AA24FB02BB25FB01AAF4
:10B9300025FB03BB59F8044B2FFA84F52FFA94F436
:10B9400025FB00CC25FB02EE24FB01CC24FB03EEFF
:10B9500059F8075056F8040B56F8041B56F8042BF8
:10B9600056F8043B2FFA85F42FFA95F524FB00AA2C
:10B9700024FB02BB25FB01AA25FB03BB59F8044BA2
:10B980002FFA84F52FFA94F425FB00CC25FB02EE68
:10B9900024FB01CC24FB03EE59F8075056F8040BA6
:10B9A00056F8041B56F8042B56F8043B2FFA85F47E
:10B9B0002FFA95F524FB00AA24FB02BB25FB01AA64
:10B9C00025FB03BB59F8044B2FFA84F52FFA94F4A6
:10B9D00025FB00CC25FB02EE24FB01CC24FB03EE6F
:10B9E00059F8075056F8040B56F8041B56F8042B68
:10B9F00056F8043B2FFA85F42FFA95F524FB00AA9C
:10BA000024FB02BB25FB01AA25FB03BB59F8044B11
:10BA10002FFA84F52FFA94F425FB00CC25FB02EED7
:10BA200024FB01CC24FB03EEB8F101083FF76CAF17
:10BA300017F00F0046D0C7F38108B8F1000F26D0E9
:10BA400059F8075056F8040B56F8041B56F8042B07
:10BA500056F8043B2FFA85F42FFA95F524FB00AA3B
:10BA600024FB02BB25FB01AA25FB03BB59F8044BB1
:10BA70002FFA84F52FFA94F425FB00CC25FB02EE77
:10BA800024FB01CC24FB03EEB8F10108D8DC17F04D
:10BA90000308B8F1000F15D0279836F9023B36F9A4
:10BAA000025B99F9001013FB01CC15FB01EE19F9AB
:10BAB000001013FB01AA15FB01BB09F10109B8F144
:10BAC0000108EADC0B9D2E46179868B10F9A901E6C
:10BAD00009DC0C9CC2F1020204EB42020C922A9A8D
:10BAE000104405F102050F9000980299049A069BF4
:10BAF0000C9F002B40F0C9804FEA4C0C4FEA4A0AD9
:10BB00005CFB010C5AFB010A4CFA02FC4AFA02FAED
:10BB10000CF3070C0AF3070A86F800C087F800A0A8
:10BB200001980399059A079BDDF84080002B40F0AF
:10BB3000D4804FEA4E0E4FEA4B0B5EFB010E5BFBCF
:10BB4000010B4EFA02FE4BFA02FB0EF3070E0BF34B
:10BB5000070B06F808E007F808B0119B279A05EBD9
:10BB600043030B9391440E9B013B0E937FF4BEAEB7
:10BB7000CDF82090249B13F0010F40F0D680139B4A
:10BB8000279A03EB42031393129B159A13441293C3
:10BB90002D9B23B12C9B279A03EB82032C930D9AA8
:10BBA000269B4FEA630302F101020D9293423FF795
:10BBB0004FAE269D15F0010560D0DDF8A880189DD8
:10BBC000129E002D1CBF033646442499002955DDE2
:10BBD000CDF83C80169D269FA7F1010705EB870C49
:10BBE000DCF800C0229B03EB870424682B9B03EB4B
:10BBF00087000068239B03EB4707B7F90070289A7A
:10BC0000002FCCBF4FF000094FF0FF39152FC8BFF0
:10BC10004FF00109149DDDF89CB0BBF1000FE64622
:10BC20000CDDDDF84C8015F9013B18F901ABA3EBF5
:10BC300002030AFB03EEBBF1010BF4DCB9F1000FC8
:10BC400040F064814FEA4E0E5EFB040E4EFA07FE92
:10BC50000EF3070E86F800E0299B13F0020F11D0B7
:10BC600013F0010F05D00F9B013B02D12A9B06F177
:10BC7000020606F101060F930139CCDC002019B051
:10BC8000BDE8F08F269B1E44F6E7013314D04FF039
:10BC9000010303FA02F34FEAA3035CFB013C4FEA02
:10BCA0004C0C4CFA02FC84445AFB013A4FEA4A0A13
:10BCB0004AFA02FA82442BE7C2F101030CFA03FCB0
:10BCC0000CF31F0C5CFB11FC0AFA03FA0AF31F0ABF
:10BCD0005AFB11FA844482441AE7013314D04FF01E
:10BCE000010303FA02F34FEAA3035EFB013E4FEAAE
:10BCF0004E0E4EFA02FE86445BFB013B4FEA4B0BB5
:10BD00004BFA02FB834420E7C2F101030EFA03FE63
:10BD10000EF31F0E5EFB11FE0BFA03FB0BF31F0B62
:10BD20005BFB11FB864483440FE7279FDDF82090DF
:10BD30002C9EDDE909CE5FEAA70818D059F8044B1C
:10BD400056F8040B56F8041B56F8042B56F8043B1F
:10BD50002FFA84F52FFA94F425FB00CC25FB02EE94
:10BD600024FB01CC24FB03EEB8F10108E6DC17F05C
:10BD70000308B8F1000F0CD036F9023B36F9025B2C
:10BD800019F9011B13FB01CC15FB01EEB8F10108F9
:10BD9000F2DC00980299049A069B109F0B9E374490
:10BDA000002B40F099804FEA4C0C5CFB010C4CFAE4
:10BDB00002FC0CF3070C86F800C001980399059A61
:10BDC000079B002B66D14FEA4E0E5EFB010E4EFA2A
:10BDD00002FE0EF3070E87F800E0D0E61398279FC7
:10BDE00000EB07092C9B032F11DD4FEAA70650F843
:10BDF000041B59F8044B2FFA91F22FFA81F12FFA14
:10BE000094F82FFA84F4A3E81601013EEFDC17F052
:10BE100003067FF74CAD10F9011B23F8021B19F93B
:10BE2000011B23F8021B013EF5DC40E5279E2C9AFE
:10BE30004FF000031846B11017D0B2E8801600FA90
:10BE400087F000FAA7F000FA89F000FAA9F003FAE7
:10BE50008AF303FAAAF303FA8CF303FAACF3013979
:10BE6000EBDCC0F10000C3F1000316F003010BD0BE
:10BE7000B2F90040A0EB0400B2F90240A3EB0403C6
:10BE8000013902F10402F3DC289A02FB00F003FB03
:10BE900002F212E5013311D04FF0010303FA02F36D
:10BEA0004FEAA3035EFB013E4FEA4E0E4EFA02FE3E
:10BEB00086440EF3070E87F800E060E6C2F1010346
:10BEC0000EFA03FE0EF31F0E5EFB11FE86440EF308
:10BED000070E87F800E052E601330DD04FF0010362
:10BEE00003FA02F34FEAA3035CFB013C4FEA4C0C5C
:10BEF0004CFA02FC84445CE7C2F101030CFA03FC37
:10BF00000CF31F0C5CFB11FC844452E77B1C0DD02E
:10BF10004FF0010303FA07F34FEAA3035EFB043E6D
:10BF20004FEA4E0E4EFA07FE864491E6C7F1010332
:10BF30000EFA03FE0EF31F0E5EFB14FE864487E628
:10BF40002DE9F04F99B000BF1490139116921293FF
:10BF50004FF00008CDF83480DDF834B0239A02EBBE
:10BF60008B02B2F90030B2F90240CDE90434229AD2
:10BF700002EBCB02D2E90012CDE902122B9A02EBBE
:10BF8000CB02D2E90012CDE9001213982C9B4FF09E
:10BF90001006046C50F8041B2FFA91F22FFA81F16D
:10BFA0002FFA94F82FFA84F4A3E81601013EF0DC8E
:10BFB000289B2C9A4FF0000318464FF01001B2E86E
:10BFC000001700FA88F000FAA8F000FA89F000FAE9
:10BFD000A9F003FA8AF303FAAAF303FA8CF303FA3B
:10BFE000ACF30139EBDCC0F10000C3F10003289A87
:10BFF00002FB00F003FB02F2169901EBCB01D1E941
:10C00000003403441444CDE90934129A4FF0050377
:10C0100002F103021A44DDF850900B924FF03E07F4
:10C020000F930B9B2C9EDDE909CEE246F34603F10C
:10C0300001030C934FF00208D9F8405056F8040B56
:10C0400056F8041B56F8042B56F8043B2FFA85F4D7
:10C050002FFA95F524FB00AA24FB02BB25FB01AABD
:10C0600025FB03BB59F8044B2FFA84F52FFA94F4FF
:10C0700025FB00CC25FB02EE24FB01CC24FB03EEC8
:10C08000D9F8405056F8040B56F8041B56F8042B08
:10C0900056F8043B2FFA85F42FFA95F524FB00AAF5
:10C0A00024FB02BB25FB01AA25FB03BB59F8044B6B
:10C0B0002FFA84F52FFA94F425FB00CC25FB02EE31
:10C0C00024FB01CC24FB03EED9F8405056F8040BB6
:10C0D00056F8041B56F8042B56F8043B2FFA85F447
:10C0E0002FFA95F524FB00AA24FB02BB25FB01AA2D
:10C0F00025FB03BB59F8044B2FFA84F52FFA94F46F
:10C1000025FB00CC25FB02EE24FB01CC24FB03EE37
:10C11000D9F8405056F8040B56F8041B56F8042B77
:10C1200056F8043B2FFA85F42FFA95F524FB00AA64
:10C1300024FB02BB25FB01AA25FB03BB59F8044BDA
:10C140002FFA84F52FFA94F425FB00CC25FB02EEA0
:10C1500024FB01CC24FB03EED9F8405056F8040B25
:10C1600056F8041B56F8042B56F8043B2FFA85F4B6
:10C170002FFA95F524FB00AA24FB02BB25FB01AA9C
:10C1800025FB03BB59F8044B2FFA84F52FFA94F4DE
:10C1900025FB00CC25FB02EE24FB01CC24FB03EEA7
:10C1A000D9F8405056F8040B56F8041B56F8042BE7
:10C1B00056F8043B2FFA85F42FFA95F524FB00AAD4
:10C1C00024FB02BB25FB01AA25FB03BB59F8044B4A
:10C1D0002FFA84F52FFA94F425FB00CC25FB02EE10
:10C1E00024FB01CC24FB03EED9F8405056F8040B95
:10C1F00056F8041B56F8042B56F8043B2FFA85F426
:10C200002FFA95F524FB00AA24FB02BB25FB01AA0B
:10C2100025FB03BB59F8044B2FFA84F52FFA94F44D
:10C2200025FB00CC25FB02EE24FB01CC24FB03EE16
:10C23000D9F8405056F8040B56F8041B56F8042B56
:10C2400056F8043B2FFA85F42FFA95F524FB00AA43
:10C2500024FB02BB25FB01AA25FB03BB59F8044BB9
:10C260002FFA84F52FFA94F425FB00CC25FB02EE7F
:10C2700024FB01CC24FB03EEB8F101083FF7DCAE50
:10C280000B9D2E460F9A901E09DC0C9CC2F10202F7
:10C2900004EB42020C9200F1050005F102050F903B
:10C2A00000980299049A0C9C4FEA4C0C4FEA4A0AF7
:10C2B0005CFB010C5AFB010A4CFA02FC4AFA02FA36
:10C2C0000CF3070C0AF3070A86F800C084F800A0F4
:10C2D00001980399059A4FEA4E0E4FEA4B0B5EFB0D
:10C2E000010E5BFB010B4EFA02FE4BFA02FB0EF352
:10C2F000070E0BF3070B86F8BDE084F8BDB005F11F
:10C3000002030B9309F14009013F7FF48AAECDF897
:10C310002090DDF820902C9EDDE909CE4FF010082A
:10C3200059F8044B56F8040B56F8041B56F8042B26
:10C3300056F8043B2FFA84F52FFA94F425FB00CC31
:10C3400025FB02EE24FB01CC24FB03EEB8F101082F
:10C35000E6DC00980299049A0B9E4FEA4C0C5CFBB9
:10C36000010C4CFA02FC0CF3070C86F800C0019893
:10C370000399059A4FEA4E0E5EFB010E4EFA02FE3D
:10C380000EF3070E86F8BDE0139B03F180031393B1
:10C39000129B159A03F5BD7312930D9A02F10102D7
:10C3A0000D92202AFFF6D8AD002019B0BDE8F08F1D
:10C3B0002DE9F04F2DED048B91B08B460793209B18
:10C3C0001E9CD3ED008A229B94ED008A93ED009A87
:10C3D0001F9B069093F900300993219B249C93F9AD
:10C3E0000030089328EE280A239B0A9293F9005004
:10C3F00080EE090A00230DF13E00ADF83E30FCF757
:10C4000059FFBDF93EE00EF1FF3A1FFA8AF3142BF3
:10C4100000F2A680012303FA0EF305FA0EF101EBF8
:10C420005301002C00F0A080099B9DB245EA034512
:10C43000089B9EB246EA0346079B012C4FEA9303F2
:10C4400000F0A8800A9A92F9002094B244EA0244CB
:10C450002FFA84F4D4FA06F4002B00F0B682AEF181
:10C46000020201269640069A02F1040C9A000BEB98
:10C47000830327140593CEF1010324B20C93B9462C
:10C48000B0460D922DE052FB008242FA0AF20A44B5
:10C4900057FB008753FB008356FB008602F307021D
:10C4A00043FA0AF352B20B4403F3070347FA0AF7BD
:10C4B0005BB20F4407F3070746FA0AF67FB20E4451
:10C4C00006F3070676B20CF8033C059B0CF8042C27
:10C4D0009B450CF8027C0CF8016C0CF1040C00F08C
:10C4E00017815BF8043B2FFA83F24FEA33232FFACC
:10C4F00083F3D3FA05F3D2FA05F21E14171409FBDD
:10C5000006F6BEF1150F12FB04F209FB07F713FB49
:10C5100004F30496B7DCBEF1000F40F3D080520064
:10C520007F0052FB00125B00760042FA0EF257FBCE
:10C53000001753FB001356FB001602F3070252B21A
:10C5400043FA0EF303F307035BB247FA0EF707F360
:10C5500007077FB246FA0EF606F3070676B2B2E791
:10C560002946002C7FF460AF089B0193099B009340
:10C570000A9A079B06980295B0EE491AF0EE680AEF
:10C58000B0EE480A594600F00DFC11B0BDEC048B2A
:10C59000BDE8F08F9BF90070BAB242EA07422FFA69
:10C5A00082F2D2FA05F2002B00F04A820A9FAEF125
:10C5B0000205AC400FFA82F91514069A07EB8308BE
:10C5C000AC469D00CEF10103CDE90C5BCDF81480A3
:10C5D00004320B93A046E3463D462EE054FB008414
:10C5E00044FA0AF40C445CFB008C53FB008357FBB9
:10C5F000008704F3070443FA0AF364B20B4403F31D
:10C6000007034CFA0AFC5BB28C440CF3070C47FAA4
:10C610000AF74FFA8CFC0F4407F307077FB202F8C2
:10C62000033C059B02F8044C9D4202F802CC02F840
:10C63000017C02F1040200F0DD8055F8043B2FFA82
:10C6400083F44FEA33232FFA83F3D3FA06F3D4FAB1
:10C6500006F41F144FEA244C0BFB07F7BEF1150F2D
:10C6600014FB09F40BFB0CFC13FB09F30497B5DC7A
:10C67000BEF1000F40F3938064004FEA4C0C54FB72
:10C6800000145B007F0044FA0EF45CFB001C53FBBB
:10C69000001357FB001704F3070464B243FA0EF3C8
:10C6A00003F307035BB24CFA0EFC0CF3070C4FFAD2
:10C6B0008CFC47FA0EF707F307077FB2AFE70C9E33
:10C6C000B24002F31F0252FB10F2B74007F31F07FC
:10C6D00057FB10F7B34003F31F0353FB10F30B9307
:10C6E000049BB34003F31F0656FB10F60A4402F303
:10C6F00007020B9B52B20B4403F307035BB20F44D8
:10C7000007F307077FB20E4406F3070676B2DAE6B0
:10C710000D9A069B134406930A9B93F90020089BED
:10C72000D21A079B13F003043FF42FAFBEF1150F8D
:10C7300000F3A780BEF1000F40F30E81059D099E16
:10C7400095F900309B1B02FB03F35B0053FB0013C6
:10C7500043FA0EF303F30703069F012C3B703FF4EB
:10C7600014AF95F901309B1B02FB03F35B0053FBF5
:10C77000001343FA0EF303F30703022C7B703FF41C
:10C7800004AF95F902309B1B02FB03F35B0053FBE4
:10C79000001343FA0EF303F30703BB70F5E60B9F98
:10C7A000BC4004F31F0454FB10F40CFA07FC0CF318
:10C7B0001F0C5CFB10FCBB4003F31F0353FB10F387
:10C7C0000A93049BBB4003F31F0757FB10F70C446D
:10C7D00004F307040A9B64B20B4403F307035BB240
:10C7E0008C440CF3070C4FFA8CFC0F4407F307073B
:10C7F0007FB214E7DDE90C5B9846069B9BF900705D
:10C800002B440693079B13F003023FF4BEAE099B33
:10C81000BEF1150FA7EB030769DCBEF1000F40F373
:10C82000D78098F90030089C1B1B07FB03F35B00C3
:10C8300053FB001343FA0EF303F30703069D012A8B
:10C840002B703FF4A2AE98F901301B1B07FB03F3DA
:10C850005B0053FB001343FA0EF303F30703022AB2
:10C860006B703FF492AE98F902301B1B07FB03F389
:10C870005B0053FB001343FA0EF303F30703AB70A3
:10C8800083E6059E099F96F90030AEF1020EDB1B90
:10C89000012502FB03F305FA0EFC53FB00C343FA28
:10C8A0000AF30B4403F30703069D012C2B703FF49E
:10C8B0006CAE96F90130DB1B02FB03F353FB00C3A4
:10C8C00043FA0AF30B4403F30703022C6B703FF4A3
:10C8D0005CAE96F90230DB1B02FB03F353FB00C393
:10C8E00043FA0AF30B4403F30703AB704DE698F9E0
:10C8F0000030089DAEF1020E5B1B012407FB03F321
:10C9000004FA0EF453FB004343FA0AF30B4403F317
:10C910000703069E012A33703FF437AE98F90130C1
:10C920005B1B07FB03F353FB004343FA0AF30B447F
:10C9300003F30703022A73703FF427AE98F902301D
:10C940005B1B07FB03F353FB004343FA0AF30B445F
:10C9500003F30703B37018E6059D099E95F90030AF
:10C960009B1BCEF1010E02FB03F303FA0EF303F35C
:10C970001F0353FB10F30B4403F30703069F012C23
:10C980003B703FF402AE95F901309B1B02FB03F3B1
:10C9900003FA0EF303F31F0353FB10F30B4403F3EB
:10C9A0000703022C7B703FF4F0AD95F902309B1B1E
:10C9B00002FB03F303FA0EF303F31F0353FB10F31D
:10C9C0000B4403F30703BB70DFE5CDF814B0A6E614
:10C9D00098F90030089C1B1BCEF1010E07FB03F3F6
:10C9E00003FA0EF303F31F0353FB10F30B4403F39B
:10C9F0000703069D012A2B703FF4C7AD98F901305B
:10CA00001B1B07FB03F303FA0EF303F31F0353FB94
:10CA100010F30B4403F30703022A6B703FF4B5AD28
:10CA200098F902301B1B07FB03F303FA0EF303F321
:10CA30001F0353FB10F30B4403F30703AB70A4E590
:10CA4000DDF82880DEE600BFD1ED007A92ED007AB5
:10CA500067EE877AC0ED007A704700BFC0F34343AA
:10CA6000022B55D02D4A20F07E43934210D021DC7A
:10CA70002B4A93420CD00FDD2A4A934208D002F58C
:10CA8000FA32934204D0284A93420CBF1346402303
:10CA900000F0D04018437047A2F580629342F7D06F
:10CAA0002CDD224A00F0D04093420CBF13464023B5
:10CAB000184370471E4A9342EAD010DD1D4A934244
:10CAC000E6D002F2F1729342E2D0A2F50062934204
:10CAD0000CBF1346402300F0D04018437047A2F229
:10CAE00087329342D4D002F560729342D0D0A2F53F
:10CAF000806293420CBF13464023C9E7A2F58062CF
:10CB00009342C5D0803293420CBF13464023BFE707
:10CB1000094B034043F48023BAE700BF4010820072
:10CB200040080400401004004F08040047040400BB
:10CB3000470484004F088400FF3F8000D1B1C0F358
:10CB4000C61303FB01F1C0F3434C6FF4887242FA41
:10CB50000CF20731C0F34150D20721F0070121FA4E
:10CB600000F15ABF43FA00F0834000230731194413
:10CB7000C808704708467047120242EA014242EA7A
:10CB80000060704710B48369C46841691B68E0683D
:10CB9000074AC9685DF8044B23F07E4323F4000381
:10CBA00001FB00F0934204BF0730C008704700BF8C
:10CBB000C000040070B40468C4F3172414B32346FF
:10CBC000013B9C424FEA830C17D915680E68B3EB02
:10CBD000152F4FF001043CBF546854F82340B3EBC9
:10CBE000162F4FF001053CBF4D6855F80C50AC4274
:10CBF00038BF2C46456845F80C401BB10468C4F3A7
:10CC00001724DDE770BC70472DE9F04FD1E90054DF
:10CC1000B5F5A06F5768616828BF25691268D7F815
:10CC200004802EBF05FB01FE8E460125B2F5A06FE4
:10CC300028BF3E69D4E90242D7E9027C38BF012609
:10CC4000624508BFA2F1010C026808BFBCFA8CFC67
:10CC500083B00CBF4FEA5C1C4FF0010CB2F5007FB3
:10CC600001974ED3AA1B18BF0122414501FB02F9CF
:10CC7000426849D04FF0000AC2F804A00268A5EB50
:10CC8000060ABAFA8AFAC2F317224FEA5A1A042A93
:10CC900006D9476803FB0AF23A610268C2F3172219
:10CCA000019FBC423BD04FF0000BB4EB070A18BF0A
:10CCB0004FF0010A022A0EFB0AFA22D9ABEB0A0B4B
:10CCC0004768CB4403FB0BF2BA600268C2F3172239
:10CCD000BCF1000F09D1019FBC4206D0B54226D05D
:10CCE000B1EB080118BF012100E00021032A08D997
:10CCF0000EFB04F40CFB14114268514403FB01F1D8
:10CD0000D16003B0BDE8F08F53600268B542C2F352
:10CD1000172214BFC1F1000AC9F1000AB7E7B542F2
:10CD2000C1D0B1EB080B18BF4FF0010BBDE7614656
:10CD3000DCE700BF0B6803604B6843608B6983616D
:10CD40008B688268C3F3172363F31F2210B48260D9
:10CD50005BB10023CC68C26854F8234042F82340FA
:10CD600082680133B3EB122FF4D30B690269C3F36A
:10CD7000172363F31F2202615BB100234C694269F0
:10CD800054F8234042F8234002690133B3EB122FD9
:10CD9000F4D35DF8044B704784460FC98CE80F004C
:10CDA000704700BF2DE9F04F8DB020EE800A9DF94D
:10CDB000604003930023ADF82E3080EE010A9DF908
:10CDC0005C30019381460DF12E0090469DF958B0DC
:10CDD0000D46FCF76FFAA646BDF92E40019B671E73
:10CDE000BAB2142A05D801220EFA04FEA2400EEBB4
:10CDF000520E1FFA8BF141EA0B420592039A9EB242
:10CE0000920846EA034600F08581910005EB820214
:10CE1000A4F1020CCDE901824FF0010AC4F1010234
:10CE20000AFA0CFA0691CDE9078B0599049209F1EB
:10CE3000040CCDF8149009932CE059FB00A949FA91
:10CE400007F9F14453FB00A358FB00A85BFB00A2C9
:10CE500009F3070948FA07F84FFA89F9F04408F38B
:10CE600007083B414FFA88F8734403F307033A413C
:10CE70005BB2724402F3070252B20CF8023C029B0E
:10CE80000CF8049C9D420CF8038C0CF8012C0CF15E
:10CE9000040C74D0019A55F8048B52F8043B0192AB
:10CEA0004FEA382B4FEA33222FFA88F82FFA8BFB00
:10CEB0002FFA83F32FFA82F2DBFA01FBD8FA01F89A
:10CEC000D2FA06F2D3FA06F3152C18FB03F913FB7A
:10CED00038F31BFB02F812FB3BFBAEDC002C23DD1E
:10CEE0004FEA4B024FEA49095B0059FB00E94FEA60
:10CEF000480849FA04F953FB00E358FB00E852FBE9
:10CF000000E209F307094FFA89F948FA04F808F32F
:10CF100007084FFA88F8234103F307035BB2224165
:10CF200002F3070252B2A8E7049A09FA02F909F3D8
:10CF30001F0959FB10F9934003F31F0353FB10F330
:10CF400008FA02F808F31F0858FB10F80BFA02F26F
:10CF500002F31F0252FB10F2F14409F307094FFAE2
:10CF600089F9F04408F307084FFA88F8734403F38B
:10CF700007035BB2724402F3070252B27DE7DDE9B8
:10CF8000078B069ADDF81490099B91449044039A0C
:10CF900012F003013DD0152C3EDD029E98F90050A1
:10CFA00096F90020ED1AA2EB0B0205FB02F2023CFF
:10CFB000012505FA04F452FB00423A41724402F39F
:10CFC0000702A94289F8002023D096F9012098F998
:10CFD0000150A2EB0B02ED1A05FB02F252FB0042DC
:10CFE0003A41724402F30702022989F8012010D065
:10CFF00096F9022098F90210A2EB0B02CB1A02FB61
:10D0000003F353FB00433B41734403F3070389F8E5
:10D0100002300DB0BDE8F08F002C3ADD029E98F989
:10D02000005096F90020ED1AA2EB0B0205FB02F26C
:10D03000520052FB00E2224102F30702012989F863
:10D040000020E6D096F9012098F90150A2EB0B02DE
:10D05000ED1A05FB02F2520052FB00E2224102F3FC
:10D060000702022989F80120D3D096F9022098F905
:10D070000210A2EB0B02CB1A02FB03F35B0053FB83
:10D0800000E3234103F3070389F802300DB0BDE844
:10D09000F08F029E98F9002096F90050D21AA5EB65
:10D0A0000B05C4F1010405FB02F2A24002F31F02CA
:10D0B00052FB10F2724402F30702012989F80020A2
:10D0C000A7D096F9012098F90150A2EB0B02ED1AB6
:10D0D00005FB02F2A24002F31F0252FB10F272445F
:10D0E00002F30702022989F8012092D096F9022062
:10D0F00098F90210A2EB0B02CB1A02FB03F3A34038
:10D1000003F31F0353FB10F3734403F3070389F87E
:10D1100002307EE702953AE707EE900AF5EEC07A14
:10D12000F1EE10FA01D400F009B808B580F0004023
:10D1300000F004F8404261EB410108BD70B5F3F71F
:10D140008BF90C4B002204460D46F3F7DDF9F3F79B
:10D15000CDFC0646F3F75EF9074B0022F3F7D4F94E
:10D1600002460B4620462946F3F716F8F3F7BEFCB5
:10D17000314670BD0000F03D0000F0412DE9F04760
:10D1800082B00646DDF828E00846B4460D46002B7E
:10D190004ED18A4214466DD9B2FA82F242B1C2F13E
:10D1A0002003954026FA03F394401D4306FA02FC3F
:10D1B000260CA7B2B5FBF6F14FEA1C4306FB11554E
:10D1C00043EA054301FB07F0984209D9E31801F14E
:10D1D000FF3580F00381984240F2008102392344F8
:10D1E0001B1A1FFA8CFCB3FBF6F006FB10334CEA5B
:10D1F000034C00FB07F363450AD914EB0C0C00F158
:10D20000FF3580F0ED80634540F2EA80A4440238A7
:10D2100040EA0140ACEB030C0021BEF1000F04D04A
:10D220002CFA02F30022CEE9003202B0BDE8F0870A
:10D230008B4209D9BEF1000F01D0CEE90061002177
:10D24000084602B0BDE8F087B3FA83F1174600291B
:10D250004DD1834202D3B24200F20F81B6EB070CEC
:10D2600060EB030301201D46BEF1000FDDD0CEE9C7
:10D2700000C5DAE7002A00F098801A46B4FA84F371
:10D28000002B40F0AF800B1B270CA6B20121B3FB93
:10D29000F7F54FEA1C4007FB153340EA034306FB52
:10D2A00005F8984507D9E31805F1FF3002D29845F3
:10D2B00000F2E8800546A3EB08031FFA8CFCB3FBE1
:10D2C000F7F007FB10334CEA034C06FB00F3634511
:10D2D00008D914EB0C0C00F1FF3602D2634500F2C2
:10D2E000CE803046ACEB030C40EA054095E7C1F137
:10D2F00020058B4022FA05FC4CEA030C00FA01F4ED
:10D3000026FA05F3E84002FA01F943EA04084FEA75
:10D310001C4206FA01FAB0FBF2F71FFA8CF602FB88
:10D3200017004FEA184444EA004407FB06F0A04205
:10D330000AD91CEB040407F1FF3380F09C80A04263
:10D3400040F29980023F6444241A1FFA88F3B4FB28
:10D35000F2F002FB104443EA044300FB06F69E424F
:10D3600009D91CEB030300F1FF3480F082809E4258
:10D370007FD90238634440EA0740A0FB09749B1B35
:10D38000A3423E46A04664D361D0BEF1000F0AD04E
:10D39000BAEB060263EB080303FA05F5CA4015432E
:10D3A000CB40CEE9005300213FE7730843EAC17345
:10D3B0004A08190C41EA02414FEAC67C9BB2B2FB13
:10D3C000F4F02646A04627461F2243EA0143B1FB5C
:10D3D000F4F1A3EB080341EA004158E72946FFE6D0
:10D3E000284615E71A46C3F120019C4026FA01F3AE
:10D3F00020FA01F190400343270C06FA02FCB1FB2E
:10D40000F7F0A6B207FB1015190C41EA054100FB25
:10D4100006F58D423BD9611801D28D4220D8491BB7
:10D420000138B1FBF7F5019505FB06F8019D9BB2AC
:10D4300007FB151143EA0143434526D2E31805F1E2
:10D44000FF31C6D24345C4D2A91E2344C1E7BA4521
:10D450009BD2B7EB090664EB0C040138A04694E7B5
:10D46000651B29440238B1FBF7F5019505FB06F869
:10D47000DCE720467FE71F4666E70846F4E6A4445B
:10D4800002382FE7023D234415E70199A1E7491B24
:10D49000B1FBF7F5019505FB06F8C7E708B50620CF
:10D4A00000F07CFE0120F7F79BFD00001FB51D4634
:10D4B000094B1B680646D86852B1084C0091CDE96B
:10D4C0000142074933462A4600F0C4FDFFF7E6FF54
:10D4D000044C2246F2E700BFEC24002098E7040841
:10D4E000A5E70408D3E70408024B0146186800F0DA
:10D4F00025B800BFEC24002070B50F4C0E46216803
:10D50000054611B900F09EFE20603146284600F025
:10D5100099FE431C03D14FF0FF34204670BDC41C5C
:10D5200024F00304A042F8D0211A284600F08AFE15
:10D530000130F2D1EFE700BF449800202DE9F84315
:10D54000CD1C25F0030508350C2D38BF0C25002D0A
:10D55000064601DBA94204D90C2333600020BDE854
:10D56000F883334F00F066F83B681C463CBB294605
:10D570003046FFF7C1FF431C044656D13C68A04625
:10D58000B8F1000F40D1002C49D023684146304605
:10D5900004EB030900F056FE814540D121686D1A65
:10D5A00029463046FFF7A8FF013038D023682B44C6
:10D5B00023603B685A685ABBC7F800800EE02268B7
:10D5C000521B1ED40B2A16D96119A342256018BF1D
:10D5D0005960636808BF396062514B60304600F0A3
:10D5E0002FF804F10B00231D20F00700C21A1CBF06
:10D5F0001B1AA350B3E76268A3420CBF3A605A609B
:10D60000ECE723466468B1E74446D8F80480B7E7FE
:10D610001A465B68A342FBD100235360DEE70C236C
:10D620003360304600F00CF898E70560D6E700BF9D
:10D6300048980020014800F052BE00BF8C9900209D
:10D64000014800F04DBE00BF8C9900202DE9FF4736
:10D6500057EC106B002F0C469146DDF830A01946B0
:10D660004FF0000203DA07F100431F462D220D9D03
:10D670000A7025F02005462D04D0452D00D1013437
:10D68000022100E0032103AB019302AB009347ECBE
:10D69000106B5346224600F0BBFE472D80461AD140
:10D6A00019F0010F0ED000EB0409002200233046D0
:10D6B0003946F3F791F908B1CDF80C903022039B6D
:10D6C0004B451ED3039B0E9AA3EB08034046136001
:10D6D00004B0BDE8F087462D00EB0409E5D10378DE
:10D6E000302B0AD10022002330463946F3F774F973
:10D6F00018B9C4F10104CAF80040DAF800309944BE
:10D70000D3E7591C03911A70D9E7F7B50029BABFBE
:10D7100049422D232B230929027043702ADD0DF184
:10D720000704871CA6460A26A446B1FBF6F506FBAD
:10D7300015123032632904F1FF340CF8012C29460C
:10D74000F2DC3031ACF1020204F8011C411C144639
:10D7500072450AD30DF10903A3EB0C03A64538BFAC
:10D7600000233B44181A03B0F0BD12F8013B01F846
:10D77000013FEDE7302330318370C170031DF1E7C5
:10D780002DE9F04F8FB00C46DDF8608016461F463D
:10D79000054600F00BFD036807931846F3F718FAE7
:10D7A00000230C93D8F8003094F818A0D4F800B0F7
:10D7B0000890073323F00703B3EC027B8DED047B65
:10D7C000C8F80030DDE9048323F0004984ED127BC2
:10D7D0009A4B4FF0FF3240464946F3F72FF970BBA2
:10D7E000964B4FF0FF3240464946F3F709F930BBFC
:10D7F000DDE9040100220023F3F7F8F810B12D232E
:10D8000084F843308E4A8F4BBAF1470F8CBF904655
:10D810009846032323612BF0040323604FF0000993
:10D82000009733460DAA2146284600F0CDF9013075
:10D8300040F08C804FF0FF300FB0BDE8F08FDDE995
:10D84000042310461946F3F7F9F840B1059B7E4AC8
:10D85000002BBCBF2D2384F843307C4BD4E7636896
:10D860005A1C0AF0DF093BD1062363604BF4806247
:10D870000023226003930CABCDE901A30BAB009313
:10D8800061689DED040B0DF12B032846FFF7DEFECA
:10D89000B9F1470F0B99804629D1C81C02DB636898
:10D8A0008B4241DAAAF1020A5FFA8AFA013952463A
:10D8B00004F150000B91FFF728FF0C9A1318012A6E
:10D8C0008146236102DC2268D20701D5013323613E
:10D8D0009DF82B30002BA3D02D2384F843309FE7F5
:10D8E000B9F1470FC2D1002BC0D10123BDE7BAF176
:10D8F000650FDBD9BAF1660F18D1002963680BDD1B
:10D90000216113B92268D00702D501330B4423618A
:10D91000A1654FF00009DBE713B92268D20701D5F2
:10D920000233F4E70123F2E74FF0670A0C9B8B42C6
:10D9300005DC23682161D807EAD54B1CE7E70029FD
:10D94000D4BFC1F1020201221344E0E723685A0563
:10D9500007D42369424631462846B847013028D1CA
:10D9600068E7BAF1650F40F2DB80D4E912010022CA
:10D970000023F3F731F890B3354A012331462846A6
:10D98000B84701303FF456AFDDE90B38434502DBC1
:10D990002368D8070DD5DDE9072331462846B84767
:10D9A00001303FF447AF4FF0000908F1FF38C84598
:10D9B00009DC23689B0700F10481E0680D9B984215
:10D9C000B8BF184638E7012304F11A023146284649
:10D9D000B84701303FF42EAF09F10109E7E70B9B8F
:10D9E000834237DC1A4A012331462846B8470130C2
:10D9F0003FF420AFDDE90B3959EA030302D1236874
:10DA0000D907D6D5DDE9072331462846B847013086
:10DA10003FF410AF4FF0000A0B9B5B42534501DC13
:10DA20004B4697E7012304F11A0231462846B847CE
:10DA300001303FF4FFAE0AF1010AEDE7FFFFEF7F8F
:10DA4000D8E70408D4E70408E0E70408DCE70408A2
:10DA5000E4E70408A36DDDF830B05B45A8BF5B4682
:10DA6000002B049337DC4FF0000904F11A02049BE9
:10DA7000D4F858A0002BACBFAAEB030353464B4588
:10DA800031DC0B9B9B453ADC2368DA0737D40B9BD0
:10DA9000ABEB0309ABEB0A039945A8BF9946B9F173
:10DAA000000F34DC4FF000080B9BB9F1000FABEB1B
:10DAB0000303A8BFA3EB090343457FF77AAF012314
:10DAC00004F11A0231462846B84701303FF4B2AE9D
:10DAD00008F10108E8E7049B424631462846B8476A
:10DAE0000130C0D1A6E60123314628460992B84745
:10DAF00001303FF49FAE099A09F10109B7E7DDE96A
:10DB0000072331462846B8470130C0D192E64B463C
:10DB100008EB0A0231462846B8470130C2D189E6EF
:10DB2000DDF830A0BAF1010F01DCDB0735D50123A8
:10DB3000424631462846B84701303FF47BAEDDE926
:10DB4000072331462846B84701303FF473AED4E985
:10DB50001201002200230AF1FF3AF2F73DFFC8B993
:10DB6000534608F1010231462846B84701300DD12D
:10DB700060E6012304F11A0231462846B847013015
:10DB80003FF458AE08F10108D045F2DB4B4604F1F2
:10DB90005002E0E64FF00008F6E701234246E2E7D4
:10DBA000012304F1190231462846B84701303FF4F9
:10DBB00041AE08F10108E3680D995B1A4345EFDCBB
:10DBC000FBE64FF00008F6E72DE9F047914698464E
:10DBD0008A680B69089E9342B8BF1346C9F80030A3
:10DBE00091F8432007460C4612B10133C9F80030C2
:10DBF0002368990642BFD9F800300233C9F80030D3
:10DC0000256815F0060507D104F1190AE368D9F86B
:10DC100000209B1AAB4229DC94F843302268003B79
:10DC200018BF012392062ED404F143024146384620
:10DC3000B047013021D02368A168226903F00603B0
:10DC4000042B01BFE568D9F80030ED1A25EAE57527
:10DC500018BF00258B1A2B449142C8BF1D464FF0B8
:10DC600000091A344D451AD1002008E0012352461C
:10DC700041463846B047013003D14FF0FF30BDE890
:10DC8000F0870135C2E7E1185A1C302081F84300C3
:10DC9000224494F8451082F843100233C4E701236C
:10DCA000224641463846B0470130E6D009F1010925
:10DCB000D8E700002DE9F04398460B7E85B0782B1D
:10DCC000174606460C9A0C4609D8622B01F143010F
:10DCD00008D8002B00F0DC80582B00F0BD8004F148
:10DCE000420539E0A3F163001528F8D801A555F8DD
:10DCF00020F000BF4DDD000861DD0008DFDC00081A
:10DD0000DFDC0008DFDC0008DFDC000861DD000884
:10DD1000DFDC0008DFDC0008DFDC0008DFDC0008F7
:10DD200071DE00088DDD00081FDE0008DFDC000862
:10DD3000DFDC000899DE0008DFDC00088DDD00086C
:10DD4000DFDC0008DFDC000827DE00081368191D8F
:10DD50001B68116004F1420584F842300123A8E0F9
:10DD600013682568181D1060280601D51B6803E09C
:10DD70006A06FBD5B3F90030002B03DA2D225B4293
:10DD800084F84320DFF878C10A2213E02568106880
:10DD900015F0800F50F8043B02D16D0648BF9BB2CE
:10DDA0001060227EDFF858C16F2A5DD10822002062
:10DDB00084F843006568A560002D05DB20681D43DD
:10DDC00020F00400206051D00D46B3FBF2F002FBBE
:10DDD000103E9A421CF80EE005F801ED0346F4D916
:10DDE000082A0BD12368DA0708D5236962689A42AA
:10DDF000DEBF302305F8013C05F1FF35491B2161E9
:10DE0000CDF800803B4603AA21463046FFF7DCFEF2
:10DE1000013053D14FF0FF3005B0BDE8F0832368E7
:10DE200043F020032360DFF8DCC0782384F845301A
:10DE30002068156810F0800F55F8043B03D110F0EE
:10DE4000400F18BF9BB21560C50744BF40F02000CB
:10DE5000206023B11022AAE7DFF8A4C0E6E7226819
:10DE600022F020022260F5E70A22A0E70D46B7E77C
:10DE70001368D4F800C060691D1D15601CF0800F88
:10DE80001B6801D0186003E01CF0400FFAD0188026
:10DE9000002323610D46B3E71368191D11601D6847
:10DEA000626800212846F2F743FE08B1401B60601B
:10DEB00063682361002384F84330A1E723692A467D
:10DEC00039463046C0470130A4D023689B0714D49C
:10DED000E068039B9842B8BF18469DE7012304F110
:10DEE000190239463046C047013093D00135E36806
:10DEF00003995B1AAB42F1DCEAE70025F7E700BFC4
:10DF0000E6E70408F7E70408002310B50446C0E973
:10DF10000033C0E90433836081814366C281836139
:10DF2000194608225C3000F008F90D4B63620D4B76
:10DF3000A3620D4BE3620D4B23630D4B24629C42A5
:10DF400006D003F16802944202D0D0339C4205D13E
:10DF500004F15800BDE8104000F0C0B910BD00BF8A
:10DF6000B3E00008D5E000080DE1000833E1000847
:10DF70004C980020024A0349034800F07DB800BFD6
:10DF80007423002039FB0008F024002041680C4B6A
:10DF9000994210B5044601D001F0CEFDA168094BAD
:10DFA000994202D0204601F0C7FDE168064B994234
:10DFB00004D02046BDE8104001F0BEBD10BD00BF3A
:10DFC0004C980020B49800201C99002010B50A4BF2
:10DFD0000A4A1A600A4800220421FFF795FF0948FF
:10DFE00001220921FFF790FFBDE8104006480222F8
:10DFF0001221FFF789BF00BF8499002075DF000858
:10E000004C980020B49800201C990020014800F092
:10E0100066B900BF8D990020014800F061B900BFCA
:10E020008D99002010B50446FFF7F0FF236A1BB15D
:10E03000BDE81040FFF7F0BF044B2362044B1B68A0
:10E04000002BF5D1FFF7C2FFF2E700BF8DDF00081C
:10E05000849900200EB403B5014603AB054853F87C
:10E06000042B0068019301F0D3FB02B05DF804EBD0
:10E0700003B07047EC2400202DE9F8438046894620
:10E0800014460026D4E90175013F05D52468002C0B
:10E09000F8D13046BDE8F883AB89012B07D9B5F933
:10E0A0000E30013303D029464046C8470643683541
:10E0B000EAE710B50C46B1F90E1000F09DF8002803
:10E0C000ABBF636DA3891B1823F48053ACBF63659A
:10E0D000A38110BD2DE9F0411F468B89DB05054664
:10E0E0000C46164605D5B1F90E100223002200F0A9
:10E0F00071F8A389B4F90E1023F48053A38132463A
:10E100003B462846BDE8F04100F0ACB810B50C46DF
:10E11000B1F90E1000F05EF8B4F90C30421C0BBFE0
:10E1200023F4805343F48053A381A38118BF606517
:10E1300010BDB1F90E1000F03DB802440346934201
:10E1400000D1704703F8011BF9E71F2938B50546D0
:10E150000C4604D9162303604FF0FF3038BDC26B64
:10E1600012B152F821304BB9284600F069F8224626
:10E1700001462846BDE8384000F050B8012B0AD0CF
:10E18000591C03D1162303600120E7E7002142F860
:10E190002410204698470020E0E70000024B01468B
:10E1A0001868FFF7D2BF00BFEC240020004870477A
:10E1B0007024002038B5064C00230546084623602D
:10E1C000F6F772FF431C02D1236803B12B6038BD00
:10E1D0008899002038B5074C0546084611460022AC
:10E1E00022601A46F6F76CFF431C02D1236803B184
:10E1F0002B6038BD8899002038B5074C0546084685
:10E200001146002222601A46F6F7F0FE431C02D1A6
:10E21000236803B12B6038BD8899002038B5074CBE
:10E2200000230546084611462360F6F7D1FE431C3D
:10E2300002D1236803B12B6038BD00BF889900204C
:10E24000F6F7C4BE38B5064C0023054608462360E1
:10E25000F6F798FE431C02D1236803B12B6038BD4A
:10E260008899002038B5074C05460846114600221B
:10E2700022601A46F6F740FE431C02D1236803B120
:10E280002B6038BD88990020014B1868704700BF8B
:10E29000EC24002070B50D4B0D4C00261D1BB6EB79
:10E2A000A50F09D101F006FE0A4C0B4B00261D1BE1
:10E2B000B6EBA50F05D170BD54F8043B9847013665
:10E2C000EDE754F8043B98470136F1E710EB0408FA
:10E2D00010EB040810EB040814EB040870477047B7
:10E2E00070470A44914200F1FF3300D1704710B5E6
:10E2F00011F8014B03F8014F9142F9D110BD2DE9FE
:10E30000F74F03690C69A34280467EDB013C01F1B3
:10E310001407A30000F11405009305EB8403019397
:10E3200057F8243055F8242001339A4207EB84092A
:10E33000B2FBF3F62ED34FF0000ABC46AE46D346EE
:10E340005CF8043B98B206FB00A0020C1B0C06FB19
:10E350000323DEF8002080B292B2121A5A44DEF88B
:10E3600000004FEA134A9BB2C3EB224303EB104376
:10E3700092B242EA0342E1454EF8042B4FEA234BA6
:10E38000DED2009BEB582BB9019B1A1F954230D36C
:10E39000C8F81040404601F0FBF8002825DB0136A4
:10E3A0002946002057F8042BD1F800C01FFA82FE3E
:10E3B0001FFA8CF3A3EB0E030344120CC2EB2342AF
:10E3C00002EB1C429BB243EA0243B94541F8043BCD
:10E3D0004FEA2240E6D255F8242005EB840322B907
:10E3E000043B9D420BD3C8F81040304603B0BDE853
:10E3F000F08F1368002BCBD1043A013CC6E71A68B2
:10E40000002AF0D1043B013CEBE70020EEE70000DE
:10E410002DE9F04F99B08DED0E0B0C92C269229C44
:10E420000A9157EC106B8146139382B91020FFF7C5
:10E430005BF80246C9F81C0020B9A94BEF21A94896
:10E44000FFF734F80023C0E901330360C3601168AB
:10E4500059B152684A60012393408B60484600F0EE
:10E4600049FED9F81C3000221A60B7F10008B5BF88
:10E4700001230023236023609B4BBCBF28F000488E
:10E48000CDF83C8033EA08031AD1139AC8F3130875
:10E4900042F20F7358EA0608136000F06185239B6F
:10E4A00053B9924B21E0924B00930833239A1360A7
:10E4B000009819B0BDE8F08F8C4B00930333F5E75B
:10E4C0009DED0E7B002251EC170B00238DED067B9A
:10E4D000F2F782FA824650B1139A01231360239B0C
:10E4E00013B1239A834B1360834B0093E0E79DEDB8
:10E4F000060B16AA17A9484601F0FEF85FEA185461
:10E50000169D019079D0079BCDF850A0C3F313035B
:10E51000DDE9060143F07F5343F44013A4F2FF34D6
:10E5200019460022754BF1F737FE67A3D3E90023A4
:10E53000F1F7EAFF66A3D3E90023F1F72FFE0646C1
:10E5400020460F46F1F776FF63A3D3E90023F1F7E6
:10E55000DBFF02460B4630463946F1F71FFE064602
:10E560000F46F2F781FA00228046002330463946F2
:10E57000F2F73CFA48B14046F1F75CFF32463B46C1
:10E58000F2F72AFA08B908F1FF38B8F1160F51D896
:10E590005B4B03EBC803D3E90023DDE90601F2F787
:10E5A00025FA002848D008F1FF38002312932D1BCC
:10E5B0006B1E089343BF0023C5F101070893002792
:10E5C000B8F1000F3ADB089BCDF834804344089340
:10E5D000002309930A9B092B62D8052BC4BF043B77
:10E5E0000A930A9BA3F10203CCBF00240124032B4E
:10E5F00062D8DFE803F05153362B179C2C4404F209
:10E600003243202BC1BFC3F1400308FA03F804F2E0
:10E61000124326FA03F3D6BFC3F1200348EA0300EE
:10E6200006FA03F0F1F7F6FE0122A1F1F873013CBE
:10E63000149275E70123B9E71290B8E7C8F1000317
:10E6400009930023A7EB08070D93C3E701230B935E
:10E650000C9B434405930133012B0493B8BF012362
:10E6600006E001230B930C9B002B28DDCDE904333E
:10E67000D9F81C000021042202F114059D4243D95F
:10E680004160484600F0F8FC009000283FD11D4B47
:10E69000024640F2AF11D2E60023E3E70023D6E7BB
:10E6A00001240023CDE90A344FF0FF330022CDE9E5
:10E6B00004330C921223DBE701230B93F4E70123CD
:10E6C000CDE904330C93D3E761436F63A787D23F4F
:10E6D000B3C8608B288AC63FFB799F501344D33F51
:10E6E0001FE8040836E804080000F07F1BE804086F
:10E6F00012E80408E5E70408E4E704080000F83F2E
:10E7000040EA04088FE8040801315200B4E7D9F860
:10E710001C30009A1A60049B0E2B75D8002C73D005
:10E72000B8F1000F40F3C4809F4B08F00F0203EBD9
:10E73000C20318F4807FD3E900AB4FEA281500F03C
:10E74000A3809A4BDDE90601D3E90823F2F706F826
:10E75000CDE9020105F00F050324944E002D40F091
:10E76000998052465B46DDE90201F1F7F7FF8246E8
:10E770008B46129B002B00F0C3808D4B002250462D
:10E780005946F2F733F9002800F0BA80049B002BB9
:10E7900000F0B680059B002B36DD08F1FF330293B5
:10E7A00050465946834B0022F1F7AEFE059E824645
:10E7B0008B4601342046F1F73DFE52465B46F1F7A9
:10E7C000A3FE7D4B0022F1F7E9FC0446A1F1507550
:10E7D000CDE91045002E40F09780784B002250463E
:10E7E0005946F1F7D9FC22462B4682468B46F2F772
:10E7F0001BF9002840F0BD82224605F10043504637
:10E800005946F2F7F3F820BB179B002BC0F28D811D
:10E81000B8F10E0F00F38981634B03EBC803D3E912
:10E8200000AB0C9B002B80F21B81049B002B00F3A0
:10E8300017810ED1614B002250465946F1F764FE14
:10E8400002460B46DDE90601F2F7DAF8002800F08F
:10E85000938200252C460C9B009EDB4302932746A7
:10E8600000242946484600F045FC002F00F0EE80C9
:10E870002CB1BC4203D02146484600F03BFC39464F
:10E88000484600F037FCE1E09DED067B02248DED6B
:10E89000027B62E7E90708D550465946D6E90023CE
:10E8A000F1F732FE013482468B466D10083655E78B
:10E8B00022D0C8F100053C4B3C4E05F00F0203EBA3
:10E8C000C203D3E90023DDE90601F1F71DFE2D1196
:10E8D00082468B460224002D3FF44BAFEA0708D551
:10E8E00050465946D6E90023F1F70EFE0134824620
:10E8F0008B466D100836EEE7DDE906AB022438E7FB
:10E90000049ECDF8088055E7274B03EBC60353E977
:10E9100002010B9B002B55D002460B4600202849D4
:10E92000F1F71CFFDDE91023F1F736FC009BCDE980
:10E9300010019D191E4659465046F2F795F800F110
:10E940003004F1F777FD02460B4650465946F1F781
:10E9500023FCDDE9102306F8014B82468B46F2F7D3
:10E9600045F8002872D152465B4611490020F1F764
:10E9700013FCDDE91023F2F739F8002840F0B680E7
:10E98000AE423FF441AFDDE910010A4B0022F1F73E
:10E99000BBFD084BCDE91001002250465946F1F766
:10E9A000B3FD82468B46C6E740EA040818EA04082D
:10E9B0000000F03F0000244000001C400000144014
:10E9C0000000E03FDDE91023F1F79EFD009B009C75
:10E9D000CDE910013344159359465046F2F744F8F7
:10E9E00000F13005F1F726FD0B4602465946504628
:10E9F000F1F7D2FB04F8015B159B9C4282468B46E3
:10EA000027D1009B0022DDE910011E44AA4BF1F73B
:10EA1000C5FB02460B4650465946F2F705F800285A
:10EA200064D1DDE91023A4490020F1F7B5FB0246CB
:10EA30000B4650465946F1F7D9FF00283FF4E4AEA3
:10EA4000334616F8012D302AFAD01E46DDF808802C
:10EA50003AE09A4B0022F1F757FD82468B46BBE71E
:10EA6000009E52465B46DDE90601F1F777FEF1F7BD
:10EA7000FBFF0746F1F7DEFC52465B46F1F744FD2B
:10EA800002460B46DDE90601F1F786FB07F1300C83
:10EA9000009C06F801CBA6EB040C049C64450246DE
:10EAA0000B4633D1F1F77AFB52465B4604460D46DE
:10EAB000F1F7BAFFC0B952465B4620462946F1F746
:10EAC0008BFF08B1FB070FD40199484600F012FBF9
:10EAD0000023139A337008F101031360239B002B6A
:10EAE0003FF4E6AC1E60E3E4CDF8088033461E46F2
:10EAF00013F8012D392A06D1009A9A42F7D1029AC9
:10EB000001320292302201321A709FE76B4B0022D1
:10EB1000F1F7FAFC02460B46CDE90623002200235A
:10EB2000F1F75AFF00289CD0CEE70B9A002A00F09C
:10EB3000DF800A9A012A00F3C380149A002A00F0A9
:10EB4000B78003F23343099D3E46089A01211A44D7
:10EB500048461F44089200F081FB044656B1089BCA
:10EB6000002B07DDB342089AA8BF3346FF1AF61AF6
:10EB7000D31A0893099B0BB30B9B002B00F0BF80AB
:10EB8000002D00F0B98021462A46484600F032FCAC
:10EB9000019A01460446484600F076FB01998246F8
:10EBA000484600F0A7FA099B5B1B099300F0AA8076
:10EBB000099A5146484600F01DFC01900121484643
:10EBC00000F04CFB0D9B0546002B00F0D0811A464F
:10EBD0000146484600F00EFC0A9B012B054600F357
:10EBE00099800E9B002B40F090800F9BC3F3130382
:10EBF000002B40F08A800F9B23F000431B0D1B0568
:10EC0000002B00F08580089B0133013708934FF0FB
:10EC1000010A0D9B002B00F0B0812B6905EB8303EB
:10EC2000186900F0CFFAC0F12000089B184410F0DA
:10EC30001F0076D01B2870DCC0F11C00074406447E
:10EC400003440893002F05DD01993A46484600F039
:10EC50002DFC0190089B002B05DD29461A464846ED
:10EC600000F024FC0546129B002B5FD0019829463A
:10EC700000F08EFC002859DA08F1FF330293019965
:10EC800000230A22484600F057FA0B9B0190002B04
:10EC900000F07581002321460A22484600F04CFA14
:10ECA000059B002B044671DC0A9B022B47DC6DE0C0
:10ECB000169BC3F1360346E70000E03F0000244006
:10ECC000049B5D1E099BAB4208DB5D1B049B002B74
:10ECD000BFF63AAF049BFE1A002336E7099B0D9A54
:10ECE0000995EB1A1A440D92049B3E4600252CE729
:10ECF000099D0B9C3E4631E7DDF804A058E7099AD0
:10ED0000019957E7CDF804A058E74FF0000A80E7D3
:10ED10009A467EE74FF0000A7FE71C2892D0C0F1A8
:10ED200020001C30089B0744064489E7049BCDF86B
:10ED30000880002B24DC05930A9B022B22DD059B17
:10ED4000002B7FF488AD2946059B0522484600F03C
:10ED5000F3F901460546019800F01AFC00287FF7F8
:10ED60007AAD009E312306F8013B029B01330293EA
:10ED700075E535462C46F4E7049DCDF80880F9E7A3
:10ED8000049B05930B9B002B00F0FD80002E05DDFE
:10ED900021463246484600F089FB0446BAF1000F8E
:10EDA00058D06168484600F067F9064628B9814B9B
:10EDB000024640F2EF21FFF742BB22690232920085
:10EDC00004F10C010C30FFF78CFA01223146484661
:10EDD00000F06CFB0746009B009A03F10108059BBD
:10EDE000134406930E9B03F00103089329460198F0
:10EDF000FFF785FA2146049000F1300B019800F0EE
:10EE0000C7FB3A4605902946484600F0DDFBC2683C
:10EE100008F1FF3A0646FAB90146019800F0B8FB3E
:10EE2000024631464846099200F064F9DDE90923BB
:10EE300042EA0301089B194346460FD1BBF1390F43
:10EE400028D0059B002B02DD049B03F1310B8AF8CF
:10EE500000B006E52746BEE70122E2E7059B002B4E
:10EE600004DB0A990B4308990B4320D1002AEEDDFD
:10EE700001990122484600F019FB2946019000F053
:10EE800087FB002803DCE2D11BF0010FDFD0BBF1D0
:10EE9000390FD9D139238AF8003033461E46013B59
:10EEA00016F8012C392A52D001321A70D9E4002AFE
:10EEB00007DDBBF1390FEDD00BF101038AF800300B
:10EEC000CFE4069B08F801BC43452AD001990023F2
:10EED0000A22484600F030F9BC4201904FF000038E
:10EEE0004FF00A022146484606D100F025F90446B3
:10EEF000074608F1010879E700F01EF93946044693
:10EF000000230A22484600F017F90746F1E7059B5F
:10EF10005E1E002B009BD8BF00265A1C27461644B5
:10EF2000002401990122484600F0C0FA29460190C8
:10EF300000F02EFB0028B0DC02D11BF0010FACD199
:10EF400033461E4613F8012D302AFAD089E4009A80
:10EF50009A42A3D1029B013302933123137080E4C0
:10EF6000239B002B7FF49FAA134BFFF7BEBA0A9B8B
:10EF7000012B7FF736AEDDF834A0012055E6059B66
:10EF8000002B7FF7D9AE009E01982946FFF7B7F90D
:10EF900000F1300B009B06F801BBF21A059B93426F
:10EFA000B5DD019900230A22484600F0C5F801901A
:10EFB000EAE700BF8FE8040812E8040837B5002923
:10EFC00044D051F8043C0190002BA1F10404B8BFD7
:10EFD000E418FEF72FFB1E4A0198136833B96360EB
:10EFE000146003B0BDE83040FEF72ABBA34208D945
:10EFF000256861198B4201BF19685B684919216056
:10F00000EDE71A465B680BB1A342FAD911685518AF
:10F01000A5420BD1246821445418A3421160E0D1C9
:10F020001C685B6853600C441460DAE702D90C2357
:10F030000360D6E7256861198B4204BF19685B68D5
:10F04000636004BF491921605460CAE703B030BD52
:10F050004898002082B001B901A942B14BB11378A0
:10F060000B601278101E18BF012002B070471046C6
:10F07000FBE76FF00100F8E770B5C46905460E467E
:10F0800084B91020FEF730FA0446E86128B9024638
:10F09000164B17486B21FEF709FA0023C0E901332C
:10F0A0000360C360E36853B921220421284600F0BD
:10F0B000FDFDEB69E060DB680BB9002070BD53F823
:10F0C000260030B1026843F826200023C0E903334C
:10F0D000F4E7012101FA06F4621D9200284600F0CF
:10F0E000E5FD0028E9D0C0E90164EEE71FE8040867
:10F0F000A0E8040870B5C46906460D4674B910202E
:10F10000FEF7F2F90246F06120B9094B09488F2158
:10F11000FEF7CCF9C0E901440460C4603DB1F36975
:10F120006A68DB6853F82210296043F8225070BDEA
:10F130001FE80408A0E804082DE9F0410D6907461E
:10F140000C461E4601F1140C0020DCF8003099B288
:10F1500002FB01611E0C0B0C02FB063389B201306D
:10F1600001EB034185424CF8041B4FEA1346ECDCEB
:10F170000EB3A368AB4219DC616838460131FFF772
:10F180007BFF804628B902460C4B0D48BA21FEF79A
:10F190008DF92269023204F10C0192000C30FFF764
:10F1A000A0F821463846FFF7A5FF444604EB850347
:10F1B00001355E6125612046BDE8F0818FE80408D5
:10F1C000A0E80408B0F5803F034636BF03040020E2
:10F1D0001020B3F1807F3CBF1B020830B3F1805F89
:10F1E0003CBF1B010430B3F1804F3CBF9B00023099
:10F1F000002B04DB5B0001D50130704720207047F5
:10F20000036813F0070201460BD0DA0722D49807EF
:10F2100049BF5B089B0801200B605CBF0B600220AC
:10F22000704798B2A0B91B0C1020DAB20AB90830A6
:10F230001B0A1A0704BF1B0904309A0704BF9B0866
:10F240000230DA0702D45B0806D001300B60704749
:10F250001046EAE7002070472020704710B50C46A2
:10F260000121FFF709FF024628B9054B054840F286
:10F270004511FEF71BF901234461036110BD00BF76
:10F280008FE80408A0E804082DE9F04FD1F81080B9
:10F29000D2F81090C84585B00E46144604DB4B46A4
:10F2A0000C46C14616469846A368616809EB0807F4
:10F2B000BB42B8BF0131FFF7DFFE30B902464B4B0E
:10F2C0004B484FF4B171FEF7F1F800F1140505EB6E
:10F2D000870B2B4600225B4522D306F1140101EB7C
:10F2E000880304F1140C0CEB890C029304F1150350
:10F2F00063458CBF002301230093ACEB0403153B53
:10F300009B080193029B03918B420CD8002F03DDD5
:10F310005BF8043D002B67D0076105B0BDE8F08FB6
:10F3200043F8042BD7E7B1F800A0BAF1000F28D0BA
:10F3300004F11408A9464FF0000E58F8042BD9F830
:10F34000003096B29BB20AFB0633D9F80060120C6B
:10F35000360C73440AFB026606EB13469BB243EA83
:10F360000643C44549F8043B4FEA164EE5D8009AD7
:10F37000019B002A4FEA830308BF00232B44C3F8F4
:10F3800004E0039BB3F802E00431BEF1000F29D082
:10F390002B6804F114069846A9464FF0000A3288FB
:10F3A0000EFB02A202EB18429BB243EA024349F869
:10F3B000043B56F8043BD9F800804FEA134A1FFA81
:10F3C00088F30EFB0A3303EB1243B4454FEA134AAA
:10F3D000E5D8009E019A002E4FEA820208BF002263
:10F3E0002A44536004358DE7013F8FE78FE8040816
:10F3F000A0E804082DE9F843174612F003028046FE
:10F400000D4607D0264C013A002354F82220FFF77E
:10F4100093FE0546BF103FD0D8F81C4094B9102089
:10F42000FEF762F80446C8F81C0030B902461D4BCE
:10F430001D4840F2B311FEF739F80023C0E901334B
:10F440000360C360A66846B940F271214046FFF7E9
:10F4500005FF0023A060064603602C464FF000091C
:10F4600007F001037F1053B1294632464046FFF7AB
:10F470000BFF214605464046FFF73CFE67B130686A
:10F4800038B9324631464046FFF7FEFE3060C0F8DC
:10F49000009006462C46E3E72846BDE8F88300BF07
:10F4A0000CEA04081FE80408A0E804082DE9F84F56
:10F4B0000C4649682669A36806EB62160746914622
:10F4C0004FEA621A06F1010843450BDB3846FFF7A5
:10F4D000D3FD054648B902462B4B2C484FF4EF713B
:10F4E000FDF7E4FF01315B00EEE700F114010023BA
:10F4F0000A461846534539DB20692AEAEA7A01EBC5
:10F500008A0104F1140319F01F098C4603EB8000F3
:10F5100030D0C9F1200A4FF0000E1A68E34602FA13
:10F5200009F242EA0E02CBF8002053F8042B98426D
:10F530000CF1040C22FA0AFEEFD8031B153B23F052
:10F54000030304F11502904238BF00231944C1F8A7
:10F5500004E0BEF1000F00D1B0463846C5F8108077
:10F560002146FFF7C7FD2846BDE8F88F42F8040B97
:10F570000133BFE753F8041BCCF8001098420CF19C
:10F58000040CF7D8E8E700BF8FE80408A0E80408F7
:10F5900003690A699B1A30B50ED11430143100EB9F
:10F5A000820401EB820154F8045D51F8042D954268
:10F5B00004D006D24FF0FF33184630BDA042F2D33C
:10F5C000FAE70123F8E700002DE9F74F8A460646DF
:10F5D000114650461446FFF7DBFF051E12D129469F
:10F5E0003046FFF749FD024628B9414B40F237212A
:10F5F0004048FDF75BFF0123C0E90435104603B026
:10F60000BDE8F08FBCBF5346A2463046DAF804107E
:10F61000BABF1C4601250025FFF72EFD024618B98A
:10F62000334B40F24521E3E7DAF810702669C560F4
:10F630000AF1140904F1140E00F114050AF1100383
:10F6400009EB87080EEB86060193AB464FF0000CE2
:10F65000019B5EF8040B53F804AF01931FFA8AF183
:10F6600083B2CB1A000C6344C0EB1A4000EB23407A
:10F670009BB243EA004376454BF8043B4FEA204CEB
:10F68000E6D8331B153B153423F00303A64238BFDD
:10F690000023E8184B441C1D04302646A5EB090541
:10F6A00046450ED308F10301091B21F00301013384
:10F6B000984538BF0021014451F8043DABB11761B2
:10F6C0009CE706EB050E56F8041BE2464FEA11498B
:10F6D0001CFA81FC514409EB2C4989B241EA0941E9
:10F6E0004FEA294CCEF80010DAE7013FE4E700BF0B
:10F6F0008FE80408A0E804082DE9F7430F4601212C
:10F7000059EC108B1646FFF7B7FC054630B9024698
:10F71000234B244840F20F31FDF7C8FEC9F30A54C9
:10F72000C9F313030CB143F480130193B8F1000340
:10F7300023D068460093FFF763FD0099D8B1019A82
:10F74000C0F1200302FA03F30B43C2406B61019244
:10F75000019BAB61002B0CBF012202222A61A4B1E4
:10F76000A4F2334404443C60C0F1350030602846C4
:10F7700003B0BDE8F0836961EAE701A8FFF740FD47
:10F78000019B6B6120300122E8E705EB8203A0F2C8
:10F79000324038601869FFF715FDC0EB4210E5E70D
:10F7A0008FE80408A0E8040849B1FF2A85BF8A232E
:10F7B00003600A704FF0FF3098BF01207047084681
:10F7C00070479368013B002B10B4936007DA94698B
:10F7D000A34201DB0A2902D110BC00F0D5B913689D
:10F7E000581C10601970084610BC7047F8B50646E2
:10F7F0000F461446D518AC4201D1002007E014F89A
:10F80000011B3A463046FFF7DCFF431CF3D1F8BD3D
:10F810002DE9F04706469CB00D4614461F4618B128
:10F82000036A0BB9FEF7FEFB6B6ED90705D4AB89F3
:10F830009A0502D4A86DFEF752FDAB891B0701D5CE
:10F840002B699BB92946304600F0DCF970B16B6E2C
:10F85000DE0704D54FF0FF301CB0BDE8F087AB8960
:10F860009C05F7D4A86DFEF73BFDF3E70023099351
:10F8700020238DF82930039730236A4F8DF82A30E2
:10F880004FF0010823461A7899461AB1252A03F148
:10F890000103F8D1B9EB040A0BD05346224629469E
:10F8A0003046FFF7A3FF013000F0A380099A5244CD
:10F8B000099299F80030002B00F09B8000224FF055
:10F8C000FF33CDE9053209F10109049207928DF861
:10F8D00053201A924C46052214F8011B5148F1F7A7
:10F8E00027F9049AD0B9D00644BF20238DF85330AD
:10F8F000110744BF2B238DF8533099F800302A2B81
:10F9000013D007994B4600204FF00A0C1A78303A72
:10F91000092A1C464AD9A8B1079113E0C01B08FA6E
:10F9200000F010430490A146D4E7039B191D1B6807
:10F930000391002BBBBF5B4242F002020793079387
:10F94000B8BF049223782E2B0AD163782A2B32D1A8
:10F95000039B1A1D1B68039243EAE3730234059369
:10F96000DFF8D090217803224846F1F7E1F838B16A
:10F97000049BA0EB0900402282401343013404930E
:10F98000217829488DF828100622F1F7D1F80028AF
:10F990003ED0264818BB039B073323F007030833E8
:10F9A0000393099B0344013409936BE701330CFB78
:10F9B00001210120AAE700230593611C18464FF09E
:10F9C0000A0C0A78303A092A0C4603D9002BC7D012
:10F9D0000590C5E701310CFB00200123F1E703ABE3
:10F9E00000932A46124B04A93046FDF7C9FE431C7A
:10F9F000D7D16B6ED90705D4AB899A0502D4A86D0F
:10FA0000FEF76EFCAB895B063FF524AF099823E750
:10FA100003AB00932A46064B04A93046FEF74AF989
:10FA2000E5E700BFFAE8040804E9040881D7000804
:10FA3000EDF7000800E90408B1F90C202DE9F041C8
:10FA4000160705460C4651D44B68002B02DC0B6CA4
:10FA5000002B49DDE66A002E46D0002312F48052C6
:10FA60002F682B6031D0626DA389590705D5636873
:10FA7000D21A636B0BB1236CD21A0023E66A216A97
:10FA80002846B047421CB4F90C3006D129681D291C
:10FA900045D8284ACA40D60741D500226260D90419
:10FAA0002269226004D5421C01D12B6803B960652C
:10FAB000616B2F60C1B104F14403994202D0284622
:10FAC000FFF77CFA002363630EE0216A01232846D6
:10FAD000B0470246501CC7D12B68002BC4D01D2B49
:10FAE00001D0162B1AD12F6000201DE00F69002FC6
:10FAF000FAD093070E6808BF4B690F6018BF002348
:10FB0000A6EB07088B60B8F1000FEDDD216AA66A4D
:10FB100043463A462846B047002807DCA38943F00D
:10FB20004003A3814FF0FF30BDE8F0810744A8EB0C
:10FB30000008E8E70100402038B50B6905460C468F
:10FB400013B91D46284638BD18B1036A0BB9FEF734
:10FB500069FAB4F90C30002BF3D0626ED00704D4EC
:10FB6000990502D4A06DFEF7BAFB28462146FFF79F
:10FB700063FF636EDA070546E4D4A3899B05E1D4ED
:10FB8000A06DFEF7ADFBDDE7F8B505460F46144660
:10FB900018B1036A0BB9FEF745FAA369A360A389FC
:10FBA0001A0701D5236943B92146284600F02AF8EF
:10FBB00018B14FF0FF363046F8BD23692068C01AEF
:10FBC0006369834205DC21462846FFF7B5FF00281C
:10FBD000EFD1A368013BA36023685A1C22601F7009
:10FBE000636901308342FEB204D0A389DB07E2D50A
:10FBF0000A2EE0D121462846FFF79EFF0028DAD0E2
:10FC0000D7E7000038B5284B054618680C4618B1F0
:10FC1000036A0BB9FEF706FAB4F90C30190720D4C1
:10FC2000DA0607D409222A6043F04003A3814FF08B
:10FC3000FF3031E0580711D5616B41B104F1440345
:10FC4000994202D02846FFF7B9F9002363630022E6
:10FC5000A38962602269226023F0240343F0080331
:10FC6000A38123694BB9A38903F42073B3F5007F03
:10FC700003D02146284600F051F8B4F90C3013F0B7
:10FC800001020AD00022A26062695242A261226986
:10FC900042B913F08000C7D138BD990758BF6269D7
:10FCA000A260F4E70020F7E7EC24002070B5A1FB88
:10FCB000026535B93146FDF741FC044628B92046B6
:10FCC00070BD0C2303600024F9E732462946FEF795
:10FCD00034FAF4E770B50E46B1F90E10002996B06B
:10FCE00014461D460ADAB28912F0800213D14FF48D
:10FCF000806100202A60216016B070BD6A4600F065
:10FD000047F80028EFDB019A02F47042A2F5005395
:10FD10005A425A41EBE700224021EAE78B8973B54A
:10FD20009E0705460C4607D504F14703236023616F
:10FD30000123636102B070BD01AB6A46FFF7CAFFE1
:10FD4000009E28463146FDF7F9FBB4F90C3038B96E
:10FD50009A05EFD423F0030343F00203A381E3E702
:10FD600043F08003A381019B2060C4E90406002BBB
:10FD7000E0D0B4F90E10284600F01CF80028D9D0C5
:10FD8000A38923F0030343F00103A381D2E700001A
:10FD900038B5074C00230546084611462360F5F7A1
:10FDA00087F9431C02D1236803B12B6038BD00BF23
:10FDB0008899002038B5064C002305460846236084
:10FDC000F5F77CF9431C02D1236803B12B6038BDE1
:10FDD000889900200FB407B5064904AB086853F8AA
:10FDE000042B81680193FFF713FD03B05DF804EB6A
:10FDF00004B07047EC240020036A70B5846805469F
:10FE00000E460BB9FEF70EF9636EDB0705D4A38926
:10FE1000980502D4A06DFEF762FAA389190702D5EE
:10FE20002369002B35D121462846FFF7EBFE80B32E
:10FE30004FF0FF35636EDA0705D4A3899B0502D422
:10FE4000A06DFEF74DFA284670BD002B04DAA269BA
:10FE5000934217DB0A2915D023685A1C22601970B7
:10FE6000A36816F8011F013BA3600029EDD18B4266
:10FE700011DA22460A212846FFF786FE0130D7D044
:10FE80000A25D7E722462846FFF77EFE0130E7D154
:10FE9000CEE7013EE4E723685A1C22600A221A706A
:10FEA000EEE70000024B01461868FFF7A5BF00BF50
:10FEB000EC240020F8B500BFF8BC08BC9E46704793
:0CFEC000F8B500BFF8BC08BC9E467047B7
:10FEE00000000000000000000102030406070809EA
:10FEF00000000000010203040006101600061016A0
:10FF000025640D0A000000000D0A3D3D3D206D698D
:10FF100063726F5F737065656368207465737420C6
:10FF20003D3D3D0D0000000061695F6D6963726FCA
:10FF30005F7370656563685F6372656174655F6157
:10FF40006E645F696E69740054454D504C41544570
:10FF5000202D204572726F722028257329202D20B4
:10FF6000747970653D30782530327820636F646530
:10FF70003D3078253032780D0A0000000000000086
:10FF80000000000000000000000000000000000071
:10FF90000000000000000000000000000000000061
:10FFA000EAD05C3B67DF983B82B0AC3B82B0AC3BB5
:10FFB000C1B78A3B3520793BAF9CA53BD9F68E3B38
:10FFC000AB0A963B975DA13B4B0E853BDC889E3B85
:10FFD00093CB913BC1B78A3B4BCD6D3B2446AB3BAA
:10FFE0007B8C8D3B06E3873BF135933BDC889E3B66
:10FFF000F135933B55C4B33B06E3873B21B49B3BB0
:020000040801F1
:100000000C07A73BEEA3833B5232A43BD9F68E3BB1
:1000100067DF983B4FA0943B3C85AF3BF135933B6A
:10002000C4499A3B7B8C8D3BA878863BAF9CA53B13
:100030008000000008F66B3CA0FF00087CFF000871
:10004000800000000000803B3400010830000108FF
:1000500005002400380001080000000026735C3C05
:100060000C00000054338D3D44000108400001089D
:100070000500010048000108000000008FA5943C25
:10008000800000004B02D63C5C00010858000108CB
:100090006400010860000108050001006800010813
:1000A0008000000094CDFC3B7C0001087800010832
:1000B0008400010880000108050001008800010893
:1000C0000500010090000108000000000000000091
:1000D0000000000000000000000000000000000020
:1000E0000000000000000000000000000000000010
:1000F0000000000000000000000000000000000000
:1001000000000000000000000000000000000000EF
:1001100000000000000000000000000000000000DF
:1001200000000000000000000000000000000000CF
:1001300000000000000000000000000000000000BF
:1001400000000000000000000000000000000000AF
:10015000000000000000000000000000000000009F
:10016000000000000000000000000000000000008F
:10017000000000000000000000000000000000007F
:10018000000000000000000000000000000000006F
:10019000000000000000000000000000000000005F
:1001A000000000000000000000000000000000004F
:1001B000000000000000000000000000000000003F
:1001C000000000000000000000000000000000002F
:1001D000000000000000000000000000000000001F
:1001E0000000000000000000DE74143B90C6C83A16
:1001F000A76CFA3AB3550D3B617DB83A185AF93AF3
:100200001CDAE83A5260FD3AA45BE33A1BFEFA3A84
:1002100084F3D23AC03DBC3A5824D23A8855403B88
:10022000C31D193B5FB2F53A0DB3FB3AC038C03A73
:100230002B610B3B4E7BFF3AA696093B9E89023B06
:1002400028A4273BEDD11E3B14B0DB3A6151EC3AB8
:100250008560C33A78F6E33AD6BC033BC5C1153B8B
:10026000E0B4F13A7077CC3AA2EF083B77D5CC3ABC
:1002700085B1FC3AA329133B71D20A3BF13F033B02
:100280003249FC3A0294C33A296FDF3A17ABD53AA8
:100290008B59F03A4ECF0E3BBC5BE93A771DE83AFA
:1002A00076D4C23A86FD0B3B81D6C93A8D3FFC3AE3
:1002B0004854133B3AEFCE3A09A50D3B03F3E43A19
:1002C0003433CC3A033CED3A8994C23AAB8AE63AED
:1002D00058F3063B93FA0A3B4806D43ACB63DC3A20
:1002E0008335FE3A9525463BD440023BCA74E83A32
:1002F00087F8123BE495DA3AC36A1D3B74004B3B26
:10030000EEA3E93A6F76E43A726D1A3BA075103BA2
:100310003C0BEE3AC127013B81A7FF3AE3C5BD3A4A
:10032000ADF0083BFF75143B58BDFD3A004AF33A67
:1003300078C6D63A41FEFA3A3D1C003B57191D3BA0
:10034000185FF93AD127FB3AD951273BCC72C03A12
:100350000C26043BFD5AD43A7C32153BF7533A3B0A
:10036000E9280D3B74D9143BDC901D3BBD6D003B6F
:100370001FC2EB3AA2F0013B36E1FC3A0563DF3ADB
:1003800070FC043BD593113B9F9DE73AFD0B1B3B53
:10039000822BB93AE534EA3A4925073B2F03043B5F
:1003A000088EBD3A9A48FB3AA7B3123BC345EC3AD4
:1003B00075C5DA3A4E26B83A0FCDF73A47D6023B22
:1003C000F69CED3AEC40F63AA04C053B28A0013BE8
:1003D000582DC93A2FFE073B1142E13AE435093B5B
:1003E00068AE163BF175E93A6E792B3B9039013BCB
:1003F00081AA143BC13DCD3A2BF2063B82D20C3B85
:10040000441CE43AD2E1033BAD9B063BC253E83ABD
:100410006A8D2C3B5954CA3AC6B5263BEA37ED3AA9
:1004200013C4E03A78D8103B9FD9FC3AC04FE33A66
:10043000828A073B83B2103B24B0C23A9816D13A65
:100440002222FA3AD521ED3A52C7153B74E2FF3A1F
:100450004EAB2C3BC44E003B60DCF63AC845033B38
:10046000D609EA3AF989053B8C8F1A3BE01CDC3A45
:10047000B031183B3C7DE33A6C86DC3AC5F9DF3A93
:10048000F2C0EB3A6E3EE53A5307123B4AF4033BA7
:1004900066B7E33A4D68D43AD1BC4D3BF30DE03A30
:1004A00031AEE03A7986013BAA2CAB3ADE59023BE9
:1004B00059342F3BA9EDDE3AB562E83A6743F33A87
:1004C000FEAE003B0E09CC3A56B3DA3AB821163BE1
:1004D000F7D4053B5651CF3ABF9EE13A4E830B3BD2
:1004E0007432183B7F6A1F3B603E053BF53C1E3B68
:1004F00054BB1A3B0B03033BEF89DD3AA1FFC13A22
:10050000DB71163BBEFDCA3A3B55F13AE2ACDF3A2D
:1005100029BC023B0519173B14CFC93AF29D073B92
:10052000DE70F53A60AED23A45B6E13A58CADD3AE5
:10053000F43AE23ADB8CB33A4C191C3B97CFDD3AE4
:10054000A9D80D3BD475063B478B1C3BB1A9003B9A
:10055000C418023BE7B6093B0607D93AE0E4113B71
:10056000B19DD03A6E86D83A48CF053BB7C2A43A7F
:100570008623043B0411F03ABACF043B6CE1473BBD
:100580003A7E003B8AAEDC3A1004163B00759A3A7C
:10059000C8B0013B33FE253B30D1EB3ABEFB103BEC
:1005A0007EBA0E3BECBDB13A9A80113B2E34E23A52
:1005B000BFECD53A8FC5113B202BFD3AAE9A023BDA
:1005C0005F26013B7E34F03A74F5C03A8573AE3A4B
:1005D00024581E3BA32CD13A28B9F63A453F073B95
:1005E000F69F023B5417CA3AEB5D1B3B9296EB3ADF
:1005F000576AD73AE7B8F23A7833F23AF89B143BA5
:100600004A39023B2440D33A14E4D83AF721FD3A60
:10061000AEDB073B4CDEF83A237EFD3A796DEE3ACD
:10062000085ADC3AF2E63E3B9C2EF43AF228EA3ACB
:10063000D047ED3A0329FF3A4707413B6334F63A86
:100640004E9AF53A7E54CA3A0A05133B7B59F73A5B
:10065000C548043BD6A5DD3AAE9FE83A0602BF3A4C
:10066000384CF43AC48A083B80000000A6F6C53C2A
:10067000A4000108A000010805000100A80001086D
:1006800005000100B0000108040000001402002071
:10069000000000000000000000000000000000005A
:1006A000000000000000000000000000000000004A
:1006B000000000000000000000000000000000003A
:1006C000000000000000000000000000000000002A
:1006D000000000000000000000000000000000001A
:1006E000000000000000000000000000000000000A
:1006F00000000000000000000000000000000000FA
:1007000000000000000000000000000000000000E9
:1007100000000000000000000000000000000000D9
:1007200000000000000000000000000000000000C9
:1007300000000000000000000000000000000000B9
:1007400000000000000000000000000000000000A9
:100750000000000000000000000000000000000099
:100760000000000000000000000000000000000089
:10077000ABB4333DFFC4823D81FC8F3DF5933F3DDB
:10078000D43C833C4132A03CC57E863D813B9A3DB2
:10079000F3DC2F3D7E5E6C3D4502F03C5973263DF7
:1007A00009934C3DD7259E3C7DA92C3C86A16C3DF0
:1007B00000AF603D454FAE3C9BE0133DE7768A3D80
:1007C0002C807D3CB52C573D02E9903C594D553D60
:1007D000B698533D73CA793DA8239A3C041DF23C58
:1007E00090E8BD3C2981953D076F943D20B81B3DA5
:1007F0008FE18A3C3E26C33C80249D3C54952D3D90
:100800003DE2863D5B873B3DED0E703DC28F963DE0
:100810009F4B323D02428B3DB0D2C23C0F4E413D18
:10082000B5D4D73CF28A203C732D6E3D3C4E973DAB
:100830000BCD653D3231A23DE565863D12B47B3C72
:10084000C3C6D53C339B333CBE6E333DE905053D05
:100850009589EA3C6AF8A33DA90EBA3C64B24A3DC8
:100860000E8CAA3DEDFBC23C7BD2483DB8DA893DF7
:100870004751883C529A353CC6A9C73D2A94733DDE
:10088000BAC4943CF6B81A3D4F3C7D3C5C8BDE3CD0
:10089000C8CE793D52342E3D95277E3DDE91903C69
:1008A000CF027A3DB949183D572A673DB01F4B3DED
:1008B0008AE5733DDF2A093D7328043D7014B13C7D
:1008C000D6E8B33C29F4AF3CAD98CC3C09DB5F3DA6
:1008D0000A69EF3C6E2EC33C4A7ED73C5E76BD3C37
:1008E000E4EB633DFBF46B3D6EFA893D85A81B3D4F
:1008F0000532C33CA4811B3D07C9213DE5707F3D06
:100900008046593DF828E03CBBF11B3D3903D33C00
:10091000DF0E273D31D7D63CE3FC183D07AF8F3DB6
:100920008B4DAE3D8E3A4C3D7783523D8D6B933D62
:10093000BFE2033DE0E1913DAB1E6A3C10F1843D16
:10094000E7B38D3D47B94B3DC4B8363DE7061F3D83
:1009500014F9023D4E003B3D70B9833D6D784D3D2D
:1009600030D37D3DB40DB83CD75BA63C65ED833CF0
:10097000B286263C6DE2703D98BC5B3DFE127B3C2E
:10098000B54D843D9F14BE3C57C1843D285C473D16
:100990006451923D24DF313D9AB61D3D7B1A293DBD
:1009A000F4551B3DCB23E33C77303B3DE0B93A3D6A
:1009B000B892293D2A760F3D56735D3DE0FC893D96
:1009C000F4D3F63C47BB243D27B9093D80733B3D3A
:1009D0009695413D4A2D483D425C1D3D9130863DF6
:1009E000AA7DCD3CCE25523DC6AFE73C6B5F523D64
:1009F0003813813D7445973D59D62E3D75CA8E3DBD
:100A000025BB373DDE4C303D72240C3DE6E31D3DF9
:100A10003C5AF63C0CDD3B3DBD45593D26730B3D34
:100A2000066E753DA8C2613D192D6F3C297B903D36
:100A300071BAFD3C0256F53C903A323D5743793D40
:100A40009D3CCB3C3653E53CF0FD803C3D3F573D63
:100A50007812503D958C123D5203513D957C2A3DB4
:100A60005E2E683D8B595A3D16B0CD3C67503D3DDA
:100A7000061ECF3CA76C7F3DBDB8523D26D3613DDD
:100A8000B4C0313D168D8C3DDD039C3DD5B7E43CB3
:100A9000E50B2F3D3DC9583D7D71BB3C7595293D0A
:100AA0001244823DEFCE293D3CC12D3D5ECEB13C8E
:100AB000F24A8F3D45E2C13D333F1D3DFA1A0E3DDE
:100AC000E10F5E3DB3AA8D3CC718A43CB4CAD93C23
:100AD000D4E4063D5DCB9B3D0D46123DB060C33C6A
:100AE0002E8E863DE307073D2B72803DB07B803D17
:100AF00080000000E4B81B3DE8010108C8000108BF
:100B00006C0601086806010805000100700601086E
:100B100080808080808080808080808080808080D5
:100B200080808080808080808080808080808080C5
:100B300080808080808080808080808080808080B5
:100B40008080818181818181818181818181818197
:100B5000818182828282828282828383838384846F
:100B6000848485858586868687878888898A8A8B16
:100B70008C8D8D8E8F90919394959698999B9D9F37
:100B8000A0A2A5A7A9ACAEB1B4B6B9BDC0C3C7CA2F
:100B9000CED2D6DADEE2E6EAEEF3F7FC0004090D87
:100BA00012161A1E22262A2E3236393D4043474A53
:100BB0004C4F525457595B5E6061636567686A6B5E
:100BC0006C6D6F70717273737475767677787879EF
:100BD000797A7A7A7B7B7B7C7C7C7C7D7D7D7D7E5B
:100BE0007E7E7E7E7E7E7E7F7F7F7F7F7F7F7F7F1C
:100BF0007F7F7F7F7F7F7F7F7F7F7F7F7F7F7F7F05
:100C00007F7F7F7F7F7F7F7F7F7F7F7F7F7F7F7FF4
:100C1000040000003C03002080000000E766413C27
:100C20007007010890060108F40A0108F00A01089B
:100C300005002001F80A010805000100000B010869
:100C40004004840000010000100B0108100B010893
:100C5000040000001004002080000000E766413C12
:100C60001C0C0108180C01080500E000200C01080C
:100C700005000100280C0108040000000C050020FC
:100C800080000000E766413C5C0C0108580C01083C
:100C900005000100600C0108040000005806002057
:100CA000800000000000803B840C0108800C0108DB
:100CB00005000100880C0108040000005007002016
:100CC000000000002440043C1E000000C7A1BF3CFF
:100CD000A40C0108A00C010805000100A80C0108E3
:100CE00004000000F007002000000000E538083C88
:100CF00080000000EDA2543CC40C0108C00C0108A7
:100D0000CC0C0108C80C010805000100D00C01083A
:100D10008000000004000000800800208000000027
:100D20003B7DA43BEC0C0108E80C0108F40C010825
:100D3000F00C010805000100F80C01080500010095
:100D4000000D01084004840001000000100D01089E
:100D5000100D0108040000002C0900200000000014
:100D60000000000000000000000000000000000083
:100D70000000000000000000000000000000000073
:100D80000000000000000000000000000000000063
:100D90000000000000000000000000000000000053
:100DA0000000000000000000000000000000000043
:100DB0000000000000000000000000000000000033
:100DC0000000000000000000000000000000000023
:100DD0000000000000000000000000000000000013
:100DE0000000000000000000000000000000000003
:100DF00000000000000000000000000000000000F3
:100E000000000000000000000000000000000000E2
:100E100000000000000000000000000000000000D2
:100E200000000000000000000000000000000000C2
:100E3000000000000000000000000000620DE43A25
:100E400037CF1C3B29EE133BE1BBDF3A956FF33AFA
:100E50007FCE2C3B21CABA3A33AAD63A5120E83A7F
:100E6000DFB7CB3ADE8DC83A9842A63A8D7A023B7C
:100E70009850DC3A6D82173B4487083BD429CF3A1F
:100E8000D9460F3B61B8DE3A6D0F9D3A80DB293BB6
:100E9000B72FD83ACFF38B3B6B4CD53AE7D7F03A24
:100EA000B342E93A3097E93A4B411D3BFCE9083B34
:100EB0005FF0843A61D5D73ACF68243BE26DE13ADE
:100EC0006DBDCA3A20C00D3BA5AFAC3A9F99B23A6E
:100ED000CBFB033B2AB7A83A8743F53A785DDF3A64
:100EE000E96AA53A6113843A4B68A93A004BA83ADB
:100EF00066C40C3B8993C73A829EFA3A1C90013B28
:100F0000FA75EB3A2899F33ADA58EE3A38D6213B9B
:100F1000265BD33AD0AEAE3A29CDBC3A6033973A8D
:100F20003FA1AA3A8678463B9B04B93AC2E6C23A48
:100F3000765F5A3BFAB8BA3A6E1FF43AC3AD363B05
:100F4000B803023BCC33D43A32CDB33AFEF8273B58
:100F5000AB1EC23A456D253BA28DCD3A9FDDA13A2D
:100F6000CE91DF3A2960DE3AB7B6033BDFFDAB3AFC
:100F7000F5C13D3B476D2D3B51DEC23A8E27163BF6
:100F80009E8AE63AB0E1C83AB9E2EA3ABD9E883AAA
:100F900084EDAA3AEF850C3B38B1013B1DCFDA3A1C
:100FA000F70ED03AF6C8AE3A88CEFA3A7F228F3A98
:100FB0006F99B33AC802B73A86E7D73A4EC7303B83
:100FC000E447C83A7F3BD03AB008EB3ACD9B5F3B51
:100FD00045E4C13AD517DC3A48E9203B18D2063B34
:100FE00005ACED3A008F1F3BA1FF973ADE17A23AFE
:100FF0003885EC3A0C11F03A89C7E63A421FC13AFB
:10100000C4DCC03AF2B4BA3AAE67B93A1F26FE3A27
:1010100032AE113BB393B93A73C50A3BB0BCEA3A5E
:10102000A31F0B3B6292243BFE07973A2749B03A35
:1010300029A70D3B302ADE3A8D92F43AD1D8133BE2
:10104000450C003B910FC23A7D90B93A487F863AF1
:101050004451FF3A905E0C3BDBF8A83A4845053B0B
:10106000AF18D93A8CE4FE3A0043ED3A7EE40B3BEC
:101070004DD50A3B4656053B10EFD13A9E67053BDE
:1010800074439D3A1801C93AF1900C3B1CA3EF3A06
:10109000C135F73ACD7A173B1BCEA03AFD0DB63AD3
:1010A000A028F23A33BF033B59E5C23A9273E93ABA
:1010B000648AF33AF7A0113B09619B3AC83CE03AD5
:1010C000B876173B9ED1DC3AFA1F033B577DDB3ADB
:1010D000F23FC63A3CFC9A3A3A3C203BB7D13F3B00
:1010E0001B87043BA24E193BA66AEA3A22979E3A16
:1010F0001F92953A6033DD3A6A61DE3A8CE2DC3A5F
:101100001608D03AB49DC43ABA3EB93AD5B1093BB3
:101110002C99F03A2F54063BA0F23A3BBD6ABF3AF5
:1011200084BEF63A3711CD3A78EEAD3ACDB6143BDF
:10113000C4E9C33A49BB153B992F123BA66F0F3B3D
:10114000258CEF3A5462AD3A447A933A40788F3A1C
:10115000D1E8C53AD6380E3BDD80963AC0EE033B67
:1011600084ADF63A2DF2DF3AA08CD43A5CF0E93A3D
:101170008955D53A9205D23A6C32A63A92EDD53AD3
:10118000EE17AC3AA638C33A1943CC3A4436023B80
:101190005135ED3A15A9023B2C86E03AF9DCB83A14
:1011A000EC26F13A9280EE3A04E1FB3A483CC53A2B
:1011B000CA9ADE3A29B4193BB273BA3A80000000E9
:1011C0004D3CBA3C200D01081C0D01080500010032
:1011D000240D0108050001002C0D01080400000089
:1011E000480A00200000000000000000000000008D
:1011F00000000000000000000000000000000000EF
:1012000000000000000000000000000000000000DE
:1012100000000000000000000000000000000000CE
:1012200000000000000000000000000000000000BE
:1012300000000000000000000000000000000000AE
:10124000000000000000000000000000000000009E
:10125000000000000000000000000000000000008E
:10126000000000000000000000000000000000007E
:10127000000000000000000000000000000000006E
:101280000000000005A5B33C569A803DA0260A3D0B
:1012900092C79E3DD893CD3CCDE9C43CD0D3B63D5A
:1012A000C353473D53C2CB3C7C4CA73C5170083DD7
:1012B00028333C3DBFC8943C89B9DA3CFA1A063D54
:1012C000F29BBF3CE4D3363DF86A7C3D783C4D3D13
:1012D000F54BDD3C4CC9B53C3EBEB83C0C66103D00
:1012E0007D4E283D734D7D3C68AB173D5225213C1A
:1012F0002BEF943C8D02403D6763803C3901F83C04
:10130000046B843C4D65B63CF12C363D9071EB3C52
:101310004654CC3C4703723CF149593DA111F73C7E
:10132000FB29753CC77C1A3D8A9F7F3CEEF7023D46
:101330000E868A3CE2752C3DC264D53C395EC03CC9
:101340001E47393D0AFDFC3CEF9C983D59D9013DB3
:101350002D45FB3C4DCD1A3C8E2E893D2085C73C4A
:101360008C34D73CD5D82D3D19628F3C4F3F553D2D
:101370003484C63CF989C13C4A5A0E3DB79C1D3D98
:1013800033417B3D28D0C23C66210B3D39D8953D89
:101390001CF8AD3CF4C01F3C6220D33C2A3EC43C48
:1013A000A5E0B63C976E733C245BF43B6085963CAD
:1013B00062222F3C2F35B83C3B88183D77B91B3C47
:1013C000183F6E3D8B9E763D7DB1573C6BA7F93C37
:1013D0001034E23C49C8133D6D18833DEAAB6F3DC4
:1013E00090FF2C3D6402903C48E0493C9AC2883C06
:1013F000E5C5363D9D85AE3CD4CCF23C8CEC2C3D15
:10140000B71C4E3D49AB2D3D151D2A3DE3D22B3D6A
:1014100079651A3DA3B62E3D3A23063D7128403D1D
:10142000CFB9ED3CCBBF8F3CE613CE3C46CF773CEB
:1014300063BE8A3CBBE7DF3CC9BAF33CC3D9963CE8
:10144000C458ED3C735D173D0FADA13CFCA38C3C33
:10145000C46ACF3C8B954E3D556F033D49DEDD3C64
:10146000F794853C2E69483DEEA8F03CAF2BD93D62
:101470001933073D9913B33D3159A23D9AB3F83C56
:1014800095B8803C1FD6013D1BDA1A3C3706183D43
:10149000FE74DD3C08331B3D845C7B3C03E00F3D68
:1014A000554E103D5F25123D6A5A403DC29A953D0A
:1014B0008BF2873C7B42FD3CE602D63C9145473CA3
:1014C0007711E03C5AB9833DFF9F873DD89B443D4F
:1014D000B8AD843D4F43E53CC5C7F33C4215863C5F
:1014E000711A6A3C7C242F3C20A0A93C4F97173DE1
:1014F000F603253D4E23043DA5BBC23C5238923D28
:101500004465853D800000004E912C3D3C0E010855
:101510005C0D0108C0110108BC11010805000100A3
:10152000C411010886868687878787878788888889
:10153000888889898989898A8A8A8A8A8B8B8B8B10
:101540008C8C8C8C8D8D8D8E8E8E8F8F8F909090BD
:10155000919191929293939394949595969697974F
:10156000979899999A9A9B9B9C9C9D9E9E9F9FA0C1
:10157000A1A1A2A3A4A4A5A6A7A7A8A9AAABABAC06
:10158000ADAEAFB0B1B2B2B3B4B5B6B7B8B9BBBC1B
:10159000BDBEBFC0C1C2C3C5C6C7C8C9CBCCCDCEF6
:1015A000D0D1D2D4D5D6D8D9DADCDDDEE0E1E3E49F
:1015B000E5E7E8EAEBEDEEF0F1F3F4F6F7F9FAFC23
:1015C000FDFF000103040607090A0C0D0F1012139A
:1015D000151618191B1C1D1F202223242627282A14
:1015E0002B2C2E2F30323334353738393A3B3D3EB1
:1015F0003F4041424344454748494A4B4C4D4E4E7B
:101600004F5051525354555556575859595A5B5C7F
:101610005C5D5E5F5F6061616262636464656566B4
:101620006667676804000000C40B002080000000AB
:10163000FE92883C84120108E41101080815010893
:10164000041501080500E0000C1501080500010063
:10165000141501084004840000010000241501084D
:101660002415010804000000C40C002080000000C4
:10167000FE92883C301601082C1601080500A000D7
:1016800034160108050001003C16010804000000A2
:10169000DC0D002080000000FE92883C70160108DE
:1016A0006C16010805000100741601080400000012
:1016B000280F0020800000000000803B98160108E1
:1016C00094160108050001009C16010804000000A2
:1016D0002010002000000000A73F103C0700000081
:1016E000903D1C3DB8160108B41601080500010024
:1016F000BC16010804000000C0100020000000001B
:10170000B62B203C80000000824D633CD8160108B7
:10171000D4160108E0160108DC16010805000100D6
:10172000E4160108800000000400000050110020B1
:1017300080000000CE04D43B00170108FC1601080D
:101740000817010804170108050001000C1701081B
:101750000500010014170108400484000100000086
:10176000241701082417010804000000FC110020C0
:101770000000000000000000000000000000000069
:101780000000000000000000000000000000000059
:101790000000000000000000000000000000000049
:1017A0000000000000000000000000000000000039
:1017B0000000000000000000000000000000000029
:1017C0000000000000000000000000000000000019
:1017D0000000000000000000000000000000000009
:1017E00000000000000000000000000000000000F9
:1017F00000000000000000000000000000000000E9
:1018000000000000000000000000000000000000D8
:10181000B289843BB66C123B2C203B3B62BE453BFD
:10182000659C993BD60D843B34E85E3B9D51613B02
:101830009F97633B2255783B62C9523B32DCFA3AB0
:101840003EAFB33BF76E9F3BDAFFB03B92A66A3BDD
:10185000520B583B0EBB2C3B694EAA3B6295503B4A
:10186000EC15213B73914A3BC87F5C3BC952A93BB5
:10187000A11BBF3A10CCB83B358F253B0EB2953B30
:10188000FBFB793BB7D6E53B96BB743BB001503BC5
:1018900007E5A83BC65B553B10825A3BCBDE003CBC
:1018A00066668B3BF70F5B3B0C2E043C7BC0103B0A
:1018B000EA817C3BD5E7AF3BCB7B893B0B710C3B93
:1018C0001DA5F13B51834A3BA493963BD3E0E33BF8
:1018D0002CB07E3BD300A23B8649543B022E8D3B6D
:1018E000C6286A3BA8A00E3B2C98FA3B40F0CC3BA4
:1018F0004690053B7B0D8D3B138CC03B8A4E4A3B8B
:101900005728863A9085B43BA236133B00341D3BE2
:10191000C3BD5C3B89CEB93BB4116C3B1532043B73
:10192000B7E2273B2ED3303B01597D3B5C5A8E3AC0
:101930001B99E73AE227B43BC093E03911382D3BBD
:1019400065B0053B50DA043B90D05C3B96F4503BCD
:101950003ACFB03BCFEC5B3BEBAC0D3C4EC4003B15
:10196000BC5BC03B472BB23B15EEB93B075FCE3BA0
:1019700099A1733BF7BEB23B9D35BB3B8F8E433B7A
:10198000079A103B515C093B82228C3B1C73333B12
:101990009F5F623BC1DB133B6136443B6F828E3BF2
:1019A00036AEB23BCDBF2F3B5188BB3B2C85153BA0
:1019B000517D5C3BABD58D3B85F32D3B31CF683BF7
:1019C0005566603B287E693B09E25B3B9732B63B3C
:1019D000C0EF7A3B71D0513B86726A3BD1AD023B7E
:1019E000EE47023B11B68B3B7CE8863BE3339D3BE5
:1019F0003AE8633BFCD21E3B9266AB3B9998913B25
:101A000038858C3B5FF0933B6BE4813A31B3433BC9
:101A10006820253B2716AC3BF85B5E3BFDF4C33BDF
:101A200099B34D3BF7E4053B5E335C3B65FFA83B58
:101A300091046E3B6B33203B2674983B1BEC983B28
:101A400064C1043B2C06053BDF5C113B3DAF6A3BA8
:101A5000BFDC203B7209A13B1D27743B8848733BC8
:101A6000FD74643B28CC103B14FF6F3B9290093B04
:101A70003887983BD01F7D3BC775683B43778C3BCD
:101A80009192543BBEC7793B4728933B86A4023BC7
:101A9000800000007266ED3C341701083017010821
:101AA0000500010038170108050001004017010872
:101AB00004000000181300200000000000000000D7
:101AC0000000000000000000000000000000000016
:101AD0000000000000000000000000000000000006
:101AE00000000000000000000000000000000000F6
:101AF00000000000000000000000000000000000E6
:101B000000000000000000006FEAE43BAFBB0B3DAB
:101B100045A73D3C6C38E33CF530B23D0BD26E3C02
:101B2000C497BE3D5813CB3D1086AA3CE153873C79
:101B3000918C463CF999EE3BB0530D3C6EA2283D8A
:101B40005066423C6054ED3C44599F3DC6236F3D76
:101B50008936E43B0CBD753CC1195F3DE7BEE63DEF
:101B60005D4C993C6AA3C03DB400263CBD4D3E3C53
:101B70005FEF393D7B6A3F3EC3CE043CE4DDA23DCE
:101B8000DFCAF73D24D0943D3DA01E3E5CA8A63D93
:101B90004422763CD5ADA03CEA535A3D1CB0F63CFD
:101BA000B685D13C6FF5953DFF32CF3BC4F0123D79
:101BB000B8D07D3C5083423C6F26323C5829223CB1
:101BC000FB2DB03C80A7F63CBFAD623DA86D803CCC
:101BD000F865063CDCC7A63D3F2BB33D718B0D3C41
:101BE000DBAA3D3EC1A86E3C27FCC03CD39A6D3CAD
:101BF000B44CBD3D0DAD193DD9FC773DF9194B3EB7
:101C000072FF363EF101383C5E4FEB3C22271F3C11
:101C10004E7D2B3CA840953C1A42683C3A81293CB9
:101C20008574943CD3631E3DD545F93DF6AE3C3CEE
:101C3000CAB5373E6856CC3D5111933DEBE7D73DD1
:101C40004C52B13C500DE43B80000000BED91E3D1B
:101C50001018010870170108941A0108901A010859
:101C600005000100981A01088182828282828282A4
:101C70008282828282828383838383838383838439
:101C80008484848484848585858585868686868605
:101C9000878787878888888989898A8A8A8B8B8CB5
:101CA0008C8C8D8D8E8E8F8F909191929293949536
:101CB0009596979898999A9B9C9D9E9FA0A1A2A368
:101CC000A5A6A7A8AAABACAEAFB1B2B4B5B7B9BA26
:101CD000BCBEC0C1C3C5C7C9CBCDCFD1D4D6D8DA5D
:101CE000DCDFE1E3E6E8EAEDEFF1F4F6F9FBFE0014
:101CF0000205070A0C0F111316181A1D1F2124269E
:101D0000282A2C2F31333537393B3D3F404244465A
:101D100047494B4C4E4F515254555658595A5B5D9A
:101D20005E5F60616263646566676868696A6B6B61
:101D30006C6D6E6E6F6F7071717272737374747498
:101D40007575767676777777787878797979797A1C
:101D50007A7A7A7A7B7B7B7B7B7C7C7C7C7C7C7CD0
:101D60007D7D7D7D7D7D7D7D0400000094140020BF
:101D70008000000022385E3D081B0108B81A0108E7
:101D80004C1C0108481C01080500A000501C01085B
:101D900005000100581C01084004840000010000F7
:101DA000681C0108681C010804000000941500204C
:101DB0008000000022385E3D0000000000000000AE
:101DC0000000000000000000000000000000000013
:101DD0000000000000000000000000000000000003
:101DE00000000000000000000000000000000000F3
:101DF00000000000000000000000000000000000E3
:101E000000000000000000003AB3533AAACF873820
:101E1000BEF9E4395B7AF73905939C39543D1D3A94
:101E200072401A392A0592387DC635394101B139D7
:101E300059DB0F3A9B5EE23986A8133A07AB623949
:101E4000076AE53973AAFB39D25496391AEC9938E6
:101E50004A91E239F41CA239E6654839D2E5E739FE
:101E60000522E9390E3CE839671AE23964B0E939EC
:101E70006C11A53971D541399B8F023A46F65B3911
:101E8000F5FFEB38D2BC1839393D42391EB60E3950
:101E90004540E73934CCB239530C963908DE353930
:101EA0007660B039391F9939B65A2A3A8FF9E23932
:101EB00081579B391562363ACE118B397FF2CB3977
:101EC000C9FA3C3AED458639405A9139D4659D3975
:101ED0006369E2397393E5389B87B938114F8D39BF
:101EE000802C4B398F0AAF39B80BB83937523D3A8D
:101EF0002E99FD38AF5BD8385C8A4A394B58533934
:101F0000FFD75539D8E9D439E2FADE39FB70DC392C
:101F1000E7FFA43910B9E03737DA913934B8F63928
:101F2000D0EADB39D6A7643A8574A338D2F4E7390E
:101F300027B8403930C054392E046D399EA2BE38BE
:101F400037F685392791633A8000000022385E3DDC
:101F5000741D0108701D010805005000781D01085E
:101F600005000100801D010804000000AC160020DF
:101F7000B41D0108B01D0108081E0108B81D0108A4
:101F80004C1F0108481F010805000100501F0108EF
:101F900004000000F817002005000100701F010870
:101FA00005005000781F010805000100801F01088E
:101FB00004000000F01800200E00000036BB133EA5
:101FC0008000000002E7CB3D04000000301A002032
:101FD000BC1F0108B81F0108C41F0108C01F010869
:101FE00080000000040000002C1B00200500010000
:101FF000D01F010805000100D81F0108400484001B
:1020000001000000E01F0108E01F010804000000BB
:10201000B01B002004000000641C00200000000031
:1020200000030204FEFD05F4FEFC06FDFFFF0205B1
:10203000000608FDFCFBF5190805FAF70B0CFF1567
:10204000CAC5B8B4B0B1A5B51906FEFC01F0D9EC0B
:102050001A21211901E9EBE8040F1D260A0723F7CD
:10206000F0FB0015375F7F4700010000FF0106FC11
:10207000E0F01604FD0B0003FE20280A00070D0AFD
:10208000F934180AFA03F700F0581408000A09FC9A
:10209000FB71020609060707FF7FFF04F8000E0721
:1020A000FA7D192206121419FA7D3B1F070D15122D
:1020B000DE61481206191813D72550150514211092
:1020C000F7FCFF090B090902050E0FFF01FF0916B6
:1020D000FFF8FA08FFF9F8F2A495818D8785889DAD
:1020E0001B1D12EFEA2428204A5F53525B574431EC
:1020F000F2FA1A2827F9EDF5FAF5F4F8F808FF01D5
:1021000008FCFB04080AFFFA020106FEF8EC0610C0
:10211000F3F3F405FF0B0D0CFBF1F6000804080EB9
:1021200006EED80304130C0A4823C7D7EEFEFA01C3
:102130003D7F15C4D0E6E6E5D3576E1CF7EDEAE621
:10214000AEEB233519FD0100E6E00214190C00FD89
:1021500001E4E9FE100A09041CEFEAEEFC040A0D92
:10216000F4E7FBFBEB0606FD1E1C3018F306FCEF44
:10217000B581A3E000FBF60C0DD3F2E61CF9F010DC
:10218000FEECEFD136E5F309F124F6C53CDEE212B0
:10219000DE36D9DE47EAE318D921CBE010EAF00DAC
:1021A000EA25FBFA0BFFF6EA01FE0E06E71305FF30
:1021B000FFFF02FC05FEFE0501FD05F800F8FC1A14
:1021C000F8FC03F4FDF10129F9F5FEF5FAE2004708
:1021D000F8F201F1F6D5F56AF7F1FDEDF1C4FE7FF5
:1021E000FEEEFFF3F2C8F878F8F401F2FCDCF84CEC
:1021F000FBF803F3FDEDFC34FA0001F805F9F61CD9
:1022000002FA13DFEAC1FEE7FAFD13FAF1CD25DF8A
:10221000F004FF17F79B42D0F304FA23FA8F45D15D
:10222000F9F8ED3107811AD908F2EF291090FCC8AE
:102230000BEEF0252483DFD008F2F71212AAD6DFC6
:1022400007F4F823F6BCDFE9FAFCFD13E0BBD1F19B
:10225000A9CDFCABE0EAEED8D5F7E2E816DCDE0962
:10226000B8CAD0C7C6DEBFE8F3BED3E0C9D8CFB482
:10227000B2BAD7B0B8F300C0D4C9E7CAB1FA08817E
:10228000A9E0EBE7D1E4F9B7C2CBE1BBB4D5DDB946
:10229000B10B0EF3F4C900F2E0F6F4E80CE6DEF35D
:1022A000FBFD140E051FE9D2FD0B120E0420EACC33
:1022B000FA102A1A0D3CDCC9FB0E20203771F3BD41
:1022C000FA0816F9347F3F0CE5ECF1DE034C361CBE
:1022D000FFFDF9EBFE26305201FDECECEDFC1E4C4F
:1022E000FAF5F7F9ECE3F6300907F605F7E6F12A17
:1022F00012060200EFEDF0F40502FE000103F5FC0A
:102300000DFB0006EEF7F915121DF3F6F7FEF5F6D4
:102310000014F311FCF8EADC032504E9022928DEA5
:10232000E60C15F3FB427F19EA0512EFF023773F25
:10233000F0F4F5EBF2035131E4F8EEDDE5DF1616CB
:10234000070BF2FD01FC0612F5020001F211050374
:10235000EF0708F50300FCF4F9FBF00BEFFA16F9B0
:102360001DFAE9E2D1EF09ED3624F9C99DBBD91C6C
:10237000E01D545520BDABEFC4D20F537F43C2D6EE
:10238000F4DAD3DB3E7A51100B0BE3BDDD3E352D85
:10239000090BFF04FCF116E70A09FE1006FE2BEDFF
:1023A000FAFFFAF7F9F336EAF6FF04FCFBF547EE1D
:1023B000F402FBF600F251EEF2F3EBF801FC64EDEF
:1023C000EDF8ECFA0F187F2FEDF2000D0E1B6222D4
:1023D000F20C091B1318490B1414090FEDE1E5CE9B
:1023E00001FC0501FE010003FE0003FE0501FCF9EE
:1023F0001005F6EFE4E1BECA06FAF0D2CDD0B9CAB4
:1024000008140AE1DEE7D8DAECF7FFECE4F00A049E
:10241000F502012D1D0E4733FAFF0E495D5B7F3F2C
:10242000FEFEF80600FF03FE00030304FC020003A7
:10243000EDFB0CEA1803DC0BB3EAF3E217FFD50F50
:10244000BFF80EE52A08D509D200F1D72901CEF848
:10245000CAF0F3D12E0BCA02A30A06DC2C01BD1070
:10246000810B07F03212C7F8B40E12EF1E16CAF332
:10247000F200F6CA000FEBF0F50A0FE4000F09FCBA
:102480000403FDFCFE0002F0F305FEFFFA07020F55
:10249000E0F9F3E2F508EE14D1E7F7FC182D143655
:1024A0000ED0B08BAAF4EDF87F4F18C9BBD5A4CAE3
:1024B000FE13614D18E3C8B0D9E61D7B301136F329
:1024C000EAF1E7282CF158260E0FE4F718D8252258
:1024D000120708FEE20011F609050BF5DFFF0CFA02
:1024E000040C0DDDEC130DF80F09F5BE092009FDF4
:1024F0000CF5C6B74E3BF2F6EBCDBD217F1BD9F6EE
:10250000D4E9257F53CED7FDF2063A4CE9BBF50559
:102510000B1F1AFFC4E2140B1208F7E1D8061D05C1
:1025200001FAFF0306FF000000FEFFFF03FFFFFFAD
:1025300001FC00010301FE01FDFEFD000301FD01A0
:102540000000FE000203020600070300F7F4F5FF97
:10255000F304166B7F1A07FBFD02FAFA0100FD0077
:102560000301FDF80301FD00FDFDFCFF0800FC0078
:10257000DD010802FE0A1AFD180F0306F00205FD30
:10258000250FF611FEF9EDF01BEA9E84A08DC1A384
:1025900095A199A6B0A5CEBA81CBED1B39F40DBD9E
:1025A0002C5916E7E1BFA790C6BF86AEA2C3D7A439
:1025B000E3C889A091A1EEBF27150AFAE0AFAAA04F
:1025C000F90812E5F5F5FB07C6E1ECBEEA00FFFAF3
:1025D000C5E2CCA7C8E5C6CDE0F0CFBCC0CCBDCC31
:1025E0000CFCF9ECD5E2D1DD65464B54432D2D4072
:1025F0003413407F62426948F8F0E9270E03220352
:10260000FFFFFA09F0F606FE0000FA13F4010AF6DD
:10261000045155517F4B4B09266149635E5A432251
:102620001D1A0BF713213F0EFAE7E6DBCEDEF5F2BB
:10263000D5B9B6B9A2ABB7D0E6C2D4DCBEC7D5E82F
:10264000E5C8CCD7C6D5E6F21A0A170D1B0B0B103E
:1026500007FD03FA03F0F6FAF8FCFEFF02FFFB00A9
:10266000FDFE0901FBFAFF00F9FEFBF50808FE007C
:1026700000FBF2FAFF0A0203171305EEEF00F2F86F
:10268000F10916130B0009F5D8D4D0120BFE0FF880
:10269000E2FBE423B0CDCF0ED3DEBD02B5E4CF1311
:1026A000BAC28ED681B4A2FBF30C04080F0901F361
:1026B000010002FCFE0001FF0100FE01FD03FE011E
:1026C000FB04FC04FAFEFE03FB00F615F8F8FAFA28
:1026D000080C0D7F11060603FEF8F71BF5FA010042
:1026E000FF00FD05FB0202000100FE00FD02FFFEEF
:1026F000000002010002FD000201FEFF0102FE01D6
:1027000003FEF502FCFCFAFE060202FF03FF0206CE
:10271000FCFFFE0908FCFDF51841497F59351819E1
:10272000FDF5F6FAFE0E132BEBD3BCB1BAE5E2F4DD
:102730000D06F9F2FA01F7F9FEF808F2FCF7FBF3DF
:10274000F7FA06EFEBF6F1FAF3FD08F0D2F7EDF148
:1027500001FE010103FC0000030001FD01FEFE017A
:10276000FCFD02FF08FF0200FDFBFDF5020203086D
:10277000070404F402F2F2F2F3010E1A7F140DFFC3
:10278000FE0200F00EF9FBFB0003FFFA06FE030059
:1027900002FF00FF02FEFDFD020000FDFE0001FF42
:1027A000C9C5B5E210242A32C4013A6C683B281925
:1027B0005A7F713FF8CFC3C33E1FE79B9499919B0B
:1027C000EBC9C5AFCFFB1112B1C6C8F41849553DCE
:1027D0000C1532372B0F10FF0A080E02F8E3F0F346
:1027E000F405FDFE0401FD08FC000208F7FCF9F603
:1027F00004FAF6FAFFFDFE05FE01F903FD060502E7
:1028000006FF03FCF908FB04FAFEFD03FC05FDFCD2
:10281000F7F0F1F6F70006042212121E1C210DF546
:10282000F2E4E2DED1CCB29EBBAABFC2DFF506174E
:10283000FBF1E1ECFE062D4A437F6B4C3F060E0791
:102840000EF9F3F403F402170AFDF8F808F6030D85
:10285000F5FBFF0503010B0FF0070B0D0705040641
:102860001A1C171D080909007F25F6F0EBF7EAD6B8
:1028700079F7DFD9DEDCD3BB06E0F103010205FF07
:10288000EEF50609090C0B14ECF90E040D001513F6
:102890000A1C0C1E17FF080A8F8B81889AA5B5B7F2
:1028A00002FEFEFDFCFA0001F0F7F2F6FEF0F6F58E
:1028B000040D100A05060F01FD00FCFDFCF702FFE8
:1028C000F6FDFAFBFF0509020103020503F5FFFA15
:1028D00007FFFF01FCFBFFFEFCFE01FF0303FFFF00
:1028E000D1DA2F7F5B616F2926274C5112FE01F34D
:1028F0003A1503E7CCDDD0EE2D0AFFE7E9E9EAFA65
:10290000D1D6D2C5D5E8E8F1E4ECEDDF00FDFDFE5F
:10291000160A07F20E020904FAFCFD000005020582
:102920000909FF03FD02000703FCF4F000F905F7B5
:10293000EA08D60103F80901F5DDD80FFAFB01FC1E
:102940000801E11FE2FFFF010ED1A83ECB0E0AFAFB
:1029500013B58F6CACFD03D821E4CD7F9AF202E968
:1029600010C89773BBFA01F50BF5A44ED101EE0127
:10297000F519C123E210EA03EA0CE20DF80EF3FDAB
:10298000050911090AF7F7F7F8FD04011100FEF730
:10299000EF0002020D090E0AF0FAF8FE080E1D15EE
:1029A000C7C3AAA699A6DEEDF2E7E2E8DDEBDABE40
:1029B000EDEFE0DAD4CFB2B7BECEBDA581B6E30865
:1029C000EAF8E9F4F804131FF7F6F10E170C060FF6
:1029D000FF0100FB02FEFB0301FF05F90102FEFF00
:1029E000F7FE050000010003F2020A0005FE03FCE9
:1029F000F5081605FFFBFBF9F21D1DFCFDF9F8F7C4
:102A0000135B5E05FBFF00012B7F5D1814110D0A9F
:102A1000FA0D15FAF60002FFF2F80C0003070003A6
:102A2000FAFFFF080AF8FAFCFB05020C01F2EFF3CB
:102A3000F5FF04100F120C0906FAF6C6D3EAFF0FD1
:102A40002C1A09EDEBEF030E12F7E4EEEF0303117E
:102A5000AD818C85929E9A931F221721180E192200
:102A6000F7FBF9F7FAEFF9F4F8FBFAFAFFFF0100C8
:102A7000EBF60BF92D02FCFFFFF6F2DE1DF5F9F87F
:102A80001DF4B6E516ECF9EE220386EDEFD8FAFD5B
:102A900027FF91E9C2F1FB05360C81DDB0DBF902BD
:102AA00037FA89D7AED4FBF106F3EBE90E11FAF150
:102AB000F0FBF4FC4A0AF9ED07FC21F501EB040CEC
:102AC000FCFB04FEF5F4FAF3FC0708FF03FE01F833
:102AD000010508FEFFF2F3DFFD0504F4FAEDFBF259
:102AE000FFF8F4D8DDD3DDF700F5E6FD0407232574
:102AF00000191B537B707F35070B0F0407F9EBFAA6
:102B0000050404EFFFEEE503141205FD00ECE309F4
:102B100009DEEB020401111D00E2F60504050E09B1
:102B2000EEF20B1810121B0AD618362A1D1615FCC9
:102B3000D4504507F8F2F7E3EE7F3AEFEDE8E0D244
:102B4000215FFACBEEF4ECF01920D3D9F2F3F8FCC4
:102B500015FEE3F2FEFCFD0A15E3E8FB08FB080F97
:102B600003F703FF0505010303FB00FC0203FEFD61
:102B7000FDF9F9F2ECF3F0F708131412040F101238
:102B8000F9FBF402FBFFFF07CDC7949581A5D3D4D1
:102B90001E1C0C02071B21220A0F243E3F07F4E9EA
:102BA000E9EFE8EBF5EFE8EDF8FAF7F0F601050AE2
:102BB000FD2D12CF20EC05E8133425B704BAD3A2BB
:102BC00014291EA1F7CAF1DCFF1B13B2EFAF09E90C
:102BD000FD2029B5F78C160CF80519C9F6811E21C0
:102BE000F7EF16D200A6092105031ED9F2DBF40B7C
:102BF0000B0729EDF4C8FC08ECFC260007CFF9E927
:102C000010F00BF70B050A1301F513FD1004060471
:102C1000F8F34104FDF501F6FCFA6905F6FD06F648
:102C2000F6F77F03F1F905F702F56B0CF2F5FEFB01
:102C3000FBFA4E0EFBF40404FBF72CFEF9F8FCF94A
:102C4000040810FA0B0000FBFFFA02F3050809085C
:102C5000FDFF0000FFFF0001FE02010206F9FFF682
:102C600000FDFFFF08F811EF01080E182D237F0C5F
:102C7000FDFFF8F7F4F72FFA04FEFDF8F3F71D0651
:102C8000FF01FDFAF5FA130201000100F8FB08004C
:102C900000FF01FFFCFD0AFDFE0203FEFFFF05FF32
:102CA0002C727F78672B231909140EFD0FF71E3144
:102CB000DDCBC3CADFE4051DF0DFD1D6DDDBE7F5F0
:102CC00014FBF600FB01FC02EAE9E7E2E3E1D4BA17
:102CD000F5FC00070A00FAF1FB07F3FD04FC0C1DEC
:102CE000F60D02FA00E9061DEF070A0DFEF30708CC
:102CF00007EF00070205030009F202060202FE02C6
:102D0000FCEF030701000407F5FCFF0102000203CA
:102D1000FD11FAFDFCFEFAF3F645F5F30203F8F3B4
:102D2000077FF3F7FC020205F142F8FC00FC000308
:102D3000FF23FD01FEFF01FDF509FB0A04FB04FC76
:102D4000F9030003F502FC00E9041110F8FF02008A
:102D5000D6EA0F30FFF90002C2D9053C22F8FF0184
:102D6000BDCBEB2659010507BEBBE81C7B15F8FA65
:102D7000BABCE11D7F0FFCF8BDC2F6226603FBFD65
:102D8000C3D30B3A22F4FC0CCCE4183AF6F8030750
:102D90000E00F3F9020A0F0E0EF9F7FE05040B06FA
:102DA00009FDFDF80A06010307F80DFA0C01FD0202
:102DB000FAFD35FB03F600FAEFFB59FFF4F203F3DB
:102DC000E7F37F02EFECF6EBF4FC75FCF2F1F9EBC4
:102DD000FAFC5BF6F7F1FCF2FFF92BFC0303091296
:102DE000FFCBEF00A8EDDE20E2B8ECE59DE6FF3773
:102DF000B5B3D8E2BEF91051B4D1FFDCFF182038CA
:102E0000C12F0AF0381C201205730A034EF60FDF9B
:102E1000597FFE3D69C101C63E6FFA3653D008C4E2
:102E20003A1BDD022AE7FFD91116F7F81AF920023A
:102E300016E2013403DED50F4730665B1FE6C9FD9D
:102E40004F3B677F68350B2B0605FD1E1E10F214E5
:102E5000E1DED8D80106FA07BCC3B2ADE3FCFAFE46
:102E6000D7E1C9B7E7F903EEF5F9E5D9FC0406FFA8
:102E70000306F8E0F50106F6FC02F7E7E6FE06F7C2
:102E8000FEFE06FC0900030AF9FC03F2020A01082F
:102E9000011106FEF9FBF5FBF2FA03040CFBFC0B37
:102EA000E9E1FE1220120E1519C4E8F2FEFC04033B
:102EB0007F09E4EDDDE2E6C3234B1CFCF9FEE9D714
:102EC000E905FC030A04131BF6FAFDFEFFFF0518D3
:102ED0000D0BFDEDE700080D070A02EBE8020812F2
:102EE000090806F7DEFAFF050E1822FFD9E5F810EB
:102EF000F513363CDDD2E3F6EE052E7F19E2D4CF92
:102F0000F2ED10685F21FEEFF3ECD2042E2918FBDE
:102F100004FCDFF4181215030BFDE5EA090E0F0897
:102F20000C010AFEF5F30E0104FE06FDFFF90AFF8F
:102F3000F9FA04F4130107F7F6F5FEF139FDFDFD8A
:102F4000F6F901E662FDF7FE170C14FF7FFEFA07A3
:102F5000FC04FFF844F506FDFA00FD0220F90AF929
:102F6000FB0000020D0303FB0303FC020705040042
:102F7000417F5E29F8F60C0BD61B3C3E0FDEEEF0CF
:102F8000C9C6FC4D58F6D6F9E1D3D113611AE3EF67
:102F9000F0CAD1E04B280900EAE3CFCB221811F8A0
:102FA000F5F2E2D2080818141700F5E1F4F40E0166
:102FB00014F8F6ECFCF208132002EBDEEBE410143C
:102FC000F9F9FDE2DEE9DFD1FEF1EED4D5D1DCD0B6
:102FD000F3EDF0DDDAECF5FBEAEEF0E1F0020F09DB
:102FE000CCDED5DBD3F7040DE4E0DBEBEBFBFB1031
:102FF0002D310B292C2D3545E5EFF70615FB00F398
:103000000A14144435FDF6F15E514C7F721A221BEE
:1030100006242709FA1AF2E7DADCE4202F4110DC53
:10302000C6CAB6D2F7455DFCD602D3D4C00057203D
:10303000AFFCCFD68D9C1E50DD05DFF79581DB51AF
:10304000D0E90648A0AAB85FDD03D935D2EDAD2698
:10305000F100B601C5D79DE5A3F60B19E72BEDC22C
:103060000901FEFDFF02F8F6EDF5FF040603FCFD85
:10307000F408FFF9000207EBA5BDBEB79EA4D8C8AF
:10308000D1EFF4EBD2CFFFF195C3C9D3BEBFD2C10C
:1030900088A5A497818AAD97E4F20C0A00FF240E5C
:1030A0002013F6152326270513F7EFFBF2ECE7F2C2
:1030B0004B2219FCF3CFD0ED20201CFAF2E5E0E022
:1030C00034223316F8D7CBC613293814F0D4C3C32F
:1030D00005010EF4D4D1D5F5E5EEE3D2D2E9F41F23
:1030E00005F3E1E8E713245E3F1E2028283E5478CC
:1030F000791A29322528FFE77F101920FEEAB6A4A5
:10310000FCFBFC000203FEFFF6F6FC0403FA030CD2
:103110001D0A00FF00F6F2F2E7F7F9FD19FBF9F4DA
:10312000DE0B190BFDFE110AF927FCD9E0F9FDE8C9
:10313000F00AF2F7EDFBFD0AA6AF838581AAB9B0CC
:103140001417192623040607F4F5F1F0F6F3FBFC37
:1031500005FFFD02060B04E510F8F6050602FFEA7E
:103160002E050316FAFDF0E53F11FF15F4EFDFD54C
:103170006B29FCFDDFEAD6CA7F430EF9DBCEC1C95D
:10318000564F1CFDD6DAD1C8303315FCE7E7DDE831
:103190000E171B0AF6F2EFE6FDF90D06030101F327
:1031A00014DCD220290B0104DCE7265509D9FAFDED
:1031B000BF27633FC6CFFDFFF67F54F2B0D302DCDA
:1031C000306EC5ADBE0E06E43C079EC5F427EAEBA3
:1031D00001D9BAED2026E5F4E5EFE8D5151BFCFD95
:1031E000F9EFE8E2FE11F7FC0DEDF605FC0CFD052C
:1031F00010050506FA03FBD50F040104FB05FADBF5
:103200000306FAFE00F9F3ECF102FEFAFBF5FB0E01
:10321000E8FBF902F8F4FD4DECF8FEF8F5020F7842
:10322000F4F8F4FC0205047F0000FB010200003EFC
:10323000FC0401010A01FB0C080B040501FFF9065F
:103240000B03FCF6D4B91E32FA04F4E2C5DB55399F
:10325000F606EDE4C9F37F16EEF2DDDDF52171032C
:10326000F9FEF8F91A3D30E21F173641565B260287
:10327000FE050F162614F1E603F406070DF4FAF71F
:10328000F601080410FFF300ECFDFE0A0DF7F60747
:10329000EBF90808070002F6FA06150905FEF7FD26
:1032A000FCD0FBEAD4EBC80B20C7CD9CBAE3A82125
:1032B0002681818996A1911C2B9E8A8993DAD0312F
:1032C00015EC07FDDDE80521EFFC1520FFFCEF0202
:1032D000F21032322AF90000F1FB012225040B081A
:1032E000FCFCF9E5FDDCE92007FCFFF0F6E900173E
:1032F00001FAFFF8F5ED07FDF506F701CDEA25F136
:10330000FD01F1F6AB084EEAF1FF0002812553D42E
:10331000F500EF07891C5AD2EE0DEF039D1145D43D
:10332000FA1AE1F4CD022FE7F80DE4EDCDF31DFE1E
:10333000FAFF000301F900FDFA090E17110301FD60
:10334000F2FBF0FF10111A07B5A68E86819EACE144
:1033500001FF0404FBF9FAFFFBFE00090005FE066D
:10336000FF0102040004FF0201010201020100004A
:103370000100FEFF0001FEFFFFFF010101FFFFFD55
:10338000FCFF00FF0200FFFF0002FE0100FF000043
:1033900001FF00FF00FF020001FCFFFDFEFFFDFF3B
:1033A000FDFDFAFDFCFBFF03F3F7F5F8F5F9FAFD77
:1033B00012261D21190D01FDF2FAED010F1016065E
:1033C0008E9193868196ABB0FE02FC02FEFE03FA5C
:1033D000E1F4FF1215FCF0E8F9E501FAFE02FEF552
:1033E000681109150F010202730A0306020B100689
:1033F00022E3F1EFF4FF070307CFDAE6E9F3EEFA91
:1034000011D6E9F0FCEDF2FD42EDF4F5F8F1FC0225
:103410007FF6050F0E0D0F055E130C0B050905FE5B
:10342000E3C6F5FED0F5F7FDB9C10448060D0F055A
:10343000D8AAC8FA011D1E027F43DDC5C2D3E4B07D
:103440002B752CF7D2F3F4B7DF1A181809F111F421
:10345000FFFDF60A2CE61113F509F8F31DF1031828
:1034600004FB04F30EF3000E02F90AF609FFF70E4F
:1034700000061B0301090104FDF7F4D7EEE7F6F59A
:10348000FBEFEBD4E3F3EBEEEEE4EDDBE1F0F8F58C
:10349000ECE4E0D8D5F4F200E1EEE2DFE1F1EFEEAA
:1034A000DCF0DEFDE8D9E5E71B3F437F65353E4DA7
:1034B000413A347356262E1D1D04CEF0EBCBF2F4A8
:1034C000040308FFF403FB05F5EEE5C1A1C3B5AEA7
:1034D000BCC6AEA694C3BBC02B07F3ECF615231CE9
:1034E000213527243E4C6458FA1A41747F1E260D5C
:1034F000F8EDFA1F2DE6F7EA02000EF5F100040FD1
:10350000FC01FFF9060AFAFD03FFFF07FC000000BB
:10351000CCB9C2B3BCD4818F3816F5E30E1BDBB82F
:1035200031F4E1B5BEE1CECC1306E2BEB4DAE6E595
:10353000696D6F4930292C2AD8D1CABDCBE300155B
:10354000939A9F908BB7FB0EF1E1D9C7E2CB010EA6
:10355000D1A8C2A0D8BBE702D49AB5D204C7D40878
:10356000EEDFFA07151A12EEFED3ECF20E162BFF61
:10357000FBC5EAE1F70B463006B5DED1FBF541624B
:10358000FDB2D2D5F4EF397F06A4D6C3EC04616F47
:10359000F3A9CECBF31B7242FFC6EADEFE2051FB3D
:1035A000FED4ECF2152226EBFEEE0010130607E126
:1035B0000CFBE8FAFEF90B01030CF6F7F7F0F6FB4B
:1035C0002C3B28220BFEECE0464D3E637F6F503AC9
:1035D0003B251B0B1A181715E4D8E5D7D9DEE4FBF9
:1035E000B09EAAA8ABAEC4DFD8E2F2FEEEF50004AE
:1035F000F1EB0CF9F70505F9FEF600F1F5FDFAFB24
:10360000D2E402FFFA060916CEF20A0009021312EA
:10361000E1FB08FB050A0B13F2FBF4FA05FDFEF9CA
:103620003223F4FD00F4FBE97636EBFDF8F1F5DF2B
:103630007F12F70A02FE05F17CF7F907FDFCF5EDB4
:103640005DFBF803F9FD00FF2DFDF505FEFC0A0406
:103650000706FF01F6FE01010C0400FCF5FFFF0365
:103660000C01FEFCF7FB0201FC01FEFDFDF904026A
:10367000EDF9000121FD00F7FBF9090F7F10FDFCBA
:10368000F9F9FEF420FDFCFD050301F9FBF9010148
:10369000070300FAF7FC0502060402FDF9FA01002F
:1036A000C900F3E9FC02EFA3F81BE4D9EAEEE2DD7E
:1036B000CB0A00CCDFE9E9E4C1F2DFDAF6E0F7E4B7
:1036C00093D4FAABE5B8FED682C6FEE4F6AD21D1BE
:1036D00081BC1EC3E1981BC38E90E5AAC89C22B88A
:1036E000B9CB17E6E5D70DC4B0EE0ED9F2F5F3C1AC
:1036F000FF02090508FDFAF3ED050C01F9FBFDFFDA
:10370000EA181EE8EC030403206230BDB4EAFD08A9
:103710004A7E149F91E2EB18153E0FBFA1F50D37BD
:103720004D380CB89CF5032370551D9F81E0FF2395
:103730001D5F1FC0AAF8FF02F11C30F2E1FC02F38A
:10374000F6F6F2F5F7F3F6F919211E24250F0E0C03
:10375000858D82818EA9C0CCFCFE02FC03FF00FC9B
:10376000E7F3EEF8FAF6FA010B0F0E120903050063
:10377000FDFDF4FBF6FF03FFFF00070503FF00015B
:10378000FF00FEFCFBFCFCFAFC00FFFF0400010153
:1037900005FEF1DBE3F4F6F50400F9E8EFF7FD00D0
:1037A000FE06F6E903FB0203000600DFF8F2F9006B
:1037B000F61207BAF1EEF6FEEB221196F5F6F3FAE1
:1037C000E2310F81FC0403FDE32E0F8717FD020198
:1037D000E92317A609F4FEFFF70C09C1EFDCEBF9AA
:1037E0000708FE030306F4070303FE050010F900B3
:1037F000F5FDFEFF02300001FDFB02F8FD5901015D
:103800000B040702FF7F100AFFF9FAF9F152FAFBE5
:10381000F9FCFA04FF3AFC03FD03FF020223F9FD61
:10382000F8FF0004FE14FC03030BFDFD0409FB007C
:10383000DCF10204F3EE03F0E8F1F0F8D6FF15E155
:10384000E0EFF0C0A7022DCECFC810D8C6EA2FC82F
:10385000D2D0E2BAEECD01D9C0C6E3B00AC9F1E7D1
:10386000B7CEDB9418E6C5F7AEADDF811FF4C8F91B
:10387000D4DEDABB20F3E8F7CEF100E10FF6F7D89B
:103880000002000DF7F8EC15F9FA0102F5FDE84029
:1038900002FDFEF8FC04EF6C00F701F5FA03FD7F72
:1038A00003F801F4FB05FD5500FE02F902030B438A
:1038B000FFFBFC00090C0D29030806030106041395
:1038C0000003020DFD0400FF060C0C0C01FCFB01C3
:1038D000FEFAF60D08F9F900FF1B08F8F9EDF7FC00
:1038E000F6F4EFEAEF162107F1FBF00E2B617F46AD
:1038F0003B4653525F262825171A160CF0D1BAC33F
:10390000BEABB0AD989B939DFC06FDFBEEFCEF05B6
:1039100002EFFEF900111C15030105030CFCF40174
:10392000460C00003AD80000BB1B00005DBFFFFF43
:10393000ABFDFFFFAB0B0000160F0000AE8A0000CE
:10394000644AFFFFD5FFFFFFF006000093BAFFFFB8
:103950007AFFFFFF5024000087F6FFFFEEC0FFFF55
:10396000E26CFFFF664C00005E030000FE010000F9
:10397000AB2600006E9AFFFF51FEFFFF48A3FFFF3A
:10398000DBEAFFFF4EFCFFFFF4A0FFFF3C05000059
:10399000CBF3FFFFE9130000BF1F0000A19CFEFF57
:1039A000290200007CEFFFFFDFCDFFFF9EAEFFFF8F
:1039B0008C080000B31D0000229AFFFF7866FFFF0D
:1039C0002F02000081B0FFFFA01F00000FD7FFFFF4
:1039D0000BFFFFFF0700000024E0FFFFC881FFFF8F
:1039E0001965FFFF31BDFFFF1100000064FAFFFF02
:1039F000413400008BBAFFFF56030000AB0E0000FD
:103A000080FEFFFF0BF2FFFFE8C5FEFF1B25000055
:103A100080000000D2F4FFFFD503000055FFFFFF38
:103A2000900000005DFFFFFFA31200006EF0040095
:103A3000411E000005010000EFBBFFFF73DDFFFF2B
:103A40005A520000FF080000690500001F05000031
:103A5000444FFFFF7A530000C889FFFF8B07000027
:103A600000E5010EFDFF08F01D03080D02FC0A0E23
:103A7000F40A0201FAF6F2F7F7D806FAFCF9FB109D
:103A8000FDFAFAFEFEF3FD2600FF0004FAFFF6152C
:103A9000FD0FFA0D2ADAF90804F9F801FBFAF6E647
:103AA000FFFFFD060FE61304E9FAFDF0002009030D
:103AB000FC0CFE08FB0317170B09FE0D01F6F610B0
:103AC000F61902E7181EF91800E50411FCFE0C1F98
:103AD00010FA00190BF0FCF50CF8FAF1FC03F5F5FF
:103AE0001217F51822F313030BF404E60C04FA087A
:103AF000FB08010C03E3FC0005FF0F11F9000A02AB
:103B000006FD02FEFA01FCF8F506F9030007E501DF
:103B1000EF0DF9FAFBF4F4EF0501FAF9FA05F84CA8
:103B2000F50B050DFA0407040817010F06FDFD0348
:103B3000F6FF00140FFBED03050CF9F3EE01FC0694
:103B4000FD0702EF0405FCFB2C02F9E609F506006F
:103B5000D7CEE41D061603F725E6EFD2F8D40F28DA
:103B6000241905F7170CFE1CFF0F2914E63519F868
:103B700019E70B150FFE2F44F8F80300D7F1391F92
:103B8000F80BF8EDF3DF18EA23EE1D03FE0D18CD58
:103B900004E2F302B9C838EDE1C012F2EE1A29F0DE
:103BA0008714B6301BBC2D3823EAF9E4A1E1251DAA
:103BB000304209B97F3C173A1710201FF011310726
:103BC00021DD292927CEEA0ACBF181DBE7C2FD04FA
:103BD0003024E117E7ED29A603F608CF2019200BC2
:103BE000E6E193F4F6E6F8EEFBBE2022ECFBF1C82A
:103BF000D30CE90307F50DEB06273BEDBADF09FF10
:103C000031530FF715FA0A081E03EC0CFCF2104AA8
:103C1000111E03FB0F04EF16CE3DEB2A20E3F6F254
:103C2000EE14F81CEAFA14F4FA3A01F9E00809066D
:103C3000DD03AFCDFC12EF3715FD0AFD33DFF7DBF7
:103C400003E6F9F2120307F5F4F9FDF102F6E70CC9
:103C50000806C702FAFE08080BFB0AFA0802090563
:103C600005F4F2FEEB07161CFE0001010CEB0B0C39
:103C7000F9F1F9F9FCDDFC0012063108F916FCD364
:103C80001ADF0204C607F109E0FBF7F4FB2824F170
:103C9000FF0ACF0622F5191CFFEEFDF803FFFCF822
:103CA0001805C4EE071BDA1B23F604FA2B0411F9DE
:103CB00007ECE4F3FCDFF30E08FDF6FE14E8052440
:103CC0001AF4CFF9FDF310EBDDFD0FF0052600042B
:103CD00012CEFFF2FB04FEFD00FCFA02F801ECC973
:103CE00003FDFCFF150201F1FE00FDF306020BFDD2
:103CF0001AFD0003FDFED9010FE2F9F91001FBF2F4
:103D0000FF15EAECF710FC1901040401FF0D00088F
:103D1000F513E6060500FF02E9F70BFFFD0DFE07B0
:103D2000F6FB05E0010409F92701FCE412E8FCE8D0
:103D3000380B0000A7010000360900000C0000004D
:103D4000FBFFFFFF45060000A2FFFFFF5BFFFFFF39
:103D50001B00000068010000BFFEFFFF220D0000F5
:103D6000C2050000CD010000CAFFFFFF02000000F5
:103D7000FFFFFFFFCCFEFFFF0C060000ED0500007B
:103D800026FEFFFFFAFFFFFF60000000FEFFFFFFBF
:103D9000150100006A01000038000000D9FFFFFF94
:103DA0003900000076FFFFFF4BFFFFFFBDFFFFFF65
:103DB000D9FFFFFF2A020000DA000000BD01000069
:103DC000E0FFFFFFB50100004E000000FEFFFFFF17
:103DD000CA06000016000000410500007E03000036
:103DE0006F040000C2060000F6FFFFFF2200000083
:103DF00019000000BB000000890A00002500000037
:103E00009CFFFFFF59080000CDFFFFFF5205000097
:103E1000C900000095FEFFFF0B00000066020000D5
:103E20003100000002000000EDFFFFFFE202000091
:103E300099000000DD0600003C0700007806000045
:103E4000F00400008F040000D8FEFFFF2BFFFFFFEF
:103E500072FFFFFF83070000DFFFFFFF0900000084
:103E6000030000007FFFFFFF2D000000A30A0000F9
:103E7000531668F60120D7000A0D231BF0E80DEB5E
:103E80001151577F12E3F9D507160CD905FF4307E7
:103E9000F8D6F500DC3BF11003CC581AF233100BC6
:103EA000F2E17ED0EFD4F4251313D917DDFBF5DE54
:103EB0002B672910284027022C2BF6F3000E0076E2
:103EC00034E72BCEEED6041C740BCA47F0E4A62EC2
:103ED0006228C3E00EDAD70F5B1E33615E04F5FB88
:103EE0003FE94749341104ED2411E9F2E20EFDBE29
:103EF000FE2A134D25ED31B5F3193BB433C1A109A9
:103F0000F5E9304BDB5CCA1D06E74B0241134681E5
:103F1000F50608C7C9FCF3F2F832D863F7F7CDEF1E
:103F2000210929ADFF0A0411E5F5E8CBC6DB0DF93F
:103F30001212DB09F9F3040FBBB118F6D11807D739
:103F4000E92D7F23272ACF2422F9F62CE0E003F184
:103F50001547303843031CD91AF3E1DDFB1DED4052
:103F6000E30307FB0CE5451E09634AD2D210E6ECD9
:103F7000FC0B141917CDF7E40512BDFFFAA31BF8CB
:103F80000754F3D9F609A1E4E450D3445C3ACED700
:103F900037030A5CE809050EBA26D5E01C0E0A01B3
:103FA000BE192010DEF681654E17FB236FEAEDEE99
:103FB000CB0EE3140611D2FFDAB803FEFBF61901AB
:103FC000F107F3DAF1C70ED6FAD41EFFEF48D9CCC9
:103FD000FAF2C621FA0516C8F2E31ED581FF3E3378
:103FE000FDDD00EAF510F6A80CAAF20EEF0F18108E
:103FF0001C18300CE80E39CAB3A2F8C1DF19170932
:104000000F21BD091EF90706D7FC011029EB1A1E66
:104010000F270D121A0FEC283B3DF2EB0A090F0196
:104020002A014FE235DFFC07060114030A2B270C97
:10403000F2B69BE3FE121906EA0EFCE40AD7E41D71
:104040001ADA02050EF70B080A08EFFDFD01F481EC
:10405000163D18FD32190A201A2E12FA24841D0F5B
:1040600019261E1725DB2A022DF91D0B080B1BF73D
:1040700009141E020904C607EF001FED3934D3EB03
:1040800008080D27F147110FCA1A04DA2BF9F67F39
:10409000B91715F6F035FB101C1AFDEC290A1DEFB7
:1040A000352308ECF6041517F3E3F309450ABC9829
:1040B0002515EA1D0A0001120106FED2CDDA1AD238
:1040C000E1DAB5E1D5D9ECFC24E03EFE122BE11D8E
:1040D00011E581DDE80FD6160300FC0800EDCD15D3
:1040E000EFBB5E25250AFFE7EA0FCDE310E7CE2AF6
:1040F000FB58ED1F22F7391CFB050DFE00D2ED0128
:104100006A571B1F5D1F143EEDE611E838054E454A
:10411000290744EA191E172FE3184014EA160AF774
:104120000FD8BE19F1052820100B10F21C15D33E34
:104130001D15BD12373312184431D21A2106DE8103
:1041400039011BD30FF3FD3AEA0564F967CA0D176D
:104150000F3220BF21F40815FAF6EC0F08C62CE93F
:104160001F1F03F605ECC5E028E63D023A15D912FB
:10417000DAE9CE29E501194EF1FEEC04C703F00897
:10418000C0F05FFDEED5CC1D177F112609DC14179A
:10419000D7D4FBF5285DD709ECBE030FDE0E16273A
:1041A0000E17FEF409EA1BFC22E1F3FBF11CF001FF
:1041B000FADCE52AF8E101DDFCF825C6D8F4E829A7
:1041C00003D523E2FCDF0581F5C9143017F512FE93
:1041D0000AFAF615F011D5F7CE06F51AD01027F524
:1041E000DDDEDA1D14090EF1351311D1EE001A09C6
:1041F000F8F7224A2A1B500EDE1AE2082A052CF094
:1042000022DA04F818DFF22F3A0F811F0EF3F012B2
:104210003BF9B10BF0EA31EFEA22F5BA171600FECE
:10422000F52EB44892F6EF0DE4E11A033FE822E4DC
:10423000F7E1F602C99325DC32F10C32021901EAEA
:104240000EFBFCFEF8F2EAFD001C0BFDF5B00406C7
:10425000067F00EC0535D8F6080CAA3E1D191E0293
:10426000DC29FDEA16010450F1E004E8C2FC06EB8B
:10427000FF10010F02F11F27353107F716BDBAEB0A
:10428000C60DD9F11203000E06F809E9D6FE0CF4AA
:104290000A06FE81ECE6CBD8EEE5E7CEC9FD17F1C4
:1042A000CFEA000FD5E7050EC106110703F9FA2082
:1042B0000B3B1302D40CD9F3040206F3000D27FDC7
:1042C0000AF1FBFD0CB50FF704FBCCF7F1082D014B
:1042D00008A90CFD0027D90504030912F41D00F1FB
:1042E000FC01FEE60B0BFE0C090FD50300D1F90112
:1042F00007E702F703C9CE0A040681F2030CFF02A6
:10430000370602FF05FB041206F5F1F4370203ED50
:1043100002FFFD2FACF9EAE6F3300412E2DE2DEFE6
:10432000CCF794DF1B0D1215EBE9580AF31028F9AE
:10433000EB4B12E7360DA5C22E021EEEDEF714027D
:1043400027F15D007F12FFF5D211FDED150FFE067E
:104350000EF513FDFD0F41FFF4F1FE05F9E1E6F561
:10436000031A031C0816EC1F0C20F01AF6F7EBF9E1
:10437000114F1A0339171EEE1DDBC40A0AF41CFF85
:104380002D0BF50152EAEB12C71BD00AAD2D14C854
:1043900005DD3B1911EF49DE0D5618C4C501684B08
:1043A00045DBE317EDE410A0F5D43B10F51929FF28
:1043B0007FC20E0806093706FAFA0D17F7F630FE27
:1043C00081BAFDBB02E72305F33E15F9E6F3E6F5F6
:1043D000EEFEA3000BDDE7D72855F4D7E2F4191E53
:1043E000D805FDC8E5FEF718AE150E2A4826DF14DD
:1043F00025DCEFDEE2E9CE06E70AF8E9EFEF1BE2A3
:10440000D2851E1F1F35EB2C16D9F0FCFDBAD50640
:10441000FCFCEDFCDA81E9A61CF8061507DE09FBB9
:1044200002FAF4DDFCF7F4F4F902FC0BFCFC0D04D9
:10443000033A0302FE1600F921F8F72608080AE6F7
:10444000DE170909181C071C09DE0908D0FEFAF856
:10445000FDF807F718E40C0E09020BFC3BE9E9EB49
:1044600008F63303DA36D119FFC3F83409C4451509
:10447000A62707D7F513E5F4FA190B1E0546C8F170
:1044800017A5303E26B6221817B31DBEA4DF06F1CD
:104490000DF72A03280503C728B4ECD91D00D40B57
:1044A0004A0A3BC423086310988120E1C0273DF4E9
:1044B0002AC2EDCBE3FFF710DE11CA201C2EEEB3AB
:1044C000FC8124D6BAABE9E50DF6D8E9DFCCDED322
:1044D000FDE900DD0120DDE8D7C805F50CFCE8E5C5
:1044E000DCEDFFD40B13EF21F6EE080506FBF7F524
:1044F000F9DEF6EE3101F9D10920E2E8E7FEEEE956
:104500006B227A094013FA21C618EB1F46D2E83B0A
:104510002C06F6FB2B19C128FB08292703181B1EA4
:104520001CC303470D161AF3B01826E5D300190E65
:104530001A0146120D0009B21EDA70C2362824EBA9
:1045400036147F0C1562DCEEDBEF1E31D92C37E51B
:10455000130C27DCDFF1FD010BEAEC3A30F3D83025
:10456000EC1912CE09FC13061B0C1D241A2AE50DAA
:104570000DF6243C11FD2C0418F62E04C7E20FC8DA
:10458000FF0C14280D18FEBE3DD614FBFCE4DCCC59
:1045900027EC381D7F1B2904E7BF1ADFF8350C1400
:1045A000F1FDE10FE00700061201F707FAF9180420
:1045B000FCFD11E7EC0E1705ECDD09BF2C04C20D64
:1045C000E2F6050EF3EF040C1207FE02F9D901F131
:1045D00008FA2108DEEE020A01FFF41604E9C80514
:1045E000FBF081FB00E7FA0DFF0BB3FF0609F9C4EE
:1045F0003EC3FF09DD05C8D3CDEEE4131A1FD8E989
:1046000081DE1800D6F0DCC807D3EADAFBEEE0DF83
:10461000F328E10031D901B6E6ECFEE30307CFFE53
:10462000D4FF30EC0B0BF12FFFEFA81FFDE5F52BAE
:10463000E133FBE01C27F3EED5F7EEDBD00906EC07
:104640000702F70AB2F50B0E26F3D32212D9D2F6DF
:104650000BE0D8F0B606FB1A36EBE81D46FD8806DF
:104660000801052910E8F60011F9080710FBE5EB31
:10467000F703FC1308FFE2E61E02E6F009C381F52A
:10468000FDDEFEFB10FB01F809061DFF081003C745
:10469000DA56E405FE00331EEF2EE62623B206307E
:1046A0005722DC0F1F042425054C1818E81F1A7F19
:1046B0000EE44437EFEA2A4C12000F1C0479160668
:1046C000151B032E2F1C15F9300746C808F11EF5DF
:1046D0001CBBF1E3311CFD3A42171D051F42F835A2
:1046E0001D3115FC01EAF28130F001E010270FF9CD
:1046F000CEFE1F05F7C416CEE008FB0C100327B151
:10470000042CFFEAF93F16E9F8092BE2F1E7FEFA7B
:10471000EBDEE6DD08F60CEA050C080F00230D1FA2
:1047200000F41841FB1F17090BFB0CF41BEE1BF4E4
:10473000CDEBFA0908C725811CCAEDF0C909E9F7D4
:1047400001F1D800EBD827EA09FDF0FAF90E1EDED8
:10475000022DFBD3FE380BDB00FC161803F90D2CE1
:10476000ECDBFFD310BFFA1AED210231C1101D3C62
:1047700009D4E93BFFFC0D202BD9F4F5190BF51EEC
:1047800002DD17FD0C6181EAF8F2F202031313E572
:10479000010A06FB08F907ED02F6F2050DFA0FE330
:1047A00007E90605FFD3051E10DA148FFFFC030E80
:1047B0002EF1DCF500180ED6FB0605F0440B0D06B5
:1047C000F90216E8000DFB12BFFD089FF7445D03D8
:1047D000B0130EF42C1021171A0E0CE381311B10AC
:1047E000051AC6501E0447FCDCC1EECE2C1503E3AF
:1047F00042E3FEDE4D0906100952FF130B1CF70BB6
:104800001ACCFCB3CCFD320AD3FD16F40D552CFDA9
:10481000EE0BC93914230B450EE9EA24002F11C908
:104820001909F6F4E5AADB2F5DFC19DA26FFFEF67E
:10483000B50714FB07BF1D901818CA0EE28A22DFC5
:10484000096B0FC3FCE6BE14F61DCB4B3D53DEFED9
:1048500081F6D13127D50A74BB22D5D39F1105DF4C
:10486000E4D82D340D22BC48E73D15F171DB0EC1B3
:104870001E08E4E9070B0BD305DCB0811A0F8CCCC2
:10488000FAED0802A6E1CDDA072CE700AD07B8D7AC
:10489000C809D4EAD61615FAFCE4E7F7DE00D1F22F
:1048A000DC1F0F03FCE8D5F6F5F3EA47FDF313022E
:1048B000C0FB1D0FEEFE0AE90CE603F10C0B010F25
:1048C000DF88C0B91310F306E2F617F2E214FF26F0
:1048D000012C1AFD12102814F200F6E4F9A50FE3DA
:1048E000ECC500FCECCCBAD0022981FE3A1CD1DB2D
:1048F000161327EED9BDF615C8B258F4381B16C3E7
:10490000D3F1AB12A005B7B1FD20EC20CDCD260A26
:10491000D007A75309198E32E2951CD920F460F90B
:104920002831001002032A19B698CAE6C0F8A2F38B
:10493000CA01AFEFCAFBDB02FBD942A7E8F3AD3DEA
:10494000DB1421CBC107E2B7D1D8DFFC082E3FAA88
:104950001B0424FAD3FC81DBA0B1D9FBEC1419248D
:10496000FBDFF312E4AAE08110EF08F204EE06FC8C
:104970001B1800FAFBEF0407010924080E120A10A5
:10498000054C041602181AFF1AE75321EB09FC1A0A
:104990009C11FBDEFA1E02F409EF0B1DBAF4FE2A8D
:1049A0001806F813DC01F80D1AA803B4152AB0FC98
:1049B000A88ABCB7F8B510FD002BEFEE8120BCEF44
:1049C0001BE9D93AE4FC2702EAF5B5D409940BD3E4
:1049D000E51701DEEBFBB9130FC8BB2C1C11F5FC6E
:1049E000D906320BE0FEE864D25C05EFDB0A10B6B4
:1049F000F9ED9F2CD7FEBA222C2AD8E31692E605B1
:104A0000BA00F6F5FBFFFE1A21FEECD1B900DE0874
:104A10000E10B97FE0EC16FFC4C700CEDD03F8EE40
:104A20000C05910FE401F6EF2003E311044AFAFDAF
:104A300008F3E8F7F9D103FBF90017EC01A7DBFF56
:104A4000FBE1F525F951F5F304F4EC061A0B186FA8
:104A5000DD06DE0CE9FAF7ED061EF22D23F5F7066A
:104A60001115F48116092A10F3E708161BFAF0084D
:104A700004040F1619E9080229EF07EFEEEF07EB20
:104A800001052F1BE822FDFC1D12F126F0F0EE06B9
:104A9000F33707F012E3F1FF03F315E811FDF0110E
:104AA00006E7E3D5D2CF0EA537D5D7B3FB38E00163
:104AB000918F1B999390D78FF7050E1609FFC3CFDF
:104AC000F07608170E300BB51DCCD7F9E1D6F204FD
:104AD00081F9FFDE200FF7C8E3F7D02EB8D4D51147
:104AE000B6E6C53EECA2F50125AD0AD012F61FB818
:104AF0006A1E42CFCE1BF6DFEF030FB04B2F210211
:104B0000D9CB5013DEF7A9CC8117DB0ADA1CDE12F1
:104B1000ECE69EE3E6F834D3E928A737FDC8B601F2
:104B200051C408FC12F0B92CC205FFCAB76D406C25
:104B3000F0145C1AC2F440E818C61D0CF2051E46BB
:104B4000D823C816DD16DE10E4D80B1B1BBCF10001
:104B50001C26DEE0BE0124167FFD21F61826A326C2
:104B6000E60D1921FAA91DCD07EB3AC3ADEBCD1F18
:104B7000FCF8200AE4FCE29E0FC1BD05F68DC43CA2
:104B8000FB26FE16FEE90B0EBEB6F7C6F02CE7F0CC
:104B9000072405E8D7CED1812BF40305FCD8E7150F
:104BA00000F1EAD3D5EA08FFF80826161844F5E123
:104BB000183418351C1F3204FBD534FACADCFF0543
:104BC000C3FEE6E11C180FC319FA2425E6EEED3505
:104BD00005020B0D1CF426F6DE9F20CA08431DD3E8
:104BE000F5D332102BFD3B6044111E2E35C6142127
:104BF0003B40EF1E354F3060FF1BD22DCAF64251AD
:104C000022C4F7090BC3D33A262BD028FE49111032
:104C1000491D245310002F2EFAD513CA2C131BCE76
:104C20002EEA3F1B81E7E73D6F372C2812141B75D6
:104C3000D402B2FD2014FF05D9EF3429D8F9F40FBE
:104C40007F203D070FE8FC2DEFFCE2D3EB0A0CE6DA
:104C500012123F0E2A0C0DF3F20F12F816FBE81396
:104C60000513150FDF000EF9F80F1327F6DBFDED26
:104C70000D33D41C17FFFF570503C30CE904F6F9E5
:104C8000CC41902F2E08D1011BE21BFEECE22BC77A
:104C90007C4DFD0E3CC66756130D0CE41C1B11F930
:104CA000FE187BBE14F115D8F8EA2702EDFA3B7C1A
:104CB000D0A53BECB40E10BB81E40607F7AE032889
:104CC00070DBB844E4E93F18D3F3E30D05030EBFEE
:104CD000B608C8CE0500031DBDF8FEE2EF07F601D9
:104CE000210AD0CBBA02CC04052D84C1B6E5DBE5A0
:104CF000BBED22FFC0DFF0FEC4E903021AEE093D5E
:104D0000F05609FB02D38117FFD219CF05ED240617
:104D10000BDB02241D02FAA4FB30ACF9FBDE0F0111
:104D2000E8000C080C2499B90CD9F5D8FFFF0FED59
:104D3000071B0AFC01F51AE901FDF805FA0503F065
:104D40000312F91E05C1021213C417AAFFEAEC1AD6
:104D5000E2F7EAE5F9FF05E8F70D0707D305020BCF
:104D60000CFFFBDB0E060E0DF0E40281171D141183
:104D7000590E3AE7CA06ECDDE3F1D33446FE0CD611
:104D8000131D19F7F5F000F0100EF8F50D1FD9EA14
:104D9000B50706FDC80824FDE8EA11F9A5DA0AEE10
:104DA000F7FB0CF015FBE4BCF7DBC3F8EE81B32A8C
:104DB000ED1B29F418EF3BF7EC9000F7C81DFCE061
:104DC0005CFB25F9F0150614F8F302FF4D051618E3
:104DD0000D10760502E70EE8FA0A031DEDDA0EFA69
:104DE000180604DAE1F8FBF215044B08F3231BE57F
:104DF00014F7312105ECFA400EE71CFDFC0ED2C37E
:104E0000157F4BD9F611EEFE080821FDF916EA7759
:104E10008210E7B3F9FB07E4EDFEFCCB81FFE0185D
:104E2000EDDFCB1BDADB35C8BF16EAECFFD2FEDBC9
:104E3000C102D1FFAB15F2DD372AB1082235ED05ED
:104E40000C1CEB0FD9F7BD06D10F3AEFF13343E756
:104E5000E8B8C813F14BE70A1816E40F11C30A5B50
:104E600028001DD6C4EE0D04EFFCE9021D0DE0364E
:104E70001D1218D0E01DDC06021BE387FCF8FF249E
:104E8000D8EAB425ED0F06E996F5EC000E0DF4F521
:104E9000FBEBFEF60006F20E31F8EDEBEEA7DCE4DC
:104EA000F5FD4D07F2EAD4B6F9F28101F81AD63BC6
:104EB0001513EFDE11C76AEBF5F00826FFF80FEDCA
:104EC000F50922070BF4270BE6130B0A0616083820
:104ED00000ECF8D1F9E24B8DFD47A27F301D18DEC2
:104EE0000F070D21E30A0236E2EAE404141610D893
:104EF000F3FBF633220A47ED11EE0212DA26E7043D
:104F0000D9451C2E1B0E00F36F05DEF7E6F4151ACB
:104F1000DC5D002445354F32EDF130283037202854
:104F20004FE92531511E137F2F41E800B0F81F0AC9
:104F300020CEEC2BD1E751F8EEFCE3D12B0FE8FAB1
:104F40002847BE27DAF14CF5F5D04020521E53AE6B
:104F5000E5FDEDEEE7FFD9E700D6F9221DF6F2F602
:104F6000051AE5E7F70B0E17FBEA23000B0FE50A1E
:104F7000FE250403050636181BE3FA0DE40B0BDFD0
:104F8000E90E07F7F402FCEF37E4FA11DBF20397BE
:104F90001EE200D3450603EAE48103DCF50AEE2EA7
:104FA0001C08090A0B0E090B13E9040014161B0751
:104FB000E519DFFA21B6E0D2F9F9F8DDE80914E6DF
:104FC0000AF4F70AFBFE12CFCB13FF06EA1A121AF5
:104FD0000B07000B810615DEEAF60FF6FF010F1333
:104FE0000AED3C150D1E1901EED9ECF8F4111A1159
:104FF00069F424D715C7160ABE1CB5031850F988E2
:10500000F2B1A134DCFCD7DBEAE3A1E7CCE920C8AC
:10501000C7240AA3D6B1F8D310B92DEF357F141EDB
:10502000BECBDEE9E8E9D857BD6DF526CC061611F2
:105030004EA60C441EF7F91BFD20D3E4F00A1159CB
:10504000E401FB2B1740F5280CADF40CD8F13DF929
:105050002534FB061DE90A05DBDE2C02E300FCF12A
:10506000FDA4E24CF7900AEB0AB71A9DA4B5F82A02
:105070002CE021DF03CD05A71CA54000F21D0DF19A
:1050800040E7EBE20602FDEED2F50838811C17215D
:105090003BFB400AD7FE0609031F0519FAF1EB0F87
:1050A000F10612EDEEFEECFF0210FB030900000812
:1050B000C3F2FB1581FA03FEDEFEFBFAEBC2D7DD7D
:1050C00002FD09FD1A14E3FD1BEAFBE507E9CE0129
:1050D0000D0D130D0AE7F8EFF2F9FBFEF72105E9D4
:1050E000BDC9151422341EF235B01C10D51A2EE19C
:1050F0000A281BF114C613E30A10B11B02CDEC0FF2
:10510000FEDFE11E03E4DEDA01341CA703C3C6415F
:10511000D9F9FFE009D1FB9DCC95F7F3551717D1CD
:105120000017E0F4C6E7D0E5F01C023481FE41FE32
:1051300023F6F036A4EFDADADE2820115426D1B7B0
:10514000AE8F74ECD1D3AFC0D20996B3B381DDD0AA
:10515000F534DCF311B4A0D9DE9FD8210DE1BB00FA
:105160009A591BD43C09E00CE2399B18EBF608C2B3
:10517000CD0238BCAEA4B0E90926B0B40989B005A7
:105180001509F7DD0BF1FE09D6E8E309180AF61454
:105190001B028104010CE61E06FED4EECA01EAEAF7
:1051A000E5FDDDE1E31805F801DFF7EEFE10240967
:1051B000E516EFE510E8F70BF71514F7FFDAE90A43
:1051C00017B305F80B19FFE5DEEAEBF3F50601FF6F
:1051D000F1E314C09D05F21EEEEA2159D90C1BB56E
:1051E00009E53EF9DD20AB23DECEF1EE81C21DF3F1
:1051F000E60EBDFCE0CEC3043CD0FB01F279F5B174
:10520000EC573E2AE751E62604FAE503EB0EBAF422
:105210000C51FAE213BDEFE71317EEE50FE8C332C6
:10522000DADAAFDDB3D734BB52712B2F07CCE53DB3
:1052300017F02C8110273F3BFFDC440A370DD81FA5
:1052400015E1EC3B30E514221F19EE07E1B908AE79
:1052500021646F2818FAF71823F818D404A6DB275E
:10526000CC5C080FFDE6F9042131221A03F7F28421
:1052700041D54DFCD217AF21F4C518F8F9D6E2F1AB
:10528000F728FB06CFF4F3033C03E0030DC7E70B5D
:10529000FDFB125914B8A11007C92C81FADBC03FDD
:1052A000D3031CFC1811EF9FC8D001E7F2B7B7C1B8
:1052B000DFE109BDAEE0BC15C4BD08EEF12230D57A
:1052C000D0B3DFBFFA811BF00743E1D2C1FED5EBBB
:1052D000EFE4D6EBF8F1FAF1F1FEBCF0F4D1F10D08
:1052E000EC1F0A00F52AC4F0E807C3432EE0DAE613
:1052F000DA0A0EFDED06F339E846FAF3DFE8FD01C0
:10530000E7F5CB32C7EDB4240739E4FD26B5D1DA91
:10531000AD29D41C53EDFE0FE80BE1F6C31A64432C
:105320000931D74F4C4E4E36E9C320B80F0600FD69
:1053300005F909DF011E1132012510F1EF1C1E16BF
:105340001981DACBDCF733DCD8E028F216274103E9
:105350006619EC350140F5EF0512BF1A211123FE45
:10536000EE19201623082B3B1F3A2BF60CEA19F9ED
:105370005F17EF3F3D362C3EECFA0708ED0C466018
:10538000152BDDD1EEE9FD2D0619DB15040214D72E
:105390004B00E74AF7DF1E3F0C3223EB1C1A129832
:1053A0000104EA008113DD24614803F94B06F34848
:1053B00034603D29162C1CF5100405DE49BF110D83
:1053C000115C47F443523A2EF13A0419203C4A3D0D
:1053D00037F20C182929475B290C69DED908121A03
:1053E00018E9AE2BBC8E43BD34D4F15C21FCED2713
:1053F000092CE2FE7FE25B17CA162F20021EEC0486
:10540000BE27A21C4507EA2C27FFF4ECF01D2BFC5D
:105410000B30DBD831011CD70508E5DDE2D41BD900
:10542000EBE9E3B9E7E8DB29E20ACEFF0F2BFE192F
:105430001FFAD7F1E1E6F81BC87F23E81B1745F9EF
:1054400018C11C03E5FFDFEC0F26D2F525E5133B61
:10545000EC66D606271404EEB8F70A0847EF1DF9E4
:105460005E38000F1145FD682DE417E1FF3E082866
:10547000FFF81EF2020E461AE1DA7FDCE41F311259
:10548000ECC6C5CBCF2CFAD134E1132F08E20219B8
:105490003D001CFF31E73A0ACBBCBBE2F15FE1A45F
:1054A00060656E1E0D030F3768FD0FD409A10DFA5C
:1054B000E5DA1F18EF2FEB05052208332914E00663
:1054C00004DF1710114EF7740E307F1AFCCC063231
:1054D00042231E2725FC0FB8ED0408DE170DD2DC91
:1054E0000733544DE221221A2DDB2B482D5962C27D
:1054F0005E3A36F5F7F511EA2A2209EB19FD30403C
:10550000A61323FC147F1C543442134411FA07627F
:1055100018060D2524FE125DE7131111EFF5E7E0E3
:105520001FEAF91D120917ED2A11F013FBE7D4FA4F
:105530000F34EA1A17E1062A0CFA3F06272E06BC9A
:1055400006271000DC22D90603CBEF2B27D9F20463
:10555000EF01E40FC80EEA0545F92A1D1D2BCF16F1
:1055600000FE072F1EF2161506E44AD9C22DF309D4
:10557000FDF7F51B08DFF6811AC6E0DC0ECFD52F4C
:10558000FCEF3E0925DB3BF1C5B91EE4F7212AA556
:10559000F5022AAEC01DEF4425E50ADF08FC25B25E
:1055A000B3E8CD0077EF21A5F922E42AF8F620EB45
:1055B0007F08D3044BC4E6E0EBE145F3FA1C110885
:1055C000FD48FBDC3FE93F102805BDE51646E5F444
:1055D0003913E833F109F9DC01EEF31BD05AE50386
:1055E000B2E9A0C5C2E50420EEEFDAE29C41DDE5B8
:1055F0001887C692A60BFDE5FDFFC4E0CDD7CAF023
:10560000B513ECF2C3F2D9FFFB94EBF92DE1E41BE7
:10561000C96918DCAEE2A228EB070D40F9CD22FFE4
:10562000DEBEB9E8E381B2B31406D3E3D7E2D2E237
:10563000E0D199FCE430FA16F29ED8FAC624FAAE0C
:10564000E792D67597C633B8EAD2FBE5A6D0C0027A
:10565000D80CB6F8EFF1C9DF28A3D0C71E24DD149B
:105660008F1533DFF42BE8DC81CDAF1F27EE02E886
:105670003102FC2993422CABAD0BE4F6CB0ECA38B9
:10568000EC2FCB2C5EFEDCEADB3B08CE2AED0819C2
:10569000575039F26F461F3FBC29F6F9E3224FEF0E
:1056A0000CEE1DFBF01A26521F4B11FEFCB72A34DC
:1056B0001CCEDEE7DFDC2DFD38F20A55FE4329FA69
:1056C00013278135FEC92DE40007013DEF141E228A
:1056D0009F35AF1F4B55E316CC122AEBB4A822F22C
:1056E0004CF501D01AF14113B781E7AEF2365EF9FD
:1056F000F0BDCA08D0FF24D1BD314AD992241C453F
:1057000016BA36B9C603F79C08BB381B274A683D52
:105710000BCCA8196FFD6DDE98368C23DF502E68F8
:10572000EDFE08D901EE10E85C12202BCBD626271F
:10573000EB1827FE1BF3184012152D230601D97F05
:1057400049F5046A550F0FC82959DD17F3BFF0DA80
:105750000AE34F05321B250856DB20DAE604C93080
:105760000042FEE52AF90BEF2F112727A6FE18D4D9
:10577000FEBE0805F2F4E90E17F7FCF004110B0168
:10578000051801FB040DFEFBF5F8F604039AFBE691
:1057900004060013010AA32D05DD21D80A06E41032
:1057A000D9FD04EFFE2200CAD6F91BEEDF0506E99B
:1057B000FF0214FA8109CD05F1E7050C01CE110EA7
:1057C000DCC006F8DEDB151C31090CCF9649DBB3D3
:1057D0009FC302EAF1FBB4D1DC01A6E2CDA5FEE352
:1057E000E60BDE17F5FDDE0A1ED0CE262FCFC7EF63
:1057F000B72A24E7F8D0EC400336ECC1ED0A12D208
:10580000D8FBBFFFAD91C9002255DD03F881E70E3B
:10581000DC0DD3FD07F9F8FE17ECF7FA02F5C60D1B
:105820000143E90B340D180E1FC409DF2205EBF606
:1058300023171EFF3203FDED19FC08E3E700060401
:1058400000002BF2E4EA37FD00DCD13305CEF00591
:10585000F212811EFFF9F152F3FFE2FEF5F612C8D3
:10586000A243A10220F41CF015FA09D09FF40FF90D
:1058700021FA116C05FB3C08F4FE02071719FD0A1A
:105880000FF1F4F0EF231FF71B270A07EE370A2664
:105890000AD5B7FDEFEE0DCBF2EF25E7FD1C0A00B0
:1058A000FBFF8124111D030306CB0F1A081A162EC5
:1058B000F6EB17E2DCF50A0818297FF1AD014A037F
:1058C000FDE6440A0FF1FAFAC9000517FFFB0E11B5
:1058D00004E2E227F508F60D36021203F80FD0E2D3
:1058E000FF273324F9EF110722D8FD0BF212EBF05A
:1058F000AA3ECF19EC05F826F0051E03FEF60E0DA4
:1059000081FAE0051902FE08ECC441CAAF17210173
:10591000084BC42C45F7D5C1DEE804D9CE05F8DC28
:10592000C0F125FDB0FE0AFCDD0CF0040814F437CC
:105930000B1603BCBBF5E2E4F4FD0AE5F0144813D2
:1059400003E83C22E92C04F2EBF0C102ED18161436
:10595000FE03FA7FE80FF5F33000F222EA13FAB201
:105960001602F9FBFF05F004E80DB3FBFAE108FCB1
:10597000C900FADCF106E90803E10DEDDADE186092
:10598000EE1721DC1226F4D0D001D51EF109FEE479
:105990002C110703EAEEF2F2E72403FAF8F4EF021F
:1059A000A8E407F5FD0403FDECFC09EEC8EC1510B6
:1059B000F30BF313EC15CE05CF12F8F9DDFE0F0152
:1059C0008BF72001C4EDF309FA00F8081AFCF7F58B
:1059D0000015F9FAAFF181FFFEFD03A9011203E7FB
:1059E00002D11700FD0FED0AFAF8FA02EAF4F9FA0B
:1059F00028AB39FD2336ED030F040A266CFB21F991
:105A00002621194AEE213D22F005EE160AF6232C36
:105A100026E5F0E706E5DB42372281072531EEED8A
:105A20001023151E0FCA120F0A082BDA1B2420ECB4
:105A3000EFFD6906D60BFFEF28450A4007FC386DDD
:105A4000B509AAF1FB15080EFDEA2F22CF0233DFBC
:105A5000EC1CC90DF6EA35FA2684F1E4033DF10E9B
:105A6000DAD1F00903FE7F06F2E909D2D104DF02A0
:105A7000F4DEEF13C281DBC118C2DA0401F214199B
:105A8000D8F2D9E625DD1D00D3F9C5F3CA061DEF0E
:105A90000CF4FE1291FB04FD1D1E15281C00E8F6F7
:105AA000E9D400C0C00AD1042009140A2AF5A004D0
:105AB000CF141513EFDCEC0B30D4070B06F4F0ED2C
:105AC000EB2537FE131AE2120AEFA9F4FCBC81DFC2
:105AD000F92C0E18129FF4E8FD0B0CFBFBD90AD031
:105AE000FC12FCE132F32340152E1B0B09F70814BE
:105AF000F906F31E1FDA25EA2806CE10F6D6231281
:105B00000727FDC3FEEEAD0AEB31964B4832E408A1
:105B100031110A3EF751054BD2091AD07F1A1DEBFD
:105B2000DFE409FABF07B4354A51071E480411FDE6
:105B3000D3D9F5E62EC757271D3401D5A8F7F4BEF3
:105B40004011A916FFE44D20041CEB37EAF7223D73
:105B50000655DDD0E80D0012001781362B5129E8DB
:105B600029D9106A27EB0239E2F44DD80124150C2B
:105B700001D9DA30E412FD2A463314184CF334CB41
:105B8000ABF2BAE617FB2E1CEB0913EA810C0324D7
:105B900045F4F83108FB1536150B34E318E93720C6
:105BA000F90D52040C0003111031D812204D16F5D6
:105BB00007F211F4D3BAEE35EB0530F6FFF605D255
:105BC00027D4BB18DD17F32C4423DC15FCE6EE8C40
:105BD0003AB302BDCEFE050E18FFE7D36F4804F6B8
:105BE0000B121AE8DDB630D818EDF52AFA133DF19C
:105BF000FE1D2922C22F38EC2C114217E02118116A
:105C0000E527B70A249DF46754082B19FCF836F0F1
:105C100005A8274403FE1AE13A682EFE0B17307FD1
:105C2000452D0C2110DE294E7F0324CE64CB2EE4BB
:105C30002026F7074FDE051A0713DF28B2FE4022A1
:105C400030E1000D26DB0D05572AE121E0340B443D
:105C5000444439401EFA2AF7EB0CF4D41C202027C8
:105C600005E16722E7FC0330582524181E007EF466
:105C7000BC1FEB21104BD11E3BB8F808B4ECEDA4CF
:105C8000170EEC38FA03FC18E5EDFE33D726E017C3
:105C900016F4F41B14CBFC074ED6E1DEF4BFE57F0F
:105CA000EB01F407EADA16A2D8EAE7F51E02DEE411
:105CB000FF2BD9FCAE090316EDDA27EB02231EF405
:105CC000B721F7541A3093E934D23F23F8D434CBB8
:105CD0002E0002B4290D1DE7DC12250ED12622CAA2
:105CE0001EF4E5411CA25248F7C84BDC81D74D6A2F
:105CF0001EAAE5BD24231C984BE7010606F62115D4
:105D00004F1B04F03A1E4EF399B01BFFCF46324DA5
:105D100084F8B3AFEAFAFED6F610EAD88126A8CA0C
:105D200035F08B0BC107F829DDE2ECF5BDF4C1E5D8
:105D3000C93EC903BEEC060401CFCEE8FBE9F8EF8B
:105D4000D70A13D5E2CCE41D0E0B105200D306E0A7
:105D5000DDE0EA380FE8DDE6EC32F4E4EA14E5F8D9
:105D60000DE9171A0A17102819FAFAEAF30EFAFAC7
:105D7000FEFC040B060B120AFF1BF2030BDE1CFBDE
:105D800008E80AEF080ED7080A1EAD07040BFE0E3E
:105D90001A150313F0E504F0FAFB06E9290B02D605
:105DA000F705EE2381F8EB0B3C30052C0B001CD0E3
:105DB0002AD90C120221BD05FADF0313390D20E99F
:105DC000070FFEE3050AF013F0F5E517DB23FDFEF0
:105DD0000A20F50F0AAFFEFE37E74202E10435F76D
:105DE000EEF4DB04010608EB1AFA01F5EB0D06F9F7
:105DF0002E0D17DE25F6DB12F7B11581F2F1DC036B
:105E0000EA37D3CB13FF0A08FEF30023FF01D81BA8
:105E1000342704E719EE662B513219143E17F62881
:105E200016BC480D181502F0F3EFF2EBF6C9EDD2EF
:105E3000D5FB7F1AF4CC16EF1BDFF11515CEFB1C3A
:105E4000E13FB805E224181BE4DF0E16DD150DA4B2
:105E50000AE10FC5F400D6EBE1EEF6EF0010087F83
:105E6000F9FFFC06000CE1F6F4FF10F6DCE90AE9A4
:105E70000005FB38FF0FE5FB01EA25E5EF07CCC085
:105E8000FED519F20008F2D024F15412E00804DF24
:105E9000D1FA06081201F8FBF513F9DE011C0FFF19
:105EA0008114DBF20FFB0502F0E8FFD8C7190BE8FD
:105EB00006F0B7FBF2D3F4E9E60AE8E5E0FBFCDA2A
:105EC000EE04DBE6E2FBFADC13F707F80938000E14
:105ED000EFEDBFE60EECF5FAE606FBC6F91123F886
:105EE00008BE0D01030DF7E503F6F5F0F00D0333E1
:105EF000224A091D3804031417141E56359D2C1F01
:105F00000748E927484C1D13FC27CE11DD15341E28
:105F10001DD52CEB14CD0D672D302D0F0B1B2E3CFA
:105F2000FBFF140CE50E1F1228F61FD00B19057F7E
:105F300033E4E8A52F23FDF208070D20F536FD090F
:105F400017F028D5F9F2B8C9DF1A020801DAF224ED
:105F50002802FFA6E40BFC12FA1B13240911E3F03C
:105F60000B030C6509D40F0160DD7FEACE0CF2C68D
:105F7000E727260B0A3F0CA712F53F3120FAF4025F
:105F80002509560D5E22F10EE5D81FD8FF043724EF
:105F900050DC54F9DCD7330C7F2631BB57C524FBCA
:105FA000BC2A09D70A16E8ED053B0632E6DF1B1CC2
:105FB000200425E71FFDF95A1131E0230ED6D7ED55
:105FC000131F1A2E24DD272B002BF1C3FB0ADBE164
:105FD000E5ED2B0FC7D8ED2C512F34212EEB0BB84C
:105FE0006B0E4DEDF6D915E2211421DD2000FAF0FB
:105FF000F9E468F3ECF4ADEBC40EF7E7EF00F60458
:10600000AEF9E1FBEF2D12FFB30509FBE681F4E9E0
:1060100010FD77040DEADAEDF5FCFA0FFAF3E81556
:10602000F734530FFC0B07031CE8CC10FE1320D1F0
:10603000C6DCB8D545F117159E15F5F2D113FD1044
:106040003B12E32A341D381EEBBD05AB0BF52F18B0
:10605000DE0130EACB22F60AD00DBD1032290F0640
:106060000B8FD3D6DD980050DC3555F4042631DF94
:1060700034BDD118CA2FB92F1C3A812813E30A1F47
:106080000E3514DE35F1080410EAD4F7F0E2E7E942
:106090000414F32E3DF20B0ADF4BE4FBED004FED51
:1060A00011E526D8FCFF42D2F115EDED1A2C0A3A83
:1060B00020FEE4FAE9D222DCDD077F2E0C3F1749EF
:1060C00009F7E6EEFE4921260DFE091E170451D5FB
:1060D000E0C9030024DD1EFFE51300B7051CFDE841
:1060E0003103D0290CF142F2DA06E1E8F3E535E0BC
:1060F000EFEBF799D102D8EFF8FAD9171D130A0878
:1061000004AA81A9F4C8EE2CD4561FE7F23A37D27C
:106110000BC71923DFF9EBF50425F41208BEF95774
:1061200028DA3002F2F90A14231CDEFE27FE0104ED
:10613000F8D5E5E5F4F7CBE80402DDF3E4EF0D096B
:10614000E70AE3E9F600EC09B90DE8130DB2FCF833
:106150000F190C0525CBE117FD1A0CC0050AFED559
:106160000FF32FFEED81EA0E0AF9E4081AD603E7D1
:1061700012FC08E5FF0D03000BF40D2319F7ECE604
:10618000DF0BB9EFF81139FF0513DE16E7EE01F763
:1061900016F3810AECF1031C17F6FFFF123F020D04
:1061A000F922D529370B05080BD1F8FC00E6ECF8ED
:1061B000EBCA1AF0EEEBF7C6E32019F210F704353C
:1061C000B207D9FA21EF1CFE26040A29E9F3F900E7
:1061D000F5FBB09436FC49FAFD04177FFAF4350755
:1061E0004E0DF1F53AF1FBF8350AF9041C36FEEED6
:1061F000FC0CF32AEEE8653309060E23F565510B16
:10620000F7C3F412D4D614FF22127BFB0AFB08E674
:1062100034593C1BFAF117EC46E2C8421C85F936AA
:106220003B4CDB04F9EEE916260E475E6739F7FBB7
:1062300056E46149430C2315402C4CEBCB142CA2A3
:1062400005C6ED1CDB533CA626EE38C511D58E3DA8
:106250005F1469E5107F172CF60953FF3619218961
:1062600062255E0C43E00CFB2976F11F23B7D9179A
:1062700051630F816C1A3C570E2A1B5F2EF53114A7
:106280003D2028EC3E0CEF323659A4300BB8F0FF1D
:1062900004E84F37BB2E56193B33115AEC00CE2180
:1062A000021928AD06ADF8283C184F1D3AD2DAD0B5
:1062B0002DD8F3C1022BE615D40ECCF6F60BDF2158
:1062C00028D1BDF4FC2EF4575017F5352E0AC50819
:1062D000F0D20C3E02EEF71CEA05C7FA06FFFCCD31
:1062E000220BF02D12A7FCAFD8FD5EFC33CAD8F00C
:1062F000D4DC140ABE1FFD02E7C3210E361D6F81D8
:10630000F553FEEC2522E0F0FF13F2E9FD272B21E7
:10631000DF0D2FF427391220F10EEB0A01D0FD26F4
:106320000181E60906D2D6CC0F34B6D306F2F2FCD0
:1063300031031203F07F0C29DEF2E8E65E19040552
:10634000FC0101F9220DEDDCF55C0C39C196C91494
:10635000ACF6FE2B1CF5000AE82104EC830B19E2D5
:1063600000F7D546EDEFDBE281C8E8B40A0BD1F9BE
:10637000B4F2AAB6AF1DF7E907FDFA0FFBDB06235F
:106380001FB2F0BEE217ADE7E40D2BEB076358FF39
:106390000AE50A26E32B07FF21DCC50A0716045489
:1063A000ED81FE060B67ABF0F9F0DFF9F7FB191A88
:1063B000EB1200010E270502FD01CEFDF2E103EB19
:1063C000FDB6ED0F02D7DB320B0C85CDFFEDF805E6
:1063D00032FE01EFFBF606F6E5FCF7004B0108057F
:1063E000FCF4ECFCD0EBF2CCABFEFD22F4EB33057D
:1063F000F113D44014E8EFD7D7D701DC5DDB42DCE2
:1064000012120F2516062007C5E4DDCCFA16E4E7C4
:10641000FF16F1C6F2200C25EDDD2FF6DE14214724
:10642000D881BA92E21404D7FE1EE5FEEB14310EB9
:1064300035ED360BE4FE1800D3CAD4E11418F92B5D
:106440002E2210F8FAF3FDF5A3FBF6E149FFE9E887
:10645000F1F4CF7FF1E00AD30610D8DD99E2FFFB1B
:106460000102D3E6E90300D846EA11091764FA18D5
:106470000ADA8BD009D5F4F1EBF5FEE606F60FFC4F
:106480000391220E0633FBCAE9F7EDFBF001EE6A39
:106490000206FBF1172C10FA14F3FBCCE40A0CF003
:1064A000E1FC08EC00F8DED1FF10E7F7F1FAF0EDBF
:1064B000F5DF030B03030A15F51881EA0DE3FF0B63
:1064C0001D13FFF8FEFFF5F4E1F1EDFE19ECF412F7
:1064D000EA0CEC10EE04FDFD00F8F5180EED29D6DF
:1064E0000C0B1BF4D9E617E51E16142C08FDE90267
:1064F000C2F32681FAF3F7F3E005090FFDF412E881
:106500000800E61E0B1A01FEE004F601EAC006D8F8
:10651000F5215B093014031229FAEF0CF7FEE307AB
:10652000F8240E1120BEFEF7F3FE0E00FC09FA0956
:1065300007811CFA0E3DD9C61708D505F61A1DFCB1
:10654000EFFD00F41020110C0419DF07FCF10EF030
:1065500005BE03F702CBE8040E1FBFD10EFFE50313
:106560003E18EE0DFDD0070DDC0AFBD859120CF3D6
:10657000FDF0063DF6FEF8C9F52D0434E7F84BFEB4
:10658000E8EEB8E30BFC0205110409C8DA08FA04C6
:106590005C160FFE33F7C527F044E110D6FBD7E9B0
:1065A000F5242909F503070D1211B80614ECE7EFDD
:1065B000E90537F7DAF11608ED00270905D6F7FAED
:1065C000E20C813D0A0CF021E5F308F213F1089D7D
:1065D000E176A7ED21EF0D1F37E914D81839F0EB5C
:1065E0000138DE4324B5319E66E7D70548FB42817A
:1065F00047F730CA124DFCFE05362DCAEB080015D0
:1066000014EAA312FB8A09C3022519E11FD5FD1C58
:1066100018140C1A020E123C020DFD2635D940AD9D
:10662000EA05F0B7F6F91F16FCFAC40FF018D3CB41
:10663000E7810439D4B702C4EC12DBEFF7F1F0D5EF
:10664000E6DAD7F7F3E9D6E136B80BF1172BF712F4
:10665000F5F11893E90BDF1CD1C818FEFD2C371695
:10666000040A06CE072BFBAC0551F0C5C3EF01674A
:10667000F10DDD1FF2E811E219067F1296DE57F3E5
:10668000EF09353006192FECFD8907BD2A03EDFF10
:10669000A8D6FAFCE31329390E15FCFCC80BD6E585
:1066A00006E0DDE0D207EFE924EBEE34F303D62E6B
:1066B000B50FBDF2EFF82FF4E313B316EC06062A7C
:1066C00010DCACFEFE13F103EEF7EC28A9E70A0E8E
:1066D00016EE173628199B1444BEF6C44FFCFED89C
:1066E000F5ED700612EAFC17B10AF0F7043008F075
:1066F00004CE29EFC3B7FA0DE00FC136028183D86B
:106700000EECF4FEEBEDF030EC24B2FEF906098D50
:106710001A3CB7CEDDD5EFB8E8034437FFE2DCE73B
:10672000120FF4F2E9DAECE73A11C0DADDD503F53D
:10673000FA5A1805EF42063B0ADD09FD1E17CAE3A7
:10674000F81D01E3BFCC090F19D9D32FD3C6F1EE41
:10675000DE0AC2EF45F6FF690E03CEEE0F81BFC918
:10676000F1FB01FD030D111908E0C41EFA12F9FF37
:1067700009E1FBF90A0FFA0FEF050208FD0008EF27
:10678000FCF003FEF8DE060709A904C2EB0400FFD3
:1067900009F3F605FA10FEF8FCD9FC0B0204FEF131
:1067A00006F3117F07F603E0C60D01EFCA08FA08E9
:1067B000FAEC32FCF6A128EF4204B932C981344D1B
:1067C000B03C2CDA0CFFE8F000051F14252314D28E
:1067D000FCE630561CCC1ED55623F844AAE8FCD360
:1067E000376977372D09EED718D525E5B90EE85A60
:1067F0003019F1E918D5252308B20F0A42324DD9D4
:10680000B8EFED1B5C47E73009CFF223E4BA3EFC5A
:106810000B56ED41373B4509DDF7E4F70C19121B28
:1068200010B50515FD1101500E2609FE0D160E7F3F
:1068300046E59DE304D511C704FFF0042D0F28E1C0
:1068400046F5D1FEF02A150CF83DFD33F710294529
:106850000A1710CB11E80D0A9F0FE0042316F4FF6E
:1068600026F39B3CD3FF0425FE24D9D3D6FCE409B0
:10687000C8E1E3BCE21102F9B0CCEBE359212A3BB9
:10688000F8B6CECDFE03B40DD2FC2ED90AEE0C1212
:1068900022811C0D072EEEEB0201DE0BE8F903F658
:1068A00081160CFB0601050619FEFDD8C2F903FC92
:1068B000F812F41BE6E012DFAED3EDEDF800E2E1F2
:1068C000AC04DA1FC4FDFECA02FD0200F6FAF0FFB6
:1068D000020CF6E6E5F0AAEBF7F1F4E6041C21035E
:1068E000ECE8F509F22A04F603F7EDFCEE00FD45AD
:1068F0004BED040626FD0804C3D239CC7F1043DEDD
:106900002440D24E0B33D9140118B8C8F0F6F9E47C
:10691000E0E930B3C505EB02B8EC1B040855351DA2
:10692000098CC887E8CBD514D1D6FED7F0DF24E98F
:106930003E9977140850F8CBF91EC6EA0207DCF935
:10694000FA0C070B2A172367C62207FFF0810AF803
:10695000190C06443E4A0E43FB070B06DECF2053BC
:10696000FADDE21DF4BDC0E1E419F700312DA7F313
:10697000222B1544C7791313BAF2EED629251F131B
:10698000C8FFDDBA0529CD0B11020A21002CD60D56
:10699000F8FD03162B052508340B00EAC7FBFD1094
:1069A000E5E7FF0B149F07ADD1DDEDAD2D0B13E037
:1069B000E8F7FB0FC7F605CE0F2DF60801E21038F9
:1069C0002817F5E3E30AF3DCE80205F20A5925FB90
:1069D000DAED8121F20F07112312A61D15095102CC
:1069E000B342985A0405D0CEFBDEEE15E9DC1EFA60
:1069F0002A260E0426101B04ACCBF2C4E54FFFA5DB
:106A0000F1FBD8C7F413433AFBBF76F3DBC0553430
:106A1000DBCDEC81EC01F9AB2910E6F1FB07281C7A
:106A20004F20BFE42CDA2EF195CBD4BDE832F332FF
:106A30003D1040F8BDF3110E1F20B6525EEFC0E5C9
:106A4000AB0B5682FB02B9D6EC19C6EAF0E5181971
:106A5000DC0AE62B21EE05FF8B0109E9F9A9CBE958
:106A6000F72F281770FBEA1F17E1C4EA1F06DFFCA7
:106A7000E20865FD0F81F9D9EB24F00201FDFDD399
:106A8000087F180E13E83C0A1A081741FAB81409CF
:106A9000443300122E12422513EC091619024A56ED
:106AA0002DEC361E242843291F2A2300FC2416041B
:106AB0001FFE0B39E92C24AD1E022C2510F9EE2EF9
:106AC00000FED8E26516291009C4FC11094FECF646
:106AD000F8D82FBC2DED27FDED0CD42C46E7251C56
:106AE000272CEA2F4A60404ECDFD3811DBED245FA4
:106AF00010BECE05F2C6F112166B8113415DD3F9BB
:106B00004F12DF39E7C0050700164911114C47FD48
:106B100003E001D5902002DE5A421F5A84010B5F28
:106B20002B81271B060F1F0941E9EC09FEF603EF35
:106B3000CEFD06ECFC11ED13260EE506E3DF051293
:106B400007AC19E90ED5C917F544B90C24DBED11D2
:106B50002B2B151722250925E206D69C48F0E6EED8
:106B6000DEFE1228D3E8F5EA113DFF54B4ED24A26D
:106B700028233E03193E0F004AB7D833F7A71F2931
:106B8000E93215E718D3D009185D2B21F93DF6201D
:106B900014D81D7531C532BAE576B724CCB5F415D5
:106BA00071FB2DBE75201AC21CCD109B21DEDF00AB
:106BB00033291B290AF950F8C4E91C2C813734B554
:106BC0001C100EF0170507144DF9FBFF2902FD15E7
:106BD000010DD7BA29EDEF020023E95BF7FA18F3AC
:106BE0001CF21BFA15FA12F7EA17E604F6E5F6F9B5
:106BF0000ECC10F981EA2503ED05F023FF0DEFFE21
:106C0000F9EA4A0DE7F10E2014114912230639055D
:106C10001D0222D7FAD712E7FC4B45D4E5E2E5EE98
:106C20002C00F7F50F0CEC0FF60CB8F801DB0E0A90
:106C3000F43D06F7F50CB00EEB2DED5C31F3D9CE3B
:106C40001023052608EE0413CF45F2F9E004F21DE7
:106C5000CF140021FA05A37F33FBFBFA76C2E9E2E9
:106C6000FDD1FAB8100DE824CA16F5F423F7B36580
:106C7000F60BD3040C1AE6F01407201A13F9F616D3
:106C80000CFBF76E081DE4F9E511FEFED414E8AF25
:106C900001EE2E5004F307D7FAE07FFC21F8F40050
:106CA000D3DECC0EDC2DF2052FF31C0D1E1724C4F1
:106CB00006C5703F06CC2CFD465915ACAFE5A1FCCE
:106CC00003C8E115E8F8D3C7C11CD2FCE3DAD94CFC
:106CD000F013D7C8FA19B9FEEFF71E5030F803C702
:106CE000DAED382A19FEF5E5097F0E19CB18FCD824
:106CF00012E2ECDBB9E385135234110754C9E23ACE
:106D0000F33DF82B161A02153D0C130EDFD32B5A48
:106D10004B38400535300425DB042C3041150F037A
:106D20002BD50E3421151D7F130F000BE5A0FEEFB0
:106D30000908180CEB1C39E62CF620F72BFFCED0F7
:106D4000022CFBEB1CE9EDE71905222D062DF0CAFC
:106D50004D534FCE2AE014FD3ED703D728F5D00F70
:106D6000F72F4B1D3CD61CD0E63B0D3DF71A7FDDBF
:106D700017DEC5ECF22536152436DEFCF526FA1EA4
:106D80002F04F12B10D32CE6F1F22A2CFF5A384AAB
:106D9000E00D3107171D36FA222439222E186742DA
:106DA000C63BCAE9111F13FDF9CFD5DAC601FDFBB9
:106DB00020FFDE3D236B1343EBEA3C0B247D0734BD
:106DC000FE81261607F56C081DF215CED2F53B1490
:106DD00045E3E40ACCC006EC1CB917002709F42AE5
:106DE0002211D12B14EFF8CCBEEA0A20B61322DE12
:106DF000EDB9C80210030411EEFD0AF3EB141929D2
:106E0000EA09FDDF13812D9B1EAEF2EB0ADB25EFB5
:106E1000F628E2ABE813D194D90AD51F25F4F4097A
:106E20001DC81AEC03FAF5F2CA3448F0E40D25E95E
:106E3000F4E30336D70EE71219F2EDF809D510FE88
:106E400038160E27DEF6E1E5C0C7F52C310F19A87C
:106E500023F501E50E06E11CF4F2E709EC10EC0C59
:106E6000EB26F0E5EE0F1014E4BDF4FFD1F17F192D
:106E7000CDB011DBF40AF8F2BCD4FE21D3F817CD63
:106E800051E743AD2ED46CEFD49DEFE6D801F5FA6F
:106E900027C32F0ABDBE3C0F7931481CC522F8C05C
:106EA0000CD41FDB1D00D5060520D810DFA51B194B
:106EB000113B06E11AEAD526FCEE921D20E0D9A48A
:106EC000007F633B1F08024FF3FFD2D304FFCE9B2A
:106ED000932FD6D9F8B81012084D0904FFC9D4AAC7
:106EE00014A723F91DB3122AE8F809EFFD81EC136A
:106EF000C90C121E0D37F50F06EAFA0AEC0BD2D2B6
:106F0000E7C1F0FEEFAFFC32C319CB0DF303F1166E
:106F10001BF81204F9C7FDFF03F1E6D40FFE1507B5
:106F200000031009212AF9FBE6D7F72AE01AEC0141
:106F3000ECBC16E6049F13E22226EF02BD1EF1EF21
:106F40000501D103F5EE16F40311ADEE0AE41C09B8
:106F5000003505BDFC12C10BF7F2D33425FD0FF649
:106F6000C51500F6FFDC0030E67FFE14B50A0CDA2A
:106F700014CCD91EF3EFD2292CE8F7FC52A1BC1493
:106F800094EDDCE3FA0FE1E8C9C902D3E12E25EF65
:106F9000F9C8A8168DDA0DD8F731E0ECC504B7E2D0
:106FA0009B159EEFA71F02E500F7F1F316000F3BBC
:106FB000F246FEEAF5E781F00D0A29D101FD0E083F
:106FC00004A1FC211626F6DEE9EAE7EDEE1902310E
:106FD000A71A8EEF0F020A080D1314F518E6EA0738
:106FE000FFE9D3DA0A09D9E052C00C8DCCFFF50DC8
:106FF000BCFC0500D6FA051C9B080404F0E4EB1069
:107000000DEE400026EBC6F6FEECF2F302B71818C0
:10701000ED39CC1E01CC01FF0B13810B040014D4FD
:107020003B091837FAC03E2B6B090D83D5E9FE8A60
:10703000BFAA0D20F9ECA1B70AF4C82BB4F3BBEC3E
:10704000F8CEEBC110FFF508AC19F120DA81BE1FB4
:10705000190DF5FC19B7CDD1CFFEE6DE2FFBF502F9
:10706000A317F3339DADF10F1FED1BF700F73DD5CF
:1070700018BAFFFFBAFCFFFF5FEAFFFFABECFFFFB0
:107080004A2400007EFDFFFF1FC7FFFF57040000DA
:107090002DD2FFFFBBDAFFFFAA180000F527000082
:1070A000D1E0FFFFB7120000070300009FF7FFFFCA
:1070B000C1060000D3FEFFFFA8F0FFFFF618000096
:1070C0005E3500005BDAFFFF3CE1FFFFE1050000F9
:1070D000A4350000580100002BD4FFFFA4F9FFFFE6
:1070E000AF12000010010000EC01000068E8FFFF93
:1070F00055190000D81B00006223000009F1FFFFB2
:10710000AD1E000053FAFFFFA4F3FFFF413C000057
:10711000BA000000B9130000A3F4FFFFD1B6FFFFCF
:1071200032E8FFFFBB0600000E1C0000DE05000079
:10713000F401000017C5FFFF032200009F070000B5
:107140008AF9FFFFE6F9FFFFFEFCFFFF72F8FFFF81
:107150003B1300009C2900005AFFFFFF301E000077
:107160004459000082130000BFF1FFFF87E7FFFFD3
:107170004E1A0000A226000074F9FFFF02E4FFFF90
:10718000D9D1FFFF611A0000BFE8FFFFAC0000008B
:107190005FE6FFFF5003000099E500006E47000026
:1071A0008C2C0000FA010000F613000083EAFFFFB8
:1071B000BE090000B42E000081FAFFFFEE3200008D
:1071C00088F5FFFFB70F000022FDFFFFD218000077
:1071D0003AC7FFFF832800005404000081DBFFFF53
:1071E00047FAFFFFA70E00003BDAFFFF2AD2FFFF9E
:1071F0009F210000B60000003E2D0000040B00009F
:107200000CF2FFFF9C140000F9FCFFFF4A42000053
:1072100005CCFFFF8DDFFFFF9FF5FFFF080100009A
:10722000910F00002BFAFFFF212C0000010B000042
:107230007004000005FEFFFF6DD2FFFFDBCFFFFFF4
:10724000742C0000D6000000781E00008B1900008E
:107250008EFCFFFF04140000951E000023FEFFFFBC
:10726000B01300001F0D00006C5B0000C91500008A
:1072700009FDFFFFEE0B0000D0E3FFFFA6FBFFFFC1
:10728000C1F6FFFF5A0400008A160000B71F000075
:10729000F4070000F3DBFFFF34090000981B000037
:1072A000E42000008FA6FFFF8DE3FFFFC214000063
:1072B0004700000018FEFFFFAEFCFFFFD3060000F2
:1072C0002E09000056F4FFFFDAD3FFFF3031000033
:1072D000990C0000E0FEFFFF67E8FFFF561F00006B
:1072E000BE0F0000081E00003C08000039540000DA
:1072F000FB07FBE219E5050D36FA2F05EEFC122D12
:10730000F2F6080F221006E6022206DE11ED02F266
:107310003005FF31C8F4F4FD090B08F0220F1910F5
:10732000241D1005F408F5F601261501131EE818B2
:1073300007F1090D2304FF050D21D0FF03E7DFFE50
:10734000012019E02AEFD30700F5030BEFDFFBF76D
:107350000CB9E3F31FD1C02C0FCF3A13112FE4F176
:10736000FEFA0B09F4072D20F3F4F139CFE4003ACB
:10737000F4F51EFBF5F4221AF7FDFFF40306FEA553
:10738000F614FBEBFBF7170CFAD4EBF7EF0DE8E183
:107390000B060503FBE9170219DCF4E810F5F628E3
:1073A000F2150713E50A111C0A0401F805EBEF18A2
:1073B000F9FCF2DF1DD5B2DAC73DF10608E0FBFDAE
:1073C000F0F4EF0C1405F703F5ED28EDE4FD01F6FC
:1073D000F7FE14DD36F63E07F30D0EF6F72718F428
:1073E000F5FDF3DC07FEEFCEEF211AF21314D6D52C
:1073F0000DEFEE0408E8E0F71F1FE4F30E00FBCCEE
:10740000FBEDF019FD0802D1FE11F5EF1BEC1A009F
:10741000D711F3012FF206F1187FF510D8F91AEC05
:107420000BEA0CFCFE4308160022FD17FA02543446
:107430000AF84DF6FD020416F0030DF7E60BFFF80F
:10744000F4EBB7230526E11ED727E310FCEDC1F9C5
:10745000FBF3EA0D0F050D1CF40701070F04E1EB28
:10746000E70317EF110314EEFEF0ECFBFD30F0FC28
:10747000F0F2FDFBE21AF7122B17100AF527FD00B8
:10748000F300FAF4FFEB0B171AF2F21011FE120ED2
:10749000ED08E90416000DFC1004F10CF3F109FDF0
:1074A000F70219FFE80C0CE5F71201090C07FAE5E1
:1074B000FB00040111CFFBF703122004DD0F0EE7E0
:1074C000EC0604FAF2001F050302FAFAF70F08109F
:1074D00004F5292DF2F4DB0716FA070F14F906FB61
:1074E0000A08FAF314F1E4EE00FB0AD81BE3F8C033
:1074F0001BFFE84BF601F4FEF709110A16F9E60145
:10750000E4000EE6F310D10611340E05F3E2150F78
:107510000711EB060C09EB07FE081C03ECFC1CFC36
:10752000140BE6E8010901F2F5EB02F5091007F486
:107530001505060024FE041D0817FEFBFCFDF817C8
:10754000F9080EF10302FF031C21050BE402F909FF
:107550003CF6F1FBF508D308FEFD12F432F4F40E0C
:10756000F1FCDEE3DFE2FB13F61204F1E317F4E8CB
:1075700000F30CED0BE301F8F908F8F4F9F6F20169
:1075800018F508F712EAF00B0CFE0DEF13050128B1
:10759000F9F405150018D3FDFE05E902EDFB07110E
:1075A000E9ED030FF91C0F07FC4217C70336E7F993
:1075B000F8A9D30FFD2D0FF5090701FEFEB715F24F
:1075C000B6FEE0DDA9020CDEF2F40A05E8F7E9F404
:1075D0000203F200E017E90B041E1EE2060C07DEB0
:1075E00002080CF4ECF70CFF05F0F4F101FF03F9CD
:1075F0000728082A12070959090C2BA3001935512D
:10760000F4F2070AFBD30DD3EEF8CB0AF4F9EC0839
:107610002003D9FAFFE80CF8EC11EDED14123C1739
:10762000FB26F226D60EF4F533E10B09E5920DF8B0
:10763000F601F6F915EDFDF9FF06F00015FDE80578
:1076400005C6F0FE16DBF9FFEEED0E0608F617FB99
:10765000EAF70002F3031FFB0DFB15F8040D2F03DF
:107660000EF4F011E8F2FF11F121F01214160BFAEA
:10767000FFF615F7100912F40DFDEEF93010FFFBBF
:10768000E81C24F0F93FE317092AF6F13FCA340950
:10769000FA0AF8FD090BF50EF314280005D1E419D8
:1076A000EDED30011CFC2408F30F08F10D22C90C8C
:1076B0000A08F8F2F1F1FC0BFC0BF0F110EF0BF201
:1076C000F3F402FF0D100EF204F0F2EF090CF210C9
:1076D0000FFB01FCEAFBF310F302FDED00F9FFFEE6
:1076E00004F80D0DF50C02FCFEF100F508FD050790
:1076F000F1F311F4EC0E09FBED01FBFEF712EF0BB9
:107700000FFBEFFBEEEFF30D0BEF03FB020C05F8A5
:10771000F007F7F0F104EEEDFFFFFBF0EF01E909F0
:10772000F708F004F7EB0E0E0DF510070B0902E950
:10773000ECF3EDEDEEFC0AF6F80DFE0A000F02FD8B
:10774000F7EDF8FC05EF0E04F8F2F1FAF30901FC8D
:10775000F30AF80605FBF6F1F3070EECFFF3F1E987
:10776000F908100303080AF202EBEB070DF1F3F638
:1077700003F6F909EE0308000BE9F200EC04010539
:10778000F60C08F601F810EE06F2ECF505EDF8F14E
:10779000FFEA0C0CF7F20EFF0AEF010706FB03F0FD
:1077A00007F000F7FDEFF8EF0C0402FAF70CEEED2E
:1077B00002F80A01ED03F9EBF6F2EEECFEF6ED034A
:1077C000EDF4070DF8F7FAFF0D08F8F7FBEEE90CFA
:1077D000F7EAF0FCED100C0BFD0AEEF8EB050C07D8
:1077E0000FF9FB110BF20E0FF309ECEB0AE9EAF1CA
:1077F000CD02F70AFEE4CE05F7300805140719FD9F
:10780000EC05F20B16180D1329FDF8060516E10F0D
:1078100014F20B33FC0A3815271E0F3DF2FB262B02
:10782000FFE215ED19EBF3E5040D00151D15090731
:107830000806FFF7FA162EEC0C02F3FEF5FCF2E751
:1078400015F5000A18311D1A3417E70805FF120450
:1078500003EFF3F2E0081A16180EFCE905E2F4084B
:107860001B08E324055D1F1925FCF6E800EBFAF47C
:10787000F417F13FF4ECEF18E6E31822FC2006F7CA
:10788000EA030F0E160000FAFB0DFE251211F90B8C
:10789000E20709FEF412F7F52C0D0E0CEF0904F3C4
:1078A000F52DCC04F8EBF010013509060D0F10EBA7
:1078B00008341FC7EBF20717DC03EBC72E080400E0
:1078C0002107F3DFF810C90BF4D82FF5F7090FFBE8
:1078D0000ADAFB23080DEB120E14F60EF210050562
:1078E00000F10914F30630C6E1F835171118F9E86C
:1078F0000BF107140AF8191DED10F315251E1B28AE
:1079000000D903FA21DD1311E006FE230F0417DF6F
:10791000E60CF6140F000EEB10CA060D27C1041377
:10792000F0F8FBF906FED6FAF0083E18EF13FFFA5E
:1079300020150000DD150000AE0200004C0C000018
:107940004BFEFFFF45000000C8FDFFFF43FDFFFFAA
:10795000050C0000DF070000E6FAFE22C0FDF8F388
:1079600010D7EDDEFDF1F5DEDDFAE02AC4DD050F0E
:10797000FE12EF0E03CFEAEDF9EBF7FFEFF8041676
:10798000FB09F1F30925F006D6F50AF0F20F07D945
:1079900000D6F40D0808F8F505F203E3D300F3F67A
:1079A000E5D9EB02E3EC020EFD0BEB04FDEDEE0579
:1079B00007ED03FCFDFBFC0211DFF21408F9E901FD
:1079C000ECE80CECE9DAFC00E30FC9F1F12009D195
:1079D000FF1201FCFD0103090FE7DC17FCA64EC6F0
:1079E000D5F603FCED0304E0EC1F00EC0C40EB07C4
:1079F000140D110FF90F0A120BE208EEFD05EEFF50
:107A0000F7D9F4DAE61BE9DADEF1D2F204F9E7EAB3
:107A1000F3ECDAE53049CE29D5E901FCFE0EF3E7B7
:107A2000EA19ECEE08011513061AF51AFFCB061930
:107A3000020102F1F1F611F7FD1AFCFBF40EF5FB61
:107A400010EAF2D6FD0FE7FCFF18E001041BF3FB80
:107A5000F819ED22EEF31716EDED0205E8F0F10F3F
:107A6000EF4C06110EF610140EFEF30DFEFD07FF8F
:107A7000F010F9FC0F2DFAF4FBFA22F4D50726D406
:107A8000F8EA02FFF0CC07D709F1050219D27CE829
:107A90000D0EE2F008F8F4F2F1F700FF06ECFF0239
:107AA000EBEBF7FF101003F300F41410EB040BEBF7
:107AB0000E040C0CFBC9BCE303F0F137EFF9F7F24D
:107AC0002BF12DD7FACD1DEEDDE1F4FBFD1C23DDFE
:107AD000E8CD0905E4F7EF070A07F801F40A0C13EB
:107AE0000FE80816F75502F106D10B080218F3FC4F
:107AF000E0FDE7E608EA01E122FEDB13D1F9EE0E34
:107B000021ECDA1BF5B722AEE2F0F807FB04F7FF31
:107B1000EDF2ECF90C060EF6ED1EF6FA04F7FDF3A5
:107B2000F3E801E8EC1111F2EA0BF10501F7D5E4F5
:107B3000E9F1DF01F8F7E7EA15FD0A19FBC348CFC1
:107B40001EDF0FEFF71010F8152D3E4DA610F3DADB
:107B50001411F6FFF71EF7E807DDF3F5081AF20136
:107B6000081F010400EAF6F4BFE6D3E8F61B0BE7B2
:107B7000FBEFFBB4F5B4E314F5D741F4F6F20FFBD9
:107B800006E1E40EF1FBE8F8F1EF0CE7021907F06B
:107B9000F3251509F0CA0CF10E41FA02EB03EFECE4
:107BA000EBE808F80EE2DFF6EF02F4E9EBE6F6E8C0
:107BB000F62A00DDED07D9EDFADAE70CD2F5EEE9A9
:107BC00035FEF0FEFAC044BAF62FFC0E0CDB0E08B0
:107BD0000BEB14E9F7ED13000416EEEB001DFBF4BC
:107BE000EFF907E106D913000A0CF2FCCEE6E1EF4B
:107BF0002001FD1E031906F3E7FC00ECF2FCE10096
:107C00007DF5CD4DECF8FEFA1005F006090CF10AF1
:107C10000FFAF9FB10F0F9090438EEF3FED81AF365
:107C2000E5C2D41FE1F8F22CF01FF9F01118090594
:107C3000F630F813421805E222FDF317E708FBEBD4
:107C4000EF1B13F4FA1B11F6F539F805001E05F6C3
:107C5000015702E715FAF1FEEEEFF601ACF110FF65
:107C600023F52CD8FE41FDF5CFE3D708F200E8FA62
:107C700032031108FEFE09D1F710EE08F817ECEEFA
:107C80000702F0F9EE17EFFC121C0F06060BFEFFC1
:107C9000F321F514EBEBE6F5FFF207E9DF01E0EE87
:107CA000D2F9F5F1F40C0DD5DD03F2FCF9EE23F772
:107CB000220EDA2CFFC2EDECED040EFC09F60414E2
:107CC000F7F90F00EF250D01152614F0ED10F0F473
:107CD00007D8F6EF00E8E8EBEEEC1E1515FFE4FD23
:107CE0000700F80110F7F3EDEA12F1FFE4B5020C1A
:107CF000D308E6E2F235080701E40119E8E90E07C6
:107D0000081C14FB02FC0A0001E812FDD9E9FC0082
:107D1000C8F7F9DAE7F7D5CCD8F014DDDC10E7D3F3
:107D2000FEDD7FF00B05E3F70FCF0203B8EEFCE0BA
:107D300008E202EA02F5F115FD2B02F3F7DC010679
:107D400006180509F1F8F10ADC04BA26CD19F1DEAE
:107D5000EDD9FBE9DD13FDFE1D18E8FBF2F302D1BE
:107D6000F20C04F211110EF028E6120D13EFF3F3EA
:107D7000F4F50FEFF92BF6FCF8F90C0B05F41311E1
:107D8000F625FC08FED5050CEBF6EF18F2DAE81A3A
:107D9000F90BF2E8DD1A0EE5E906F6ED21DFE7ED75
:107DA000F11BB9FCE6DC51E6F5F30108EED7FB1355
:107DB000F7F1F30704031209FB01FA06F9130805AA
:107DC000F800EFF02889E4E5FE13EF42DD11FEE94B
:107DD000E2F101EF0CF2F5F4E5FD0C01F71013FDF3
:107DE000F1FEFC0A06DF0DE800E30C060AE710FFCF
:107DF000F6030E11FEFDF5F4F81405FE0308E9FD87
:107E0000FC0CFDEEC5F7DEDCF71CF4F4D3FADCFF66
:107E1000ECD12009E8FCE6EEF5E1E4F5DBDF20CE6D
:107E2000F1DC101AF019F306F70FFC05FCEB120C4D
:107E3000080407F8EC35F7FB000CD10DFFD0EB037D
:107E4000C3E7C6E0E2F3FF1C5D33BDF8E904F704C5
:107E50000E0FF414F906FEE9EFDE23E606FA11012F
:107E600009ECF2070002F202EF47FB04EB02EB0A17
:107E70000FF6F4FC04E813EAFC0AEE24ED0DF4041A
:107E8000D0EE02DBDDF9030CEF2709E902E22CF169
:107E9000EE04E6EA0EFBF702021502FD06120FF1F0
:107EA0000AFD06F7F10501EE0DF5EB0C03F917FCE1
:107EB000F11DFCF51DE8C7DDCEF6EDEAD1C50EDA01
:107EC000D6FE0601EB03FDDD1905E409E7FDE61723
:107ED00004E8DFF802CF0901FAF61208F21A05F9F0
:107EE000F94AF715F50705EDEB2714E8F3E6F6E98F
:107EF0001F07CA17012309D5D5CEF905FCEDF7EE0A
:107F000000E310AFD203F4E31DCE0FC0C2E3F41EB2
:107F1000E90B0EF10FDCFD02120715F2F3F20CFF74
:107F2000FB060CFAEAF41313F0D3F6F9E7F1E6D402
:107F3000F7D8F3FEFB030DF4FA0A100B23F4FFEA63
:107F400001F6ECFAF004F9DDFFE9F51E03E00B0899
:107F50000A02FAEDF0030E04F9EC1504F5F1F6123D
:107F6000EAFC030CFF23FAF7F3CDE2DF0813E9EB99
:107F70000BF7DCE512FB0DFE010F06FA0B1E083FA6
:107F8000F7ECDDDCDCFFF0FFF81810F5E7DBF8D8E4
:107F9000F7DAF1E609FCFAD2970B0000B6FEFFFF14
:107FA000F0FDFFFF10F7FFFF5FFBFFFF15F8FFFF7E
:107FB000F7FBFFFFDF020000F3F8FFFFC80100003E
:107FC00006030000B1FDFFFF13070000AAF5FFFF45
:107FD00032F8FFFF33F6FFFF67FFFFFFF1FFFFFF00
:107FE0001D02000009F6FFFFB6E9FFFF24FEFFFFB8
:107FF0007BF9FFFFEE07000056F7FFFF2CFDFFFFA8
:10800000B00C00001603000050010000030800003F
:10801000D10400003FFBFFFF2CF9FFFF050100002A
:108020002C04000025090000BBF8FFFFCEFFFFFF76
:1080300070020000FEF5FFFF4CFEFFFFB90A0000D2
:10804000ACF5FFFFC7F7FFFFA7F0FFFFC704000075
:108050004E060000A9FFFFFF92E8FFFF4800000066
:1080600065F8FFFFAB0B00009BFAFFFF17FAFFFF5D
:10807000B7F4FFFF38FAFFFFB8000000B4FBFFFFC2
:10808000B207000054FBFFFFE4060000B6FFFFFF4D
:10809000CA00000066020000FCFFFFFF1CF7FFFFA4
:1080A00061F9FFFF27F5FFFF55090000720200008C
:1080B000550500009FF6FFFF0C0C0000451B00005B
:1080C000030C000032F4FFFF5FF0FFFF6DFAFFFFCB
:1080D00012FEFFFFA2F9FFFF1EFEFFFFAAFFFFFF38
:1080E0005BF7FFFFBF08000037F8FFFFBDF9FFFF98
:1080F00080FBFFFF53F9FFFFABF5FFFF74FDFFFFB0
:108100009DFEFFFF0EFFFFFFF60300002C0900009D
:10811000FDFAFFFFBD04000000FAFFFF3AFDFFFF7C
:10812000AAE8FFFFB1F8FFFFC6FCFFFFC1F8FFFFA1
:108130006EFEFFFF7AFBFFFFFB070000C2FCFFFFA4
:1081400094080000170900004904000024F8FFFF0C
:10815000C8080000F5030000FFF8FFFF25FBFFFF44
:10816000B606000054EEFFFFE9F6FFFF860F0000A1
:1081700044020000B9FEFFFF3CFEFFFF9F0100002C
:10818000B9ECFFFF37FAFFFF7DF9FFFF3BF0FFFF80
:10819000170A000012DFFFFFC803000069F9FFFFA4
:1081A00047030000000C000081EEFFFF36FBFFFFDD
:1081B0003AF8FFFF6D0600000DFDFFFF3DFFFFFFDA
:1081C0008BFAFFFFF4010000DC0E000056F8FFFF01
:1081D000DFFFFFFFD2F7FFFFADF7FFFF43FAFFFF1F
:1081E0005BF5FFFF6DF5FFFF9BF6FFFFF0FAFFFF6A
:1081F00066FFFFFF67030000A60300000402000003
:1082000072FAFFFF90FBFFFF0405000015F0FFFF6F
:10821000D2FDFFFF74FBFFFF38D50E05FA09EE1FF4
:108220003AF9DA0CFC35FE0532DD0D2B3FD606F0AF
:10823000F45FD8DBFB32E319F5E9FE080FCE20DB53
:10824000EEF4BDF808FA0004F2F7E704C08109046F
:108250007F03061209161FF30400C303E8CC38ECB1
:10826000F2CB13E9F8810C15FEDB100D1E04050F8F
:10827000F7170D01411D24020CB2FF0AF9050FCEBC
:10828000D8FB06F7C005FDF90E00F67CE4F016DC1D
:10829000FBEAF8E90B07BEE80204FBE9E85D7A0CAB
:1082A0002F06FDE6FE0081FEF5D600EAF7886F0492
:1082B000FDF720220781CE06FE380304B202123EEB
:1082C0004A1826FE0A3BE4F91159393152F502F0F9
:1082D000C97F15F312F1D750FA000500FE00DDFA50
:1082E000000DDFE202F5020A2200000402BF0011C5
:1082F000E101F8D7FCEA27F6F800AAEFD7EE7F02F3
:10830000B0A932E3DB8DEFFE02BFFAF8F5FC05EA17
:10831000F3F2D9E82B0BE3A84E0CF32302471EDC43
:108320000D7FA7F4C5034DFFEEF0FD6DC3F724BA32
:10833000CCE5FDD20BFC46D1FBF0EEE70C0B7FFB4E
:10834000121CF5D6F8F25214FFCAEBDAF9817FFA63
:108350009B02DDF0098C0AE3D163EFF8F8F831BF36
:108360007FEFE8F8FA2B210200FEF9137F06B70C25
:10837000B62C310F0A02DDE91212C7F84F05F9F0E9
:10838000E3F9B79FFB09FBF80915ECF00BEB1600BE
:10839000D4000227E8FBE9EB18FED501F734991663
:1083A000B30D97F4CD87F6081A20F815FEF811F7EB
:1083B000F6F9FE0597E800BFD614FCC6FC10EF6680
:1083C0000DD7A712500869FBF914087F7FF07F3999
:1083D000F9461273FA00E7F9C815E956E206E60510
:1083E000ACEFF2F9000030D603E8F8BD02522213D8
:1083F000083D1D03EBAC0FCE7FD2DE09197F13DCE5
:10840000D4737F242CE1F43EBD1AE87FDDEDF4E562
:10841000E2CE7F817F7F39040327057FFC0F7FB881
:1084200066055EE0DEF573DF29F442E9A663050D1B
:10843000FEF54A7F817F41DFF9EA89018A6A477F39
:10844000505009E90E686481F070C17F7FE8030332
:108450007F32C81A81D9C613227F15F90C771D7F88
:1084600057FD737F0B727F000DC04A0806ECEE7952
:108470000766EDFA7F2881C5530E7F197FE1CAF3A5
:10848000FC7FAFBC7F3FB4058181EAFBA0E2E38EB5
:108490001A0CEF7FFCB73221EDDC95FF7FE50EA0D3
:1084A000E07FDAE298E1918F817F7F23D67FF61714
:1084B000BF0C2A8CCBB9810044ACEE00817FE281F5
:1084C0007F7F8131C3A27F7F7FF058F88155DA48E2
:1084D00026817F8EC041E67FF4FE81D6C27F55D8CB
:1084E000197F4110FE407F8BBD7FA6EFC4CA7F0C71
:1084F000DE7F8A8184DB8141F12BFAE57F327FF5D3
:108500007F407FCD7F490F7FBB914500537F037F25
:108510007F0A81E0DDCB5B947F1B7AFB5857C2FC5E
:108520001B74BB81E97F6BAB0B8B81BD57D60D8173
:108530007FE968E2F29F7F07B9815A810BC97F5DAD
:10854000555A10AF7FA67F81E4E1E6C7D3E97F7F6C
:1085500081ECA4FAF90087007F7F7FFDB841F4A683
:1085600017E7557F811640B4667F811B00277F7F08
:10857000DF20D4105191ADEB7F81197F23DED8B677
:1085800081148419811720367F0081B0EF811B7F11
:10859000139E04DF707FFC02490A7F7FCF81FE8932
:1085A00033E22CCF1CE687E5817F350842DAFAFDFD
:1085B000E2812676DB81FE81007FEB7F795A397F6D
:1085C0007FE781409A2A197F0BABB47F7F430B353D
:1085D000607FA9FE7FBF7D373B611707FC20EE055A
:1085E00020ECCEEEFC47E10CA100F599FEF8F6EC8C
:1085F0000E0642C8E0FA108100120BF609F9DA25DE
:1086000014F31EF0EE81ECFE05062425000C000993
:1086100011F9DED9FABFBF0003000C0A7FDCEB02C0
:10862000D110FD7FFE06D4BBFCE700CB3A0802FD6B
:10863000F01481F0FA21AE32381B0D07F715070848
:10864000EFE9AA150F81C2EA0002811240000BDF98
:108650000025FD14F00AC5E1CA000305438115FF9A
:10866000EC11FBFEF8F000F1CF38FA0EF42D911763
:108670002909BB1CFC18DBFAFBF66300D8FAF9FDEC
:1086800027181C0C00601F0CD1E812ACE63BF41D4F
:10869000D21015EFFD090CB009E7F606B60F0FEE84
:1086A000F4CBE220CDAFEF2D27EE1D62E1EB0EEB18
:1086B00025DDF33C0F31B5F0FF0617F470BFE8F38A
:1086C000FDFC2B6B4000ABF81C2DF615FE00050FD2
:1086D0000622EFF90312AE7F8112F90313D3F2E2FF
:1086E000DCC8E2F9FA96D2F2F3EE8B3CE2F20073C8
:1086F0006419F15103D829DAD6F2E9F640A3FDFE58
:10870000EE22EEE1FAF2E1A4D12CF524F905C1261E
:1087100027F77F0500FB1606BCF8810708DA2E81D3
:108720001900EE7F027FF007D3D60705C8E438466C
:10873000B60800E40CFAFA08EF2915F5EC0E080665
:1087400000195871BCC302E3BAE9E77FFEDBC4EF4E
:10875000EB00EF05FA2E7F29E7E7FEF618F80B107D
:1087600061EE8127E12BE50AF9D1F5390216E91E00
:10877000F2E3EFF73BCBE11AA108F1EF0900131187
:10878000E4591BFEDEF62805FC1DD52281F9FA030B
:10879000EAB80E81FEE4F9E4020AEE5652EF08EA66
:1087A000F6FDE9231410EF46E918F61DEBDDF300A2
:1087B000E915E602E1030C7F33F9FFFFFA00000040
:1087C000900400008E040000E3FEFFFFF7010000AC
:1087D00086FFFFFF2B03000050FEFFFFB8F3FFFFF3
:1087E0007CFFFFFFC70000006D000000700200006A
:1087F000FB060000C00A000073080000C4FFFFFF72
:108800003600000090050000990100007201000090
:1088100091000000320000008D35000029FFFFFFAD
:108820006AF1FFFF0E180000B1FBFFFFDFFFFFFF43
:10883000DF0700005C0B00004DFCFFFF790100002A
:108840000CFFFFFFE7FCFFFF671300009BFDFFFF2E
:1088500067FEFFFFEF220000D0FEFFFFD6FDFFFF07
:108860000A030000910000003B08000032110000E4
:108870003DFEFFFFF100000040FCFFFF7DFDFFFF1C
:10888000A804000046FBFFFF252A0000800000002E
:108890008E0000006DFCFFFF39FFFFFF8512000016
:1088A000A7FEFFFF8C0500004912000093FFFFFFA9
:1088B0004B030000E2FEFFFF14000000440C000028
:1088C00037050000D601000032000000D8FBFFFF92
:1088D000BF000000FCFFFFFF120A0000A8F6FFFF28
:1088E000A1110000F2070000C40C000051050000B7
:1088F000B2FEFFFF55060000CA00000066F6FFFF4B
:108900001B0A00000EFAFFFF380000002D050000D2
:108910007EFDFFFF2AFBFFFF38F8FFFFD3010000B9
:108920007C1B0000840700009B060000BFFAFFFFCD
:10893000C5070000BBFEFFFF84020000FEFDFFFF35
:1089400066F9FFFF4FFDFFFFA4FFFFFF15FFFFFFCD
:1089500059FEFFFF4605000068FBFFFFF4FFFFFF25
:108960004DFFFFFF2C02000093F9FFFF32040000CF
:10897000C7F9FFFFDBFBFFFF9C0A00000C040000AF
:108980008E030000D3F8FFFF38FFFFFF5AF8FFFF08
:10899000DDF9FFFF85FEFFFF460000001C07000019
:1089A000ED020000DD000000F6FFFFFF3A040000CA
:1089B000700300000C29000023FFFFFFD7FBFFFF1F
:1089C00015FDFFFF2E000000B4FBFFFFD4020000E6
:1089D00065FFFFFF55F6FFFFD9F9FFFF4A020000D0
:1089E000B3050000FD0C00000404000057F9FFFF70
:1089F000EB040000B10500009406000093040000A1
:108A0000940C00002800000086FFFFFF980900007A
:108A1000D40500001612000017FDFFFFC000000083
:108A2000F0000000B00000009BFBFFFFC11300003E
:108A3000F8FFFFFFABFDFFFFD217070C5DD3F93A3C
:108A400081F22A40FC10020B07DCFEED1BDDE50A7B
:108A500004D6DFF0EC0040F4BA0311FFF22AF5254A
:108A6000BEF7111EF318F0E184270F17E701121665
:108A700052F0E4333618E731110DAA25D4A8163F79
:108A800047DF30E93C3B44CD0C110A3548B831276B
:108A9000F01BFEF7EAF64CDDE734EBFD220A18A2E4
:108AA000F90735FBA5C28448E21ECFF8C4FAF913D2
:108AB000139B00D7E1DD14003FAE313DE228061ADA
:108AC000F1EBDA0A0329FF0C52F4F0F9F919D4B9E1
:108AD0002F2F060CE0DC090C0DF44133FBDEF818F7
:108AE000252DFE3BF3D9BFE4F0E833ED2606C9D4CB
:108AF0003AFEEDE01B0EDE01F6F51B12D42FFA1044
:108B000021FB181DD930E9CBECE007EBBF2725EBA3
:108B10000AFD20A3F80B81F3CEDFC7EB0DEFC3E016
:108B2000D4F12004F80BE8D4BCCEFFEBC9F2F4F684
:108B300002CDD8EC2FF3AC001C08EBEFE924DAF9F6
:108B400004CA1CFBE51E00180BF6FD00DDD511194B
:108B5000CF0C07E456C0F919F3F7EBCBF0FEF9168A
:108B600006E4BC161607F4050BF1DADE2A0A12D465
:108B7000D1294F1FD90E065A250C41CE4FE3EB0ADF
:108B8000C7040B0C0D1318FC0901080EE0C52419CD
:108B9000E818D9F7F502D1FEDB08350729D7EAC96D
:108BA000BE1A02CC22BFEBFBD41901F607D0282253
:108BB00002F4EC13100AF8E42E21DFC6E3C62F13EB
:108BC000E2E413FFF5FA1D0F0202D80E42D07FF83F
:108BD0001524DFF80ADE10DBFD2AEBF01910BB19B3
:108BE000D4DB1509D50FE60CF52EFBEDE9F4F412F4
:108BF0000420ED5E021FC64D251EF101F0EBF7F7D4
:108C0000BFFED6E208FBE5EFD8DF0318C11AD6DFB6
:108C100015ED3228E6CC23DC1414E9C6FEB3AFDD33
:108C2000F9FF151A3A1FE3F7F8F0C924FACACF2F53
:108C30000205002920F428F1FF1421162FDD02F38C
:108C4000F529F6FEF1F6F830CF10FBE2D41CBDEEAC
:108C500022ED010F35F5D21BE1E9C00E06EA281F0F
:108C6000FC13D8ED000C14CE0908EA0DF2F0E52F44
:108C7000E644E7210B05ECFDD224010C2C0404E9A9
:108C8000FE11FD530016E7CAD1061106F5F1D7EB28
:108C9000F4E92AF8001BC8EA0A14EE81DBFA1FF295
:108CA000171E0CE9FD23F306DEE20410F919FDD9C5
:108CB000F3D0ED3218D812F816EF261D001F011858
:108CC000D2FD1DF10C291411D1E22117FE392BA67A
:108CD00063812A1D19FBD50CC5EAF7DA211CE26C69
:108CE000470CF7EF2500B0DF13E5C3E0DAD70A0140
:108CF00042232C661701DC01FD1FB0492C50D4E241
:108D0000E7F8D6540DB4F4AA0AFE0716DC56C9FBE0
:108D10002E01CA02D6F41EF9DED6F7EB335E73F1EC
:108D200020E2FDDB1846E4C13AFA164D15E13601A2
:108D3000E1B70F1E2E2E21FFDFD73308082703D6F9
:108D4000E3C310FFCB13170AD6C5DF19370604E1BA
:108D5000CAF90903F770AAB100D00005FBFC082985
:108D6000E0E3E839291FFDFD0F01D81A181B27126F
:108D700011EEF03D13D7FC1BD3F016DFEAEA0A1A16
:108D8000072CE0D109F340E8BF41DBE911272FF1BF
:108D90002EF75628EC10DDFCBA42C01DF318F81A65
:108DA000EB3235F6020ED7CFD958E8120BEBEFFEB7
:108DB000F926810E29EA14CC9DDDE6F71B22F9F68F
:108DC00009EBF12E3A41FADB9C5653F02AEF0011E1
:108DD000DCF90F1D1E112B00E9D2F4ED2C1B10FD48
:108DE0000CED1427FA0B1C12EDE8F40F071A0DB85E
:108DF000B6FB0E05FFE5F9C1C8F2DEF93DB3CC07BD
:108E00000ADC6C1401F4FC29CBD0DF19F407EBED7C
:108E10002BFBD5042B3070C2FA0B1FEF17BEF500E9
:108E2000E7EFF10EFFAB1DBDBEEDE7D6F7DD021A91
:108E30002CFBDD631921F7F614F5B5E0F0CB0B0B35
:108E4000CCE93DDB2FFB28DD0A0CE92144E3F5FCEE
:108E5000DF0AF91D1407C50BC41B00084E33E30ECF
:108E600014F9FB0FE8F1F5F6E7F6E810BC41F8E677
:108E700016DB0A12050E151A3817E981EC22FEE4FA
:108E800009E5FC0FE337EAEAF5ED04F8EA03EDFE45
:108E9000D1C8D1100CCC19281008B63A23C8191122
:108EA0002013240EF8E18709FEC10DDA24ECF9F94C
:108EB00040CA1DD1E19DF104F0AE2DB1FBDF243598
:108EC0000501F81A01070BCBDB0122E33820D2FCA5
:108ED000220FA2F0C108232923E2B1EBD9BFF1F29E
:108EE00031E33FB1413303B83FACF5F507DC39DC82
:108EF00065C92727BBFA36EB4AE73A15F4069615FB
:108F000026F3302AF8E72DE9FE20A93B0BC12EA05D
:108F10003FFAE2C87FE4671715F27EC609640517B9
:108F200021D813451EC536EAE0CEE3F813B71DC4B9
:108F3000B8FAD125DF13510E202FE9E004F9BF2044
:108F4000121BFC2E1C0F58F6E7FE3803FECB9C14B8
:108F500014F3FEEFF1FA0A08FA242DDB32D3F6F50A
:108F600009FDD7F3EA02154CF215FDE9EA10CAFC37
:108F700010F2F225051323042FE3CF36F509FC0286
:108F8000020638F72D07E6004CCAFEFCF3F3FB1986
:108F9000FDFCDCFCF3F414D6E007EF25030722FF09
:108FA000E2C00DED13091300F90706002A18123F5D
:108FB000F60E09D703F8C315FEFBFF8109092F0E32
:108FC000F614F6E108CC073ED608F2F5ED1EF314D0
:108FD000FB96CF06110A070F29491A19CC1A03303C
:108FE000142DF30AFF1014F09CD102DEBC09F00E20
:108FF000574F2BEFCEEED1E9EDEAFBEB03F2E42580
:10900000E9BF1300E7D3E1DFFB20DEFDF5A5CC1EB1
:1090100001EEE7230FFC27F10E05F1CADFF2D223A0
:10902000940145F34EB16B04E5CFF41A1BC71FDF63
:10903000FBFD3A27E0F4EEDAFB4211DA13F5DA87AA
:10904000E617A4011C10EFF402F2CA3B07FEEF0D75
:1090500006D2221A02E1347331E81315C8F6814BA7
:10906000E0FDAF2917FEE4D1A99C0ACAF10812EE6F
:10907000FEF711FBFEE808222547F8EF13E7EEEFB5
:10908000EB140504163A01E8B6C811DE0BD005E072
:10909000D858DBF411F902140B37FEFE1E18181A0B
:1090A0002ED7F4351918011910CB0D5DD637EADA31
:1090B000FE0E38DA5503F3043615BA3C111BDAE715
:1090C00050C15E771B744DC80F810AFFD623F8D9B3
:1090D0001907AFFD170FF7D03BDE0423EEF74ABAAE
:1090E00009F61D101337DBE7F1E4F1C30F2BE42180
:1090F00003E40E06FFEF1E1137CDD5122C13FF200F
:10910000E4179703DB0B19FA201EFC08EF07A3DD19
:10911000080901F71582E4E14500F0E5160DE8EFD6
:10912000F80D161B091620074FDFFDE8300246DF59
:10913000FA81B52993D42C81CFF3E6D90EC52C46FC
:109140000AF20FF712D570F5CF21B9036109D1DD0D
:109150002B30DF52104AB309051BB312EDA65BD4C6
:10916000FDA352F6083B4AD4F416E31C6720781F8F
:10917000D4DC0B0DB9141CEAB00C46F520FD950BA0
:109180000F20572A3103E82EC30FF8D4D8D823096B
:109190004ED90921F9DBD2D05434E81B0F5F2DB230
:1091A0001216FD9C0300A8AFE259261EBC07A9B306
:1091B000D09D215532860D311935F402E9FD013B70
:1091C000F6DF1221F9BDFCD022DCE8BBD5FA0F484E
:1091D0003A3909E5F103D9FFC20119FDF8D7D417CF
:1091E000CFE11496D8FD1105E5D20448F8C201CCB0
:1091F000F5F9FEF218C704E10311E6E60EBFE1FE41
:10920000CA1E32EC27A617F8FCF6DBE604B6FA3DD8
:10921000E516EB22ED2203811F03F3F1020DF6E8C0
:1092200093E9EC0AE9DE04F1D503D42E14FB080718
:10923000FDF4FBF500D212442B222E12F203D8F8D3
:1092400001E4D919EDE1E9FFDEBFDCCED5EE06EF92
:10925000F0F50506EADB2C293321F0FE1B0C001982
:10926000D765D1E6042B1503B9D6D8D319B221EEB0
:109270002048FBE0F9E3D3FBD5E6FAE732E1052726
:10928000E1CC09B595C8D9DACFC404333251CEF355
:10929000D60FEBF5F92830E104E8F25BD20CC8D523
:1092A00081B3BECA2DF902F3F9ECAFC5FE0112D3AA
:1092B00026E4E9EAD152E7F018EE343A0CBEFA3867
:1092C000172265EDF9FD2F0F0FFFCCEB37B836F6FF
:1092D000E015F6F6FEC8222A0DFBF5FFEE151C2957
:1092E00020DD021D0A04F312C3E2AEF01C04DB060B
:1092F0001B1B0E1953F2FA0D1645FEE705D0F5D6E5
:109300008105CDFDF9EDDDDDCF1847EC2A2AFA9F66
:1093100029E11CBEFC1415FA4B081313EE03EEC032
:109320005AE347C74CF90926E209FEBBCAD9FAFA43
:10933000D2DCA2DF28FC19EA1300E18CB506455FF8
:10934000F7FEF4FCE4F1C6FE05BE05F9EC19E1EF09
:1093500039263D1C1F94033ABA1E03FA10FB1DD692
:10936000F518131705EB21E61DF9B9A6E6FDF5473B
:10937000DF0509F146062035FD38DA2939F43E3C8F
:109380000331A7CDE20812C1E1ED5617FBF3B6AFEA
:10939000EB07141EDB31E90E25010501F003E6049D
:1093A00098E815F30234FEFED7EB100CF801DD341B
:1093B0001416202B1708EE36EF00F2120C240DD7EE
:1093C000D30DDCE3C7F81301F0F80531EACEF41A47
:1093D0001ABF0BE513FD21F10D17EFB2D7CD3A47B8
:1093E00010F928001BF00419EF02E13706D206013C
:1093F000FD23EB01FAD51D81F6E2E4B611DCF7E0BE
:10940000030E01FDBBE1A605CF36E194CC29A8FCF3
:1094100003EF0AFEF31CF63E072C0609AAB2DC2174
:10942000C52D0EF2ED16F9F407EB27CDD904FFB8E0
:10943000183AFB1DE4C319CD3A04E8FC010902F215
:10944000EE06010AC71C1DE9D0002EB70EA646DCA9
:1094500023FFF907CEF4F023EEFB1F9925F813D470
:1094600048C9B504FC0BEA361F2C02F9F0F62C13A0
:109470000F20F70BD9D40FCF05FBBE50E4F8DFE483
:10948000E2F429093F0DFEB623C512E9F0F8CDE25A
:1094900051AFF05DE40BC3F8F4DD053DEBDC1002E9
:1094A000EE0804D703F905090616D605F5DD18BF41
:1094B000E6E9DBE7610A813D080D1CC303D7FAFD2D
:1094C000EAEAF208FFD3D73AA9F2FB16B7021AEB81
:1094D000D51525481735F9E9F6FD32EC42F5FD0BB7
:1094E000F605E6F20DE410A9F5F70BF9DFF4ECEE62
:1094F000F8DB17DCFC051122E9F90A32FBEFC1A009
:109500000A12E7D90609D0EC28E332FF04CA21D4B5
:109510001EE37F091704CBC818FD19F0A921FE101E
:10952000E435E0E7F2F4EE160A00E5131B0105F955
:10953000DAF41E051DF32FC1FDCD241B13E6F0E662
:10954000FA03101E0AFC071A2CF10FEF09F9FBEDC4
:10955000D2D2B00BDBDAF543E4E42FF6C10BE7130C
:10956000E40B32D6F8FE132210D324F9E9F724CD08
:10957000F4EF070EF723C4F1BEB3FAFD0B0B1F2661
:109580001730D742030DED1C1206402941AFDCF124
:1095900047F8CAD1C30905CCF1B21DD8DBF1EC0AFA
:1095A000F3D50559F807F8E311FC15A7FB03F9E714
:1095B000B8EEC8E5C4E11637CEFBFF16A0E94D0EA4
:1095C00069FB41C41733E2D60FFEE5A4D9ED0B03C6
:1095D0001BDE1FB317F9150816B21320CDD71A1AC0
:1095E0000C116025E5C7D64E0FE2C107A2040F0596
:1095F000FE26F6B80E9FF2F329BB7B21033E2365BE
:10960000E8B4A53A7AD10F33330EBDD2198114F9DB
:10961000FB07E5D00217301EF4D329E3163400BA55
:109620000F04120AFBF0080F9312FDD810FFF61D6D
:1096300030F02E2603F6E9FCFAFFFCFAE41305D518
:10964000B507010CBFEBFB00FED12FE5FEBEE71016
:10965000EEF21B05DB4AE3FFFDCFE9D7251817F62D
:109660001BDC4EF64D07F3EB101EBE31131B00C280
:10967000F0F8F9C8E0B9D6E3EC0E350B0202EC6F56
:10968000E0F2A9BE021A4D1F4FDFD90726F10E0ADC
:10969000177FF32FEDEEC65E132B1713D8BE98E994
:1096A0008F08CFF21409E4F9F002C12E46DF8BEAED
:1096B000022212FC1DD3443102980CE7F21F24F45D
:1096C00081B310F50424DFF8F60127DEE8FF15105A
:1096D0000910D50AE5F9F81D951E100440EAEAEBD9
:1096E0000519E69DD10A11FBF5542306461CFEE13F
:1096F000FA0D600D0B00EAD61353FCE4D5FADDC277
:109700000C08EFE3E710E5FA07ED0E1A0349040E23
:10971000C0FA0009F5E72ABDE7F896D62604C80B7B
:10972000E6E6D003FA3CFEEED237D9B6F6ECD0002E
:10973000FBF40C34D81A200301180307D4F9DCB861
:10974000EEE901EDD72C0DF017F452FDF73CBFE424
:10975000F9E1F0E1ECFE05ADFFF302040837FAEFA2
:10976000F221E9CA0FDE0964100AF40235E0E400D0
:109770001E0E0B1C0AF9EAFD2F1F0C171720FBB752
:10978000D8F7130C3AC7E611DB0506B104E713DA84
:1097900012FC1017DA0FE823E2CCE20EE6122BFAE5
:1097A000061711F40AA6D3E21D0CEACF1E0612D743
:1097B000FE09F0EC13EFF2F01F0442131EF2F74F14
:1097C000170909F5DC0703287FDD0C13FD081409D0
:1097D0001503FDAD15CDCD30E8D8F90E16F50130E5
:1097E000F20BE5E96E06E6F2BAECB726F8B4170319
:1097F0000CECF30E15175F351AF410100DE3ECF1B5
:10980000A7E90E0501F60102E9CDE1F3DF09013117
:10981000F8E4F80618F70001092C0845FA0908E0F1
:10982000F625012000FD0518091F4BF9D6F412C1D9
:10983000FDE7EFF91D0BCE16270DF509FC01FEFD26
:109840000C12FFFAF51F03F914E4D508F8E9FD0935
:109850000422040BFE081BE9E7F20A13160442E493
:10986000E8101201FAE6C6F205EADDE9E61DD001CC
:109870000AE181F5DF0DF80A11EE0BFFE1E2C9FA0A
:10988000D10E0ADEF3FC120003E00FE1F2F106D87C
:10989000DC2AF3E7F61731DD1003E1FFFD0EEA1BCA
:1098A000F2053404E0FE430B0117FD0D0C110FFB14
:1098B0000BF20FF2BE2905E7E4253BB8DA14FDF6FA
:1098C000F5E8CDEEF1F4080AE7FE1904F805FF010A
:1098D0002A28E90D0609FECCFA02062DF9E2FBFB67
:1098E000F9FD2CD908FF03F63CFCECFE11E412F75D
:1098F0000FEA190EE3FFD006E817E1260707C2F1C9
:10990000F5F4F41D070026F30103F2DFFAE4F7F1A2
:109910001E0B1CEF1C05A30FF4F60A81F10501FBD9
:10992000F2EA010110F3F012E00ADB02F22CD40F8C
:10993000F710CB04E5EF001412EDE7E90614DA00A6
:10994000FE0EFAF8FDF82DEFED142DFBF641D400D4
:109950000EFA19E826E5EFE603FEFDE81B05F5EC37
:10996000F5F5BED20B0A0E3BF5FF01074717E3F9E9
:10997000FBDA0CFF0BF3F6F755F8EB10140AFEEFC9
:1099800001152219FDF8F0EE2BFC00191C0406DC71
:109990000508FA11FD00080711D7011FFF14430441
:1099A000FE6B05FB120715F209C7F106F5DC13CCB7
:1099B000E4F60BDE021FA4160507F181F2EE191082
:1099C00004F810E106FC142BC9F01FE9F8DE01F8D9
:1099D000080E17E5EB24F10CCEDFFECB12DDF3F41D
:1099E0000F0E20DBF449EDFC1D09F90CF3FAE147F9
:1099F000180CEFEFF2FFE618BF01D2F1C5C4F0007A
:109A0000F2E9E3030022EAEB2FE7222BF5B3D9C3F7
:109A1000F2F517FDB5FE00E9009217EE21F3D9FA31
:109A2000E0DFF0DDE6E9C0F7F20085E212BDC24DED
:109A3000F4E60336097FEFF417C21D39E0D8210C94
:109A4000E30ED3FF03E91CF7E3D1C8F035CFF106ED
:109A5000F93CEC011ECBA618D347252CA0E801F455
:109A600017D0DE16F5A8FE0FD4FDD01ECE190011BA
:109A70001AEAEA0123E4E0D5C2CFF50EEAFEFAFEC7
:109A8000E71102E2E8F6ACE8C634ED002403F9057C
:109A900017FCE799211FCF05DD0B5D09DA1DD925DC
:109AA00009F30E19F9DDDFE921FD0217FE1AECDDDD
:109AB0000A1D0AFAE0DF330DA1EBEF110804BBAB7E
:109AC000FF0E50DE31EDE90AE8A9EECBCAC51161FF
:109AD000EFCB13813D01B8EA2102D102E9F9052754
:109AE000DB1BDBE20F1220D803D4E3D10AFC5125A3
:109AF000D50BFC0CEBC3F815C9A2E6CED5DDC1260B
:109B0000E4DED3281BF1031BC92ACD0E262EC81074
:109B10003337E7E2F0E7DD150AF93B125B450D3616
:109B200024240109F819DF43F408D20043D84B0577
:109B30003D82FD1EF9E313F4CF2620C96612D33E01
:109B4000F0E909D1DDC7FCDA0C3AF6212041ECFD41
:109B5000491741192E260FE8DA0B8123EB20DFDFAE
:109B6000DE39F01FBE110BC3D3FCE9461620E545D4
:109B7000E7EB0814D7F7E6ECD6FF00DD25300C192B
:109B800016EE3CED2104FFF32613302441D039F5C5
:109B90000DCB00360A05481A02E0BDFBFE143F3526
:109BA00007DDF4FAD0F7F4EFE0EBE4FB18D709E8AF
:109BB0000DD3020FFF4201E9B031F3C70F08B00720
:109BC00018D3F6292BF4FDFDB8B8C6DC0905150F2E
:109BD000E3FFF317FEED2ED8F95AB6061BA9EEFEE9
:109BE000E6032DD90CEF240CD83814E61FDBC11A7C
:109BF000E09D1903FE56150A14C40C1627EAF9DB7A
:109C00000495EDFBD72912EFE301F514253332E576
:109C10000F0B1F45F8EEEC3108F12BE0400B0B7FEA
:109C200001F3EBD8F8F81308FC4FF9E9ED0DEBF36D
:109C30005439FE012532DDE4233817B7EA48F2D75C
:109C4000000733D2F3C9CD1CE73A0B183500ECDF1F
:109C5000DDB70F232825ECFAD1190911E63EE518E6
:109C6000BEE70701D111B310DFE718DA06E7C12616
:109C70000BB12FEC4D00617F38EE2227D1250296E3
:109C800002D5E71538D106E7030433E006E63EF2D5
:109C90004608C0B1C44DE8F6D24B14AD61C78C0480
:109CA000AF092BEB2DFAC7C7DAF9020CF83EF6ED37
:109CB000E51934C2E3B616F62F45E8EEACFAF42106
:109CC000ECB4A7E88FDA333547FCDAE4E805E4A81A
:109CD0000317B5F2B81CA716C0E6DAB3C088C72EC2
:109CE000BBC705F309DB50FA1BF20196F672BC13F1
:109CF000C70FE3F7D90EF0BBE9CEFFD90BDAE8FACC
:109D0000FAFE280D0BE5EFC33FE4F915C9FEE02B81
:109D10000408E203EC08E8EFEC1D0D19D0EA09098C
:109D20000EFCEBD10C65FB1807C81C20E3DA0BF026
:109D300004FDF506DEDB1A05F9CA110EA2FB0208C6
:109D4000DE25130F0710BF44F10881B0EBE6F800E1
:109D5000F6E5E3EA0E671AB42ACFE50FF6B3272338
:109D6000E207F317EAE02402161105F8F2FEE81103
:109D7000030C14ECF9CD131BCB1B1CFFABF3FADB6C
:109D80000906280007D2FDFB23D1C41EEEFFF613FF
:109D900015ECEE1F1D0D1CD6FCAEF8FCD31B011DEF
:109DA000E8F4D8D7E103F6091009FB00D5B4E0E0E8
:109DB000090526FEF9B3BAEE26E7F67FF90633CC9D
:109DC00000DE05DEE2CC23F4EDE9EE2E080FF31CF5
:109DD0002B4B23F409FA0EAD230AD9243719F6F0D8
:109DE000DC12182304D5FBEFE4040DFF1A0B1D0849
:109DF000CADAC71A3A12F9EB35FCE11DDA17C71AAD
:109E0000DBF517E00C400611F4E401090F48FEE70A
:109E1000DA0DFDF998ECD91CF303E7FA1B1308F8E7
:109E20002A17FFF2E226E61B07C91CF5F7CD201121
:109E3000ECD5ECA10325061BFBFA10EF1FC2020EA6
:109E4000AF042E34B6F52B320781DCF6F80CF81D82
:109E5000F700A418C44A410E3A00D2DEA8393100F6
:109E6000EFA03A44F1EC60D2D6CF100FB7F323E75E
:109E70004CE4CA131A1636E4FE03D11013A606B535
:109E8000339412AE1D652325E3DE0E1F600D41B92C
:109E9000EACC0A43E1250B09E61E4ED8190FB61B82
:109EA0000F1240E0DEE3EF47E2C412B22D08E72EC6
:109EB0004AF601F115DDF2F641EFEDB40E32F0DCB9
:109EC000E6D84FEB113AE6F9284BD935E4E9EFE053
:109ED000CCFC37D043B0E91DDDF3F912F2DB1BEC0B
:109EE000E0D7E7F5FA57E1E505F410DAE8E42742B0
:109EF0006023FC0B06FABCDDE5F92F19D0FDF40157
:109F0000CD2ED9E3C5110AB2ABD9F3C3FCAF04F42B
:109F1000F932EAEB05F8FE06E7FD231F17E9FDE33A
:109F2000E55FE1BAFDBECC18E0109FDEF3B7EC04AC
:109F300002C5F1D2FEE9DCC7EDEC021AC7C8ED0597
:109F4000BFF6F314E30AE3B023F259FC3BD2142525
:109F5000F65206FE09B2ED4CD912110CB3C5952983
:109F600097D9DD2A23D703CF1692812510300826F2
:109F7000040D4D1E103144F0FC31EA1AFBFE043989
:109F80003E810A2DFB21FAE40003F0F30EDE1734C4
:109F9000FF4BC9000DE0D008CC101302B8F9E50B57
:109FA000DD3CECD6DECC63FCBDCBDEE7FB01242040
:109FB000DEF7F404D7FAFF0E01FB05F34BEBF3DDFC
:109FC0000DDE0FFBFD0F260F0A1FCB2400BBF65042
:109FD000E6D218FCEBFAFAF112CAF5FE16FEF2020E
:109FE000D1DD0A1406021B10A329F94D0DE704F375
:109FF0000E13FFCDF8EC0EF842120D0AEDF60EFC32
:10A00000E5DB06E7EB04E9EE045008DDEDFDDDFFDE
:10A0100019E3E801E39FCF07120A194CFD0CF40E77
:10A020000C03492DF106B7EF11F3EC04EEEE030F2C
:10A0300014F0010B1917FC07D502F9E9FFD7FCD979
:10A04000FA9EF6F1F00F0DC4060A050E020E3B0B48
:10A0500001501FFBE1FC000F30FEEDD8DAFD0700D8
:10A06000FEF6441E08E4D5BDF3D1FD02F1FC28073D
:10A07000FED3E91EF9F9E2E0250F10E9C91508E958
:10A08000EDD40EDAF6051B1ED423021904EBF1EE13
:10A09000E8EEC7FD2909851BF7FD0F81EFDEEF0E06
:10A0A0001B0B1DF6E1F2F0D0BFD70611EAE408EE73
:10A0B000E7F533170C0BF915F4E1F3AEFC0EF901DB
:10A0C000C910E8A8173E2D0B15F9270DB6CD108144
:10A0D00022E9CA1C010A1FEF6401D1E812E715EA60
:10A0E0002F1CF1153CFEC039008E463C11D600F302
:10A0F000F70CD6FF04182FD214F0045A243DE79031
:10A10000E4ED46FA2BD8D61E1BF01715E216268969
:10A11000AD08FDEDF9E92ADB17D3151D2509F20974
:10A12000E83D09C9E5C4DC0312290703C441D50988
:10A1300006274607DB03EE17FDFAFD0BDA44BFE501
:10A140000DFB1CEF18FB0F4D12DFBDF5470A043164
:10A150001E2924F3F128F1FFCD0504C6EEFCE681AB
:10A16000E104E4BD0B5C3433F7F43CE4FBCF26029E
:10A170002BF41D15E314F2306300E5060AF31422F4
:10A18000ED0406FE48F423F5150A0916F416D2C9A3
:10A19000ED04E223A22400F5E68F0D0E223605D051
:10A1A000ECAAE40F001FE32E0A1820F5FBEEFA00DC
:10A1B000B1E7260C03D61E11FA126146220BE755B1
:10A1C0002E22E0B32501F6FD310F0C03F2F6361214
:10A1D0000F38FDEDEACEEE0AE89D0424AFF79A525F
:10A1E000D2D0BA0E41F02D0700EDBBF574FBE6119D
:10A1F000D236FFEC2EEBB0EDEF1DF4BDF7C081E2DF
:10A20000E5F2FD012AF73109FAECE6140CE625FF28
:10A210002514D4F9FDF7ED01F973D4ECA3FBF73E57
:10A220001F38EAF5EFED0D1EF2E2B0141D0AF8D565
:10A23000E65210203010E7DDD1C319FDFC1606DF11
:10A24000EDD4FDD0FA1ADC2AF6E4DCE9F7D2492590
:10A25000D8AB161C462BC7FE14BF3E0A214111FB8A
:10A26000021516D81CEDE6F0EC2CEEE21E4EE5FAD7
:10A2700042DF110115E4431DF2EEE664CE2BEE0140
:10A28000E104F5A7DF00E8D3F42018240AFFE20B6D
:10A2900008C3220F3AE40201152DEF10E5FF102A42
:10A2A000260F0409F79F0216B3FD04AF1304EE4313
:10A2B000532F2708FBE1F6F0E5040A072BE9072CEA
:10A2C000D49C07DBEFFCDBFD0209150812B6E8FDA4
:10A2D0002309BB1918DB2BED0007DAD80BE8141D96
:10A2E000F00A22CD35B50AE80ED8E1280ABF16F6E5
:10A2F000F5072A19F0E9D6E8FB2F2ADC120C04FB3B
:10A30000EEFFD717F1E449D8FD06B11924F332F571
:10A31000FA00030AFCFB104AF32D1C18F2E5060DA7
:10A32000F7F0AD07D8EDFCEFCFCFE4FCFBFFE3E3A4
:10A33000BBFA06F2F41E7F112A2110183081072281
:10A3400000E61406EC101CD506CFFDFC0A12F5F74A
:10A350000A1EEA120A001006F70DF5FC22EB0F1197
:10A36000E4F811FAD0E5FDF5B2050DFDF9010B0C8D
:10A3700010F8100D2DDAF0000510DAFDF7D3F11307
:10A38000F8DE3507180222100408F31F0EE4FD0A58
:10A390000B39FBFAE818FB090618F9F82BF9DFEA84
:10A3A000E7F51F22F60ED20DE41805FDF101C1FA02
:10A3B0000DE502CEEAF2F6F238FEE5A2FC1A1ADD4D
:10A3C0003304F0F401EAEBEDF1FC0610E30DEEE7E7
:10A3D00002F8FD0BF2CAEF20BDC4DD141374EE21A8
:10A3E0001A040EAAFEF0322D01EFD0121FB014DBBA
:10A3F00055DB14C6DC13CAA419D80757FAC90BD207
:10A4000035E605ED2FC0E302CD0FE0140726DB068D
:10A41000E9169FDCFDB131E8FBE09D45BBD35D044F
:10A4200025BA7DD21822D43936E3E0C315F91302D8
:10A4300084EB10D92B1197EF01170D53F5B40814C5
:10A44000E5532742A0A5037E0EE1E5F7C27912F598
:10A4500004F4ECD0A10223187FDCA59C09D362117F
:10A46000313393E359B0CFFC29D3DF1B0BE6D40D76
:10A47000F906FEBC0200E3B6CF09C61DFCB02112EE
:10A48000E4F99BF6FD180801F9D34031DB33C6F03F
:10A4900098F5D8C5DEE92A206FCBCCDD2ED129D0A6
:10A4A00041CE106B5247E4E414EAD4DEEE9EBA1FAC
:10A4B000E715E1FE0CD1E8E0150957B3EFDB16F61E
:10A4C00045FD833CE33DF236E9E93EF6EE4AE3081A
:10A4D000C7B209352AEC2860C815E1C8BFF321AA24
:10A4E000F2F9EB0BF5BCA61517D1F4AEADF5B42E11
:10A4F000DED53C42105CB7D8CCC1A7DDF3EA81C8F9
:10A500002D340DF3941FE8FB32E76216CCD7F1032C
:10A51000CFC914F0F432B2262311E702FECD14EDB8
:10A520000C85E8E802CEEA50210721438915E0C5F1
:10A5300029DA4825CE0AE31B110A24FAB8F62FBB04
:10A54000E327EBF5782220D9036B01B2EDFB220A59
:10A550000CDC2AE9DAF30BE0D01DCCD408F2FB1CAA
:10A56000A8024D06F0FCC21DDAEC3A6C1E1EF31D6B
:10A5700009E808FA0328310A28D9C4F1343002DC8A
:10A58000F90FE71E0DB4D0E08135383FC9230F081D
:10A59000F3F9F732045F25D90807ECFBFD1010F73B
:10A5A000DED20503302AE2D821C8F7F7CDDE21F349
:10A5B00000C23FFBCE01D5C7E39DF71BD01521F8A4
:10A5C0002B171ED4DD1AF902CEFEF6DE41CCFF8B2E
:10A5D00048C9F6C4F6AEBDD530D4EC0512E4CC05BE
:10A5E00020D77FF90EF5EB010899E3212AE9EFF571
:10A5F000E424100AC02CDCD30F0F981FB0F21D8189
:10A6000011E12A1FFACCD2C710BC2391E62F1BC33D
:10A61000FAE70BD2E4151CD03A01D92EABF0F0309A
:10A62000F7E152B1ED06143A2BDD1218B7E367B12A
:10A630000F0D1EC7F3CF176423FBD612382923044E
:10A6400044D70CD71F9AE824EFBABCBE14B0DEEE94
:10A65000C6E1EFCCE04BA150F6CEF4E2F8E5FCF910
:10A66000F7F519C0D42E6303FC20FA1018EE400051
:10A670002C08EAFB0926E41419314AF0C5DD20054F
:10A6800011EF1DDF12D5E3E3AADD18B127DFF7D9FB
:10A690002940ED12D6F923E8E8EB0E0DDF15FAD6C6
:10A6A000D5E0FAEA12C1E0FD3603E3E4E5D1F41A9D
:10A6B000CC9913A616EBEB06D4F3F449DC1DEF3569
:10A6C000B3F4CFEDF1D5161915DFCE1C132526CC2A
:10A6D000F231FEB2F905043000D1F4FC1FF7121E6E
:10A6E00005D2DD363581EC19F3EBC5F80F15DD1A0F
:10A6F0001F1C360902F7000FEF9407DD101CE5D789
:10A700000E1F038121FF1AF7D9FBE99FF919109A4F
:10A710002CDE45984914E3270217EFF6FCFAF017F0
:10A720001FED0EC810E5B51527E843E00EB4DB2297
:10A7300013FFC41701F739BD07F2F0FF172A02BD56
:10A74000C3F90B013E9FE31C18DDFAF3ED06E0CCE4
:10A75000E0ED35EC1A18B4FDF14CE82AEFE8FF29DA
:10A76000DDF7DDC4EF260AF254DCAE3E0611EBFE47
:10A77000EF01DE26EB3D3053C807CC0F0D1CF5F87A
:10A780002928A2D8C0D4010AC0B2A4020FE1160B36
:10A79000E208FF01E764C4EA270B09FFED0EECE1D4
:10A7A00024FBF4FF0ADB23E4BA1404D2C6F7F60B49
:10A7B000541E0E271406F0CCDFE307DA02C02DEF9B
:10A7C000C5F90506CC814904E8FC03E310CDF5FF8B
:10A7D00002F61521140328EB01EDC7D7260BFAF476
:10A7E000D2E53EDD1E9A340A0405FA1E15F0F9EC96
:10A7F000EBF5FFF4DADC0BD6CF1926F30718F40DCE
:10A80000B0EEC9EE0CEE271CCBE2B63933E93219B3
:10A81000BF250A1027222C5B2323170DEC9FE5F69A
:10A82000BDEACB12E5EAF4F5D3E0EAF9EDC4C20DD6
:10A83000D60A00060C1C0541FA05E9E7030BE2FD08
:10A84000FCF60303F20C1B0EFEF821161012CDF4D9
:10A85000F912DE0105F511FDFCF711E806F7C40A4F
:10A86000EE16ECE6F9FEFE3DE0FC0DF912FEC7EC3B
:10A8700018DB0D26280B0C1A0F0ED4FCF30AE51B6F
:10A88000FC270DF4E405EFD21937F20F0103E9FCC0
:10A890000A29C5290EF7DAEDD3E9F800191624ECD8
:10A8A000EA190930191B11C2EDDFFEFD01CFF5E5F4
:10A8B000EDFA060DF917EE0F03FAF081EEFF0D0920
:10A8C000EFEB0CF5FE151608BAEC21DCEFF20BEC01
:10A8D000E9E7C8F5FE18FEF2170FE51E05041F494B
:10A8E00027F9F9191602EB2D0AFDE503FEDDE30554
:10A8F00066DCD8DDC4D1D0C8FFF30AF92BD3F375D9
:10A90000F0C22A12FD3E81C507D8E03727B8081FDC
:10A91000F02A0004E3F1EAFBFA2DD5EB92E709FCFB
:10A92000089D024436E432BEF8D9DCCB03D751DAB5
:10A930000DE803EFBCF6F1FC5005FFF1F70FE9ED70
:10A9400011080E4BD3270E062B00D5F4EE0A06078E
:10A950000FD3E3F53C9C316FD7E704040C49E6457F
:10A9600024F8BDFA45E5DDE1E5D0D1EB10EB2DE8AB
:10A97000D0160D22D6513A2AF3C91EDEF0E4EC06B9
:10A980001807EFD2051E16F2031DF9F0E1C94AD3EC
:10A990000529A8D9031A09EFF31BCCF6010BDFFD3B
:10A9A0001DF70C1C142AE1E939D12D31F99EE21A68
:10A9B000F521E210EBE8FBB40FEA093D042903DBC3
:10A9C000E4811DE9DDB0252F02E9DCCD1313F7EAA0
:10A9D000B6FD160AF236FCCA13F30921F0DBF225A4
:10A9E000E02CCBE0E403E2D432FADCFBD027F4F72E
:10A9F000FC16E3040ADE041510C9F616CB2AE6E6B7
:10AA00001DD3E1F5DFE8CDEFDEF3CC3CE9E8E5145A
:10AA100007242AFE0610F6ED133018E8DFEFC615FE
:10AA20006612E4B10FF6FCE23D27F21CD2C00E40E4
:10AA30000272F911112C0704BFE9FB5855C3D34426
:10AA4000CBF202CBC6E93C061215420DEB234DB109
:10AA5000EC0B43F6F70500E9261EC5391F3C81D2F1
:10AA6000072F5310273116A41ADABCEB05CBE5FAF1
:10AA7000DD02CB1BE5253C99FCED0AC7ED53BD0378
:10AA8000F3D2C42447F622FB373014316A251F5312
:10AA9000D1AFA41EEDEDCA4CE72F0943090C2CB928
:10AAA000FCD2540DF9363DFCA6041D0DD01EAD1789
:10AAB000FB6FDBE8ECCD649738F5F48118C4B21A6B
:10AAC000F8F812F65BFDEFE8D4B1E608FCD4F7F035
:10AAD0000A3F0DEC0A112312E521A2F3061EEC0732
:10AAE000FE1115F0DB06FF01FD200015E0D1120478
:10AAF00001F5111BFFF9DDFCFEB2E5F719F1DD02EE
:10AB0000F9E848EC1315060ACCD8C916E7D0060AAE
:10AB10000910FD1417220718FBDC15F91F0A14F49D
:10AB2000DEEDF60CEAF3D3150528FD0510F2C12A77
:10AB300014D814220712841020F4FC93D8F706CFFF
:10AB4000F422CD07F72303EEE411E72505FDF4D742
:10AB5000311700184AFD06030DEC03F614D5CD1F7E
:10AB6000BBD7EAED33FA22FED82ED81E2CF0E9D658
:10AB7000E4BFDCE11C1317C66804390A44E261062D
:10AB800038F1221DD6E20324791F3F0ADE21FF3669
:10AB9000D8142B30F5D1E4D61C1DD2EA02FC06F302
:10ABA0000CF3D6E2E9FFFE220CE910D0E12EE039E9
:10ABB0001532363ADEF21EE7D89FF0FC401D0F0139
:10ABC000D424E9F1EBD5EDFDEDBB0AD8E8DFDAD20C
:10ABD000640C2B17F91211CC22F30C151BE9D9D0F8
:10ABE0007F0B1BF4A7B5DCF0EC2D00FBEDE6CBE012
:10ABF0002D4F1AEDB8FF93FCF11FEBCE1814DD1AA0
:10AC0000301FF7102A09460AF803CEDA070FFF13A0
:10AC10001CF8030CD6DCF7BF16041FBE0EFEF12491
:10AC20002007C4FF1CFBF634EA3033D4FF18F8FBCE
:10AC30000F0CDE13E123D5BB01F5C736ECEA08F2B1
:10AC4000DBC643DBF72DF1E536FCFD0D140EEBD131
:10AC50005B1F094BE2FEE10BC8BD012915FF3E0257
:10AC600022261E2F13FC1CCDF4F4ED09F5E4133A53
:10AC7000EB0319323134C9F7FE180F84312617DA85
:10AC8000FCD7FBE30113810FDC0AF015DD3EBCECC1
:10AC9000F8151024160C01F9C3E8F109D700ECF9F6
:10ACA000EC1BDDC4FC00ECC200E7F5EAC7DBC8081A
:10ACB000D208168137070A136CDC0310FF09FD9CCC
:10ACC00006DAF6100BFC10D9D9BE0C02EAECE0AAA9
:10ACD00021FDDDE2E2E0EFB8D1C22DDC1BD49FE123
:10ACE000DDDAEE1C64EAC31AEDF8D8EA0417DD9C3D
:10ACF000EEC517020110F6F7C19C5C39BFF118EBE5
:10AD0000E9D90AF1FEF3E0F623E10FF9D2B6F20D2C
:10AD1000F715B3F2F2EED85BC811100192DCE6240D
:10AD2000A4C826F4DCDDFBF919D920FDDF20F92CBD
:10AD3000FF1DCBED220ADAC427EEDFE0DFDF06EEEF
:10AD4000FE0012B220DD2FC056F009169EDF05ADC1
:10AD500026FAB5092DA1F6D2FE17D812D70930D799
:10AD6000F5F6482F2674C2EC318C1C221999F4F99F
:10AD7000C549EF18E90FDCFD35DF0737BA052F931A
:10AD80002CB91A432BEEB7134EE6EDE1F4FEF3A611
:10AD9000E0EECAAB19F560D30AE2E742E8BDE8503D
:10ADA000F325E4D3CDD0BE2629171713E2112E8147
:10ADB000E95141C89D9CCE3BEFE9E4EF130CD79ECF
:10ADC0000EB74517E1B51B5117C1851315D10537CE
:10ADD0000BEE29A42135C6CE1AAD2347C11AEC2AA1
:10ADE0002E02E80D0FF9E7ED0E0688001146DD048E
:10ADF000E6F52703330ABB2A0F0B2E3BF60ADEC704
:10AE0000FCCAE8DB00EAD78110ECFA32281D1300F7
:10AE1000FA6252EEFE00DCDB20F2ACE50642D4F929
:10AE2000D2134F4A3DD8019AABE3FB16FD16DACB9D
:10AE30000DBF032101C1E8B55AF505C1020E660038
:10AE4000F61215C3281B040FE9EDF6F71CE6270CD4
:10AE5000CA0EE2221016CF17E9EFEF9F18CEF303C8
:10AE600024E214F7C7050817EBC52001E70502D552
:10AE7000FFCFA44FDC1DCD21AFE806EC0BF61D245F
:10AE800012E9235617FE03D90110C91743D3E5E38E
:10AE9000020F8EEF2321DFDAF7F5EADCF107E5F2A6
:10AEA00011361275EBFCF1F7132BE7E50500F2F50F
:10AEB0000719CE1DF6FFD131E50C0630BAFF05B3F8
:10AEC0003EFAFDECF1FDF20F22BB02DEE5FBE9FDEF
:10AED000C6FCF7EF1AFFFCF3FFC6F1281224131E7D
:10AEE000F52D25370201E71EEE1AFAE9DC49E88163
:10AEF000F70EE7CB0E0D07E9F2EEF9FC164202035E
:10AF00001C0FE308F82B06171C07290FF806DF07AC
:10AF1000F7FFEF0404F31003B7F0BBEAE0E902DA4D
:10AF2000D216BE0F2C22FFFAFBC8F4E1C9FADD02EB
:10AF30000DF3F419C881E612BFFFD5FE11F743DC0B
:10AF4000DAF4F0C7090D55BFF3D605147825BCAC6B
:10AF5000A94D62383BFFD8350BB7EE1043E5E61438
:10AF6000080613E934C6D7C41F01EAE1E1D9CED1FE
:10AF7000EB0A9C2EF9F717040EE42EFFBE0AEA1224
:10AF8000F2041BCA21E00302D3EA6F1C28F91EE376
:10AF9000E203F9E1F7242C08F10621040209E7C3D2
:10AFA0002FAD1FDE20CB17254AA119BDEEE53100DC
:10AFB000DAEDDBBDE727C9DCF6023EDA2CF1F9F267
:10AFC000DE14DCF532EDF9EFE52B9AF3173F040DB3
:10AFD0001CEA0FD71E1AD6E8E4010909E304F000C1
:10AFE0000D3DF12AFEF2D71BE2F021C71BFCFCF954
:10AFF00014B0ECFB0524C5EB270217B6080BE1E201
:10B00000E5072D041800E3DA0302D42908F0E4165A
:10B01000100E0CE3E6F3F100D8FEE7E3DA162D1E7E
:10B02000E810E846451739A9FF27EDCB3FFCF5109E
:10B03000DB35CB43FFE203F9E9071081FDEFF9E7C8
:10B04000DDF2E2F9180618DFE70A1A08CA27F30149
:10B050001FEF5F0AECFB300D0BF803D81823EAFC56
:10B06000031810011EF1F81D1F07F532EADC0C0170
:10B070000DFE0117EA7F000204FFF4E9F7DF04EA9E
:10B0800011FED7EE010EFAD9E7EEF218BB06ECE698
:10B0900018070BFB020EFA28EBD50A00E8FEE017B2
:10B0A000EE1B050813EDE0F9CF1702FE10FCFDEFD3
:10B0B00009E7E81D1308F7C6052B19220814DD0857
:10B0C00000E8DF060728181EF2E008FCE90C020E73
:10B0D000E2101FE6240D06F8F90BE0F5EEF7FBFB96
:10B0E000FDF331EB0EF7052FF8EED3060512FB0545
:10B0F000FFFA02252516120C1DF8FCF7D00C17F7E5
:10B10000FDEF04F4044DF204ECF5EDC0F9E1137D1C
:10B11000DBE8E509F8F6D725F6F809052AF8E3F79C
:10B12000F0F5F0A2D2F924F2DD06FBEC0D171BE2DC
:10B13000DE0049F915FA020F1C07CB3F1F02FDEC98
:10B14000FF172CF3DE2810F0F4D405E6F1F7EDE755
:10B15000F711FDF5D12828C30FF4161A0FC7FD0308
:10B160000BEF7F2D1AEAED14BB0C2FDB17EA0EF55F
:10B1700016DAFA19FAF208F62C110B170C04E3048C
:10B18000F4062F08E813EB1CEFDCD3F90E1CCEFB02
:10B19000F60AF202FA8505AED3C00F1E09191CFF8C
:10B1A00037E6D7A3D7E60901E9EFEEB81AEDFAE2E0
:10B1B0002EDA0DDF38E0B7CC07FEED32050523BEF1
:10B1C000F5F60A02FA810C0614E629D81E1E191C8F
:10B1D000160FD9E8FF0124C213F9A60558061DBFB2
:10B1E000C3CC1DFA0199D60B07EB11F3001C00C567
:10B1F000A7142CE6D909E3040B040515F3E4FA0EB1
:10B200009FCC09E1F9C01E3BF0ABD22D48EE3BF0DC
:10B2100010EDF01EBC03FA570301F2EF01B642F045
:10B2200001F705CEF4C800E9C9B2E92A07C6ED3F27
:10B23000EFE8F9B7DA490D2929E7F00906F01039E6
:10B2400012E4EDF814EAEDFC11E8D50FFBDAFF2368
:10B250002429F934DF15DC01E9F5FBF9F3EED4F824
:10B26000AD24FEFFEFF118F18118C4DD18F90AECE6
:10B2700013ECFDEE2BEF0020CA10DEF716D4E6111A
:10B28000163EE7000B00DD0DF12BDDF5C1E8F709F7
:10B29000E127EEF61D101C11E9E6F6F0131BDF0C9A
:10B2A000EBEA094D150DF5E1EA2B33190FF0FD0519
:10B2B0000104E701F2FE1F06F2EB1FD0F31108FABA
:10B2C0000B060D001F00F2F4DF08F1F1F9DF16E1C3
:10B2D000E206FF230A12331B032F0ACD27BD2111DB
:10B2E000DCD9EF27F8CAFE55C2F3EE4408EEB306E8
:10B2F000F2191681D4F219F54BD24102FA23E499DE
:10B3000032E6FC0A120ECEEEDC2D34E8E30F00C06C
:10B310002426CC02F2F7090FF3134EECD8D81B2CDD
:10B320002ED32AF2FD0D180611FDFB06190CF2ECC6
:10B33000E8F2503B2BF8130C11260616C76E2FDCD3
:10B34000FFFEDEFFE00AC6B626D9F123E830DB01B6
:10B35000BD08FD12FB102C1407E723DF0B02F034AD
:10B36000EB31EE12EE03EFF71300FD1316FAF401C2
:10B37000E413CD0F11D8E3D31B0B400F35DEEA0DDC
:10B38000B8F8212EF6C41817B1EF0814FE15E1BA6B
:10B390000D23FCFA1F1737F9F5FAEBD812081F1323
:10B3A00021F9EEF40A051203AC1210BFCCDE201412
:10B3B00019CE050E2B1AB00B060B93E4D7C8D13764
:10B3C0002181368FFE2206ECF40F1743F8EBEA11C9
:10B3D000BE0323DDF0CFD81F021AE7EF1520F9399D
:10B3E000FEF2F3B1D0F0B6E9CBEEB7EED11DD90B3A
:10B3F000FDF4070A08E025DB14DB00E9DEF8D9DFFD
:10B40000FA11E4EFBAFBDC151C3208E6BA16A3C247
:10B410001A1BF31203C508EBCF192212FE090CFF09
:10B42000AEB50D5EDF1DE01217232862A419E4D526
:10B43000E5F0F6E226F6FB110CD5FE33A2E007D4C8
:10B4400022D1D2020E411705EF5DE5FFDDB65A5A53
:10B4500000D7FD25CEF3DBBEF22931D8810BFC509D
:10B4600045DF500AF013F9BEF1223234ED1FF52EFC
:10B47000D3EC04E167060A050F00F1CFCA0F0FB63F
:10B4800024D4A13DD230BAFBD84CE8DCC8F0CF427E
:10B49000F499A21215E7990A09DCF407F706E6E227
:10B4A000DEEE19FC6FF098D0BA1438EEAFD12ED77B
:10B4B0001CE4F2E1D1E5EC05182A0C0FBA3D280591
:10B4C0001381F00B20E319EAA417FFEFCAF8E5FF98
:10B4D00003FC121A13FD1EDE24D8D8DF468606D2DE
:10B4E0001425F30801BA4700EA3DF1F5140ADF6AB2
:10B4F000070D0A17FC2C0F2E500600FB1314FD1924
:10B5000051A244C103002001C90A2907FB41F1905F
:10B51000E9FCFDCEF5D0FD06F0E2BFF62404F639D5
:10B52000F6EBE5053EF8BEE5D158E1F3F7059503E6
:10B530002A35EE05F5DC02E41815221BD32B98BB47
:10B540004C00070CD6F206F1FF62140B1506B5F499
:10B55000E9102B10D6B20108A80F11473403F332BB
:10B56000C9F5281EBF07FD33CCE2C8E954B5F0F396
:10B57000CC3C8CDED8FB50DDE7142E1A3AA5FE0831
:10B5800003EA22EDDDD00D10DC2B0DCC0CFCE02A03
:10B590004AD338FA1D5009FBEA51E20BDDF00FCB1C
:10B5A00035F30896ED0E36F62B230F0B507F322E17
:10B5B000E6131F65FD0DF6F214FCDADD3AEDB72255
:10B5C0004334E4E6DDCCA739CEE1BF30BD10A10C99
:10B5D00056161203F4E326D6271AED29E6E3D0E83F
:10B5E00004FF57BD1BC2C4EDD11119E1CEEDC2D687
:10B5F000C8AB1EB3DFEDDCDBE723F4F30415000F6B
:10B6000014EBFCD9F923181040F9EB19C2C1ECCAAC
:10B6100033FE10C3F4F616104F04BEF107FEDABB7A
:10B6200008E819F87F18F1F20AF0F53922F004AAB7
:10B6300004150608E81B05FDF38C12EF1FD8F4F87B
:10B640000B06F2E6F0EEFA13F62E1EE1E831EED923
:10B650001300081A15BBFF031D0D3B3D101FE4101E
:10B66000FD0701E3B8D70A03461BFFEEFAF1EAF83B
:10B670002605CCF50287F7621FD8F61B99F7E62658
:10B68000ED20CAFD1B0BD40FEEC8CBFBD7EFFC0E91
:10B69000240ADB1220223F31C7121C2CE80B0EF9C2
:10B6A000C6DFE32FCCFDA5BADC1E15072F0DD9226E
:10B6B000052CB4280EF8EF07DF810AFED54CE7030E
:10B6C000C8ECC9E9FE0907E8EF1F551604E21AE7BE
:10B6D000FDEEEDDD18D8060814270FC0F7ECAEEC30
:10B6E00007BD30FFC6222239EAF2B1E5DBC9EFE03F
:10B6F00018181EDFD0D723EC2004ECD9D5FF11D8C1
:10B70000C4E527FD0502E7FAEDFADEC200D2E84EF5
:10B710008AE3B728DBD4431ECB2D375AC0EFD8F5C8
:10B72000E5FA0425E20AF715151A0AE3F2E9E7ED4E
:10B730002321EEFEC5CD0303E8F301110F0110D262
:10B74000B9FF7514F7C0E028D704D848E91A35F0D6
:10B7500034E6F31DF711C6C30EB1F21012F4DDEB9F
:10B76000F5F4D9A40EC518B1C00D2AFB09F7AA201B
:10B7700029EEA74412E83A7F22DDC2C1E00F15018D
:10B78000D0345C2A20D2EF030A28162E39FA47F467
:10B79000F00D950713C5E8DFAA24FE1F2C4117F60C
:10B7A000ED34DC49F62200C8BCA00F21C3F3080F1A
:10B7B000F4FE282CF500F948E0F3DF382DF1FAFB10
:10B7C000DBF9C8D7F414EDF9E3ADF7B6B9B009D297
:10B7D0001DC0ED38FB25E7BAF4EAD5E20CD5E60149
:10B7E000EBF9EDECFFEC141CCAC70D12231845F061
:10B7F000FA09F8000DC4FA16F2723000EEF50508E9
:10B80000FF093EFAF0D60136F8EACA23F1FDEAD084
:10B810003102ECE0F60BF1CE23D8E0070100EAFAA2
:10B82000FAF936D9FAFC021042DEFBFE0FFF2A4C71
:10B830000C16130C0B1DFAFB27F5E0FC38EE20F775
:10B84000FA06ECE9F6EE010EDCCAE7C916CC0C11DB
:10B8500042F703DCFF3081EE1CD806AC07DCFB1698
:10B86000E3F9F5BCDA07EDE0E515145E080AC90650
:10B87000FDD11115DF20E9D0A2C8F0ADFD11EC2BF0
:10B8800004EC12DC0AFB231DF4FC33FF0EC40CEEA7
:10B890004A03E29CEE33B11505FD19FFDAF315D822
:10B8A000D4FA08FFF6C9F9EB01FB210D13ECC90E20
:10B8B000E80CDC00F208FF0F02CE152E2EF1F3B2D9
:10B8C000E80A27DF3BBBBA5222D7EBCBECBB3D02E9
:10B8D00092E70DA1495EC0C502FBE351FE0E111CAB
:10B8E000B9E40503EAF3FB46FDD3F605F23A06E7B1
:10B8F0002A1108CB9FA21403ECFDCBADD908E82296
:10B900001DBBBBDE1A99302ADBD3812954170432C0
:10B9100001FC21E73508FBE8ECEBCAB1DCECBEE248
:10B92000F3012703261A2BD4D2180D2412C5EB04D9
:10B930000D290814F00BBAC5DA5D0C1BBF46F81DC3
:10B94000DF16E8E0C1E3EC01EDB3EEFDEDD311CD80
:10B9500014142316E4FD28F50481211DF714EDF7D6
:10B9600005EE2CEB2601D40A06DEB1D4F7B2F5EFD2
:10B97000E6EC0AEB6812FD08F4F95A2DF0042008F1
:10B98000E0EFF40503EB0917F228EFD61DE81D0FD1
:10B99000275114D3F2D1FA0AE10522FAD0C5B53302
:10B9A000AFCD11FA381A06F61E18BF24D90D2B3B5D
:10B9B00040BEFC043A06FE0275CFBEDF0AD688B947
:10B9C000503B000242F91A0CBAD8B0FC07C52E1F32
:10B9D0002800F331E81E26E3EB550E21DAD0E9BD4D
:10B9E000EC2DF41DECDBE613BDE6CDD5281A8DEC6D
:10B9F0002817C107ED22183EEAA5AB44D02A420E13
:10BA0000210879A3391FF9EC3ED2E70F04F1DE25B6
:10BA1000C83FEE031A1510D6071FE04C3A04F41184
:10BA2000DE20E1F0DD12F412EE9B180AFBA72E2CAB
:10BA3000F3DD11CFE1D581BC06E90EFFE40130064C
:10BA4000F917BAE70AF7FD10F719DD56ED0491EC86
:10BA50000BADF05133CD3915DE15140611FF11155C
:10BA6000E10AECF9021401F602F8B5D3091CF4FF5F
:10BA70002D11260B27D2E6CCDEE6F0363318FC1665
:10BA8000FAEE08FB0EFC1A0DE60FFBFE19FD0D0584
:10BA9000F8F208F5FADBF21B12EBB4D1F8F728D371
:10BAA0000B0814120506E7DEF801F1EE1DFA1EF090
:10BAB000D7E8E8FCF3F30A0B02E2F5E50C18E4E83A
:10BAC000FA0200FA04E91C19DD141B050C2215F317
:10BAD00014F7FA2081E2B8FAFFE1D8B4F4051014A3
:10BAE0000235E8E5E8341DED090EF90DE6FF0D100D
:10BAF0000AFE158F110AF4FDF9E5FC1FE2E6EC00E1
:10BB0000F3FE081FE6090CFAFF1AEA1C1416D8FB0C
:10BB10000A0EF816EB0D130306EB1ED9D2F3190D1E
:10BB2000E324E8F8CDD7FDDDE416DAFD221302F8B0
:10BB3000EE250FFAF8E4FFEAFF261D140624EEFEB8
:10BB4000FD370DF6DF22FAFD0FE8F0EAE8F7F1EF36
:10BB500009F22AF3F6D8D50601EDF30DDAE702096A
:10BB6000DFFF1C0B39F5EA09E00504E6E6FBED8191
:10BB7000BD150FE7F4DC2DFCEF091E0CF51806F9D6
:10BB8000F7E3F538F7FA022E1B1D09DCF402E11386
:10BB900009F9EEF1FAE711242320EC1E1D07E1FB61
:10BBA000F5111EE88FED51F60CF8592001E9F10D61
:10BBB0001FE2EF09E20FFDF80516EDE9FA0AE2D6F9
:10BBC000FDF8ECF2FEF3F407F6E3F5FBE1080D03F4
:10BBD00021F9CE340AF1F3142714C520EDF0FB1837
:10BBE000130B40FB24E8E7E944FE0B101BFB090E96
:10BBF00002F6D214FFE5DFE6FC192728FC15F2F760
:10BC0000EC0EF817E11E021F01A1FE01F8FAFF0A6F
:10BC1000E1191CDE01FCA31CF403FF8105E8031AF3
:10BC200000F5FCECECF3EF07D203E8E1BAF1F30125
:10BC30000CC5231CD4071011C0EA0D00EB1F00E651
:10BC40002F0F25C6DBEDF6E9FB062D0D15FD0CEFDC
:10BC500003D404F701F0D8070C0608F2F7EF141725
:10BC600001F3210E11F9E4C02C072908210802F480
:10BC70001D0ADFFAD71E1200EEFFF72F090ED3AD13
:10BC8000DDF52AED0BE0DD0040C9E9FAFAF6D3F75D
:10BC9000ACDD088117FDF10D2525F309EBCEF2137C
:10BCA000CAE80FC805F910130908FE0D10E229FDB6
:10BCB0001318020A95E10B11EADBE4BF0BF302143F
:10BCC00014B8E22723C736F9E7FDB10F2314E721A3
:10BCD000FD2101DAFCF601135F36F6F83CF4C408E6
:10BCE000F3CF43FEEF04230BEECDBD34DBFCF802B3
:10BCF000FAFA5A1DFCEC77200DFAEEE71AEDC6E5CC
:10BD0000C825F8E937E213F0ECFFAAD511F5CE4CBF
:10BD10007FED06017134E20AEF0891BD14E81B2B98
:10BD20001200E1021EF03E980B1006333F1D2DDE7F
:10BD3000EC32FB1219CEDC08E358E2DA192F0FECD3
:10BD400002330A18C346F1D6D2FC1AEACC4DDE9F64
:10BD500028D2202CD2F41D4128CACB0EDA00E809E3
:10BD60000E5EE5EBE107E7D9D30925B6B4F20CA8DE
:10BD7000FFA6E90914F7EEE43B04EB08EA0A2340C6
:10BD80003802CB0BC4EA200BECF8E01C220C9EF22C
:10BD9000E9C647F4E5F52CFB2ED6F2E95591E414FB
:10BDA000FBCF14B133F1A9E2DAFA4081E726F22F92
:10BDB000EADCBFF830ED0DD9B14DF4B6CE13374300
:10BDC000E03F22FFFBB4D3DFFF0DE043FF12F8F6A4
:10BDD000F016D01727CB09BED95BD4931404F3C94E
:10BDE00019EBC2F5453D70E42B4BDC1D5E1748E2B4
:10BDF000F3F70F0CF8222FE008F5E72B303F4E0B3E
:10BE00001515E90BAA080CD9CCD06EFCAD23D3A232
:10BE1000D2F8FAFBB01C5C230D2EBFE2E7D7064038
:10BE200060C4BA1A1C94090245E3F744C51CCFEA62
:10BE30000BFA21EDC202E2CE1AFD151AFCCE01ADBD
:10BE400001CBFCDD0EC98F00DEEA0FC6B92208F473
:10BE5000C40419FDD2C0EFE4F0F6B4D8C4BC280481
:10BE6000F91D26EFC7ACBEFFD93408D81704FDCCA6
:10BE7000E2C7BDE507E145F4141A390BFD5816F683
:10BE8000EF0BE907F0D7141924FD257FFD072A23BE
:10BE9000F508E8F40DF46E50F5B00907F64C1736C6
:10BEA0000603FDE06B1FD22135D8D1EAF2A6F8EDEA
:10BEB00028EA471AF16EE95DB9AEDFC81C4BA40A47
:10BEC000FD1004ED4D131E0946D1D0FEDACE042636
:10BED0003E02CD9D7C81E747E53C026E1116EF08DE
:10BEE000FE16E90F162B125919081BF8DEF406E7A7
:10BEF0001C5F00411AB4DFE41D81B008DDD3F49B60
:10BF0000F80F5422D4C0F62818F8EBFBD2EEF6F85E
:10BF1000BDD5F9DD25F927AA255E4621FBEC3D1D9F
:10BF2000015FF5D4E40D15DEDD20F0F8D2631FDAF1
:10BF3000C2FD140F9DD23C3EC50DA964F011F2164E
:10BF40001301F8FBEF9D1C62C7B8E8DB0224043341
:10BF5000B4EAEFBA45FA2308B1E6FDF9FA0B05F9A0
:10BF6000FFEF2BFDE7F2D9EE01ED5A0B060C19CCD1
:10BF700030FFC9E41748DBE4DF0F0E22D91A2CCFBB
:10BF800002CB4FFBE41418DB5ED51625C41E1EF948
:10BF9000F03E02D5C804E4DD28E6D51FDAC6FCADC4
:10BFA000FDE613F435C4EC06E0CBE9D8FBF511054A
:10BFB000D8D3E192F41B06EA021F0B190CEDFEF92F
:10BFC000B5CC01F3E6E1F46115A3052DE90F093EB7
:10BFD000F8E4FBCCFACC0F46FC001C82ECFE19FB0B
:10BFE0001EB9F6E3D1D242FA04EC810113E3FF1348
:10BFF00006192FB1F712EEE9233FE20A1999CAF4A4
:10C0000029C615171DFF0002C6EE160404FEECFF3C
:10C01000EF0A0BD9EE103D04FC480005FBF9C9CC32
:10C020000D0ED4F3340DC01D1B170409EDB8062204
:10C03000D2D9AF2B0F00EC01F7F4F3D4BAC3EB382D
:10C040001E0CEDFBDDC7F7070CBC09091FFDF2F75D
:10C0500002562E2EDEE8F9020CC51EE418C71D0498
:10C06000E121F01DF4C1F101090CB6E9FC1D091B29
:10C0700003E3DDFDF52DEA37CDF102EC81C0B80216
:10C08000F915F1E2DA0AED04C3C61CE8D8DBF8B111
:10C090001017E202F40FF202F01206E51BDAFB328F
:10C0A000301DF15806C1F20807F9003425FCE704F9
:10C0B0007F09F1CBE7EBEADA123BFF1BA5C6E20FE3
:10C0C00016F2F820CF29E5F2EFC30E03F2F1FA13CE
:10C0D00032F72005D2EBFE17EBF6D8DE8CEAD82239
:10C0E0000D3711F305A8D8ECF502ECD7F79EFFE366
:10C0F00000F41205232DF835F606211DFA2DE5D2A0
:10C10000F81EC914CBF9E202FA0F001BDE270D1B43
:10C11000E71EE2C3F9A22B36E6D50320C4ED0640A4
:10C12000160AC9FC52EFF1D4E8BDFBED05CC27FBA4
:10C1300008FF23F5390A152928CEEA3E141E1A6B8A
:10C14000FD020BF4FC21D90008A9F3CD44D200E98B
:10C150002D12EEE39BDED01DC0F1F6D3EEDCE26ED5
:10C1600001CF3207E227DDD7020CC10735D40DB964
:10C170001C05D1FA09D90009F246E228B6B46F09C4
:10C180002CF331BD004311CECBE3B891220F07FE53
:10C190000C141305EA22F004011FDB25FBBC0E9AE8
:10C1A0000C2D631EA9DB813C41BCD4C59EF70EF467
:10C1B000DE8FFEDC21A9284A39CFF2121C02654429
:10C1C00012EBE3FA5FC9F610EBC0E70018A0F6D354
:10C1D000C4E7E60AD1F7F028EB3D07F319E8F0F3DE
:10C1E000FDB6FBE3E22A33E511EA10E9B0E9EC47DA
:10C1F000FE2810DF15E81F2B0830E14C39FDB7D3BE
:10C200000C04CFDA0F51B70F37EDEF32F4F41FFA09
:10C21000D4EA0FFEECDAC3DC1A28E1E70CE5171BC1
:10C2200009E4C60DEC380ADE18F49907D03A090083
:10C23000FA30FD231BED7FCF3310DAE11405EEDC7D
:10C240000D00C822F2EBEF0C4BEE023CF22EBFE8E1
:10C250003BA90332039B194A260D2414D3E9DFDBE3
:10C260002C3A27E5992412E5EBD5F8FFC8FFFDB974
:10C27000A2391BF7BC451A10CB112A5A0435581C99
:10C28000CDF3E6ED0405980933C2A994DEFB2B1526
:10C290001AF4BFE40081FCFCF7E2EB31FCE079B674
:10C2A000FEF62508C9CE4F9F1F06091BCF013D1A78
:10C2B0002A651744AC00D4A35C24C8EC2935078E4A
:10C2C00034D16D35F5F7F7DEAE18B1E37D093C0FDB
:10C2D000C4DADAC3D3D9530E29C406C8F507C8ECAB
:10C2E000E8EC37B8D90BBB23C7F31A151EB3E1111D
:10C2F00023EFA9478E0F854BDDFAC926D43AFCF00F
:10C30000E2FEF09AEAE715AB0EEA25E5FFB52A0151
:10C3100094CAE4BAE4EAD1DA0C10242128C31E3509
:10C32000F6B8ED142BDF02D9CAFBE00D18F0D309E3
:10C330001E0A25E632F41CDC0FC2DB140BE1FE03FF
:10C34000070AF7DAE9F5111ADA1F68EE092615016E
:10C35000DCFDFDF7F8ECE2EE201AECED09ECDAE694
:10C36000D4E516F9000700E0D8F2050AD50FD2BED1
:10C37000112813EAF114EF1CFFCA022B0D09451214
:10C38000021AF9FAFA31F7EFF422E2C2E9E381176F
:10C390000625FCEBF2E2B7120A37083000EC06C1C2
:10C3A0002B0BF4FA1BFC080FE12010C2D719DF0990
:10C3B000D40C14FCE1A32F2B0BD605E3FAD41B16E7
:10C3C000D6FF00460C29E8EE1BED1CE0B6F4443421
:10C3D000531DCAD8F8DBDCFD8121DF08D4252300FA
:10C3E000052AE9F5A64253DD10FE096304A61DF7F0
:10C3F000F0F83504C5ED0DFE2010E935AF1605D86F
:10C40000F40F4BEC2DC2CAB51726DC02D8C0CC5EA7
:10C410001BF0A3F6E24EFBBF29CFDB28E8AD2C1CB6
:10C42000F60B290DF51ABBF7D107381118BCE3003C
:10C43000D81AD5CF19C0F004CE0C3E2BF01AE1C1AA
:10C4400025FF0E0131F0FB0CE4BEBA06F8D354F51B
:10C450000AC0D40A2B36E0A42D1F490B62E7EE6B0D
:10C460001ED8EE7B14BD09ECD7DCC4FEF0F2350F0C
:10C4700078E7F8DE14E8FCFDC03409D70AC6E6F612
:10C48000E96DEDA9D6F8FFF7991DDE21320B0225E3
:10C4900030DFE12F1D07D7F90F1CB303C1B3E5F35C
:10C4A000D6315CEEE8D20305052501240EEB051B11
:10C4B0002143D125F01911E0E329DEBD091807EC6D
:10C4C000F60D015CF708F6E08141FF2CF6DB12DE89
:10C4D000F9FB1017ECF2B73D22EF082501F814E440
:10C4E0002309E6E42DD2FCDFF4BDE606CA3EFDF5E5
:10C4F000D4294308E1E4FD05EAF1EFCDEAE5EDC812
:10C5000003FE00F804901205F90ECD08380EE1C8BC
:10C51000082EEAEC1B05D9FC040E0B1CA213EA083A
:10C52000E529E0150CBBD906FDF816DCE1CA03E9E4
:10C530000E29D0EDE4E7290EE69425142A00DBE568
:10C5400011FA0F01C204B10C0AE908CFD49D08FB0F
:10C55000F1043CEF2107D9100FEF0E36E40202E59B
:10C56000EFE1062C1DFB1209A817E3C407F1D8065A
:10C57000F508EFACEDD9FB0781CD0F0BBFACED207B
:10C58000E8DFE6FB0A0508ECE4280901E03CEB19CA
:10C5900031EAE4F90EF3F0CEF6F126150D01191B80
:10C5A000BEF51430000012FEAFD00118D50907F710
:10C5B000FD845FFD2BE6E9F1EC101CD6FD18E7F8D1
:10C5C00019EFFAF702F093E9F6FDE925F9E72012F1
:10C5D000FCED100A7FDED1FBED20EA0411200806F5
:10C5E000CC160055F78B06EDF3D4237ADD2BF1F34F
:10C5F0000BF4011801CC03DDCD361FCD1C4203FF27
:10C6000036FFAED3317034D1FBE12542400A34EB22
:10C61000E124192409F53333C0F1E702220EDFEFDC
:10C62000FF31D6DF9A550B1619E1E0F2E4414BC217
:10C63000BFE73DF8FC65D3EC1D17E9F3DC0693FA80
:10C640000A1CF2F243E41FFC23020B0115E4C200B2
:10C6500015E7EEC5C7DBE1ED0AEA460C1437F7E64D
:10C66000F2D5B3E90BDCCD2BEDFC26270D0DDD0A51
:10C67000ED13EF33FDE6F3EF2AF7B757E0EC0CF3D9
:10C68000FBE0D5EA0701EDD863C70BEB1C0E2E01CA
:10C690000D030E37F6F0DCF5030AD20F00E41A059D
:10C6A000CF0AF611F410F7C005DC0306F4E41E47C8
:10C6B00018FB09EE06F2942EEF0EFD1B1320EE027E
:10C6C00017EBECBFEDE3811EAA06E20FDE030FCCF1
:10C6D000E6DAAA36160D2B10C0000FE71320F3F888
:10C6E000F1F8011910FF0B501508EB27EBD611FFDD
:10C6F00012F1FE1BC50920EB0BDDF3E7F6EEDF1BA5
:10C700000415EBF70B09D5E5DF14DCFDFBE8CAFCEB
:10C7100009F3F65BF805F92EFC000AF5E3DFF61ADB
:10C72000F6251412F8CEC1F2FF58101E35F7EA10A4
:10C73000DC13C215FFEEF8E2C91D13E92610F9D487
:10C740003023EE2AF83FECB7F1DF2A0AEDEF01F4CF
:10C75000EAD63501FA181311FE06DF81BE10D20E9B
:10C760000AFE23EC3F26CB02EACF01EDECF212EDFC
:10C7700020E7EC1F011400F607DD1BE22C0EAAF2E5
:10C78000EAFDD2035FF8FDF70602A919F522261685
:10C790000DFB130E10100D43F4F61BD5C5CBE8F5B9
:10C7A0000829E9CED3EBD120E82D39D7F0FE42D6C7
:10C7B0000FBB29190AE7DCCE81F0D826B5FBC111E1
:10C7C000EB1B5C23FBF0B9EFE71AE438DEF10A1249
:10C7D00017F6DFEE20F5031AD7FF04542338141799
:10C7E000FC22FB04FE1F0EFCDE31F90DD7B50A2238
:10C7F000DE07F6251E2E93D3E8D10AFD290BF21889
:10C8000032FB073418E10246CCCCE9A4293A1506DC
:10C81000B8F1F7341F24E6090BECEB03010BF9F236
:10C8200003F03C19DEEA160E0AF01A22FD24E9FA9A
:10C830000500F3052104FFF3E80727EBFC05C2EC34
:10C84000E41ACDE3DD14F4EBE6EDFFF60CFAEB03AE
:10C850001E0D051C10EEEE4620ECFE0DEE06E1F975
:10C860001414121304D4CCDD1D0AFB0DE5FEC8041C
:10C87000FEF2D11B0EEEE8EA16EBDD0A25203106AA
:10C88000FA281309FA291BD8F3EF1003F3C60BC4D7
:10C890000D1026F1FE0EC201FDFF1E81D8E7F8F251
:10C8A0000EF51420FDFE172BBCC703FBEDDC07FFC4
:10C8B000F816E51B0104F6F7EEF6FFEC2313010270
:10C8C000F536E9C60EEA07E2DDE5FEFF02F0F93BC8
:10C8D000EFC7D704E8F7DF1004F71EF6D3D01CF437
:10C8E000F507E5D5D1EFB7180EEE0B20D82D12E8DD
:10C8F00012F10C13E9FDF1F2FDEDE90ADCD40CECC8
:10C90000C9E4D9D5E4FBD2F4EA13C3F125CB0DEF8A
:10C91000EDF203F0F43308D816E500270D0FFDF70C
:10C9200003E834F1E2ECE331E3FBE801E80C0DFF4E
:10C9300020168116F8D911F12F1A47FDE417132498
:10C940001923FACD05F1D71A0FD9E7ED13FED4104C
:10C95000F726EAFA28F8D4F6DDBE15EDF94406DA32
:10C96000D05510A0254EF13ED4FEF7BF46F42F124D
:10C970002FE70A0D34EB06DA1A28F7F7C57402041C
:10C98000EAF1FE1F0505E20FEBFA35D5E840EFB2FC
:10C990000FF3F51ED26F17FAD9F00205D521BCD8D6
:10C9A000C5060DDA2F19E6CDF705CB1F1652DF05A8
:10C9B000FE18EFCEA4E6E4CED6063E0911CB1770E2
:10C9C0000727D4D034F73E8D1CFCF88128130A1BAE
:10C9D0001230F02308F1C535E3EAFB06FEBCE90C92
:10C9E0009DF1AA16C91518FFD81D814E1C44F4F7F5
:10C9F000041AE3FE4FA6FCD115DAD403E9D9F9DC19
:10CA0000E9EC19EE29DF81C952DB3BFF95100EDE00
:10CA1000D313EFD9CCDE1214FB250ACD302E0F082C
:10CA2000AC0D28191924E59BE4F0E2021F0DFDD599
:10CA3000DB2312EB14F8D5F508E7ED120F0CC3CD8C
:10CA4000FA031B18F6E9C3D0DD2BE5E9C11000F4A9
:10CA5000FA14EBDE00151EF70FDB18BCD1F1D2176C
:10CA60001CB4EA43341A00EF460E31E90CCA082917
:10CA7000F50DA80305C32B2EF5ED2DF7D119F1DF28
:10CA8000FB961FF926F61B9F2DE8DA262410FFD807
:10CA9000E3DDFD121E2C39FBE416231903331CF5CC
:10CAA000F008E5CAD7550E33C534F617F1021F0555
:10CAB000167FE42A4CB5E805D9412A3D0214F01945
:10CAC000B30BCAD1CECD22F44B1A0915F058F5E2BA
:10CAD000F3F302F2FB0EE9ECFE31FA13194FF1D633
:10CAE000EDFCEF67F4160E032AC5D809EBDBFC1D3D
:10CAF000E80304D4F8350ABB09F9FAF603FC110B74
:10CB0000F107C9CE423FE7EDEBEC28D41CF8EC026C
:10CB1000CBDD1309DFF72B13C3EB19F2D3E0EE2DB6
:10CB2000DFDFEAD6DE0F0ABFF6E40CF0F7FB90F188
:10CB30001EF0D0F4F6B2189B18EBEE10D31B1BF9C5
:10CB4000020A15CDC4F112200B2EFB19FB1500FCB7
:10CB5000F90B02F6E401CEE61D25120BD2F1F40426
:10CB6000F31FE3053103E5F4EBBD0D12DCD401D670
:10CB7000120B10F8AE0D31F0EBFB3310031C19272C
:10CB8000F70E0BF806ECE2F50D2BFEB2F2D5E12321
:10CB9000FBE806DC18F6020510E9FFFFDF0BEC25C9
:10CBA000F722F2092FD90DF21205F8F2F1CDFCEBC4
:10CBB000183E00DFFED0F7F8E5DA0B81D511E52449
:10CBC000CCD8091355E8E1F1F8EADA11FAFE082A9F
:10CBD00019151601D9F81B1C0B0E0B1AF1B51EF80E
:10CBE000F12A0D38CBFAFEC32F0912FAA3DDE7C4F0
:10CBF000F1E3E8EA1503BCE2FE0804FDD22224B703
:10CC000007FF2E1CF22BF3810CC9001724D10C1145
:10CC1000E66E07E708ECD8F015280A01E417CEAB5A
:10CC200011D4121E13F7DBF238D5D8F4E3D9E2FFA2
:10CC3000D9BFEFA0CEF7272D19DE011CDECFDC080F
:10CC400009B3E9F4F5F0DF231F1A20E5F0EBF7CD87
:10CC50002A25FBF800C305490BFFFEF1ED1CE1E4BA
:10CC600005F2113205CE34E616CBBCF6F608FB040D
:10CC7000F3DB14E3D022FEF317F830190406FF119A
:10CC8000FEEEF10F10F2010CEC01CD07EFE92A07DF
:10CC90000210F3FF01090A1FE704ED0BF1F6E6EBC2
:10CCA000050E0EC104EE0EF1E530F6D9FA0313F8C5
:10CCB00009E91DFE0F0B20ECBD20E4F5F919FE0D6E
:10CCC000F8160B12D3F4EAE4F4F9E800FB07F902D2
:10CCD000F311EC04FFF30CEDE2EDF6E8FAF2F905DE
:10CCE000FAEA0A2902190102EE440C0520EA0DFEB7
:10CCF00000D5E640090DD4FD04EAFA8103FE09F0EF
:10CD0000F6FC080C07EDF9ECE4D51602E513FAE29F
:10CD1000E5CEE9FEFB06F7C3F700C523E402DA0E11
:10CD200015132FCFDAF005AD18DAEE1AAE04CF04E2
:10CD3000EDF701F1F0F1FCEEEE2C4F0206D303CD3E
:10CD4000D101F9DB2146D00EF293E211EDEE09F4A8
:10CD50001537FCDABD150FF3FD13E7D2CFE9010E4D
:10CD600009F33D0FEEEDF2E91408C1BBE3DF1A1839
:10CD70000612EB01E5FC0EE96902AA1FFB13D43190
:10CD8000C92811F4B3F0C618422114FCE0D3B9D37A
:10CD900022331ADFE29DEA423CF50C81A12520D620
:10CDA0002AF7F8E81316EF0BD2FACBE00AC0011B02
:10CDB00000E91EF2B9EE240A100AD8CE504BCF1962
:10CDC000491D5BA423881114CF1A1651D1124CE9C6
:10CDD0001C161C191B132C55024396FB101DC0ED8D
:10CDE000E10EE8F512C909F6FD080DEECF8EFC1E26
:10CDF0001EEDBE424D7A293F17E1D3E3020525E03F
:10CE000097FD5CEA53AD6A1621D0F3727F0E1AE0EB
:10CE1000EB18EAFF17CF08CDB7E5092F28296A4C90
:10CE2000DCD8B9FBFEFA325A4FC1904CF5FAEE1934
:10CE3000F7F9ED39162CED53E9E6129FFCDE19F4F3
:10CE4000AB00C5D3DD1919DEE0BDED1B1DEEDBFC2B
:10CE5000E4C1EF3413D307EC07CB3CF9CBF11BEB68
:10CE6000D5F3FAAC1621301EF413F3ED472210145B
:10CE700020DC3B012DD5E8CF11F801F5E9EE101FBC
:10CE8000F41A11C00AECF908251402D21732140B57
:10CE9000E807FC02F3F3B6E9F3201006D929D5EA36
:10CEA000810C46D6ED0E19E20FFA1108FE18E30EBA
:10CEB000120C2D02DF2D1610CA0014F42105F143C7
:10CEC00002EE1DC45E0D30E6EFF21E8920F7E4EBA2
:10CED00004221428ED2F141409130D1913F70DB3A0
:10CEE00008ED0FEAAC090BFBFC23E916F55F94E8AB
:10CEF000EBE20FFCFD86F106E30D0910F21E0602BF
:10CF0000EA1D1016EC04E9DF0408DF0E0A00DE1447
:10CF10001AF50CE2D7C9F8EAFCB90FB1EAE1CC1F67
:10CF2000F5FBD60CDEFB32E30223F2DD2B18F6E92B
:10CF30000A03FBEE18F70320E3E5DEFAF9E30CEE53
:10CF4000FF0839DE071C01F305C6F6081CDB2C16AA
:10CF500001F2260BE8CA14F00BE02A01EBE8F20B11
:10CF600005FB2D122AE1F510FF01CABFB0CB050069
:10CF7000E5FE0DEB330035F91FF97F24003B0B0F65
:10CF8000F6C6F023D1E0081A100004D803D7A8BED3
:10CF9000F4F9CFE901D20B20050913F106E6ED17EC
:10CFA000FB1EDC0F28F0E1F405F71C12EF08181C3B
:10CFB0003007E4EC0FF200FAD9DAEFF9DEE90B0DF5
:10CFC000011222E9F807EE31ECFDCDFDF0DD2CFE7B
:10CFD000EAC0FBC8F6D4E9D2D00E0810DE0803E59B
:10CFE00012130E10E1EC0400FD0CF5F103F9FD0144
:10CFF000F111E9EF01F518CD0B0CEAF4F810EAF79E
:10D00000EF01FFEFE2F9EA11170B1800F215FB2709
:10D01000D5F7A014D7E7FE09ECE41981F70FF3FC6C
:10D0200016F30F0300DCFBCA10E2E4F9FDF301F490
:10D03000F50D25D5FE2F1FFE1FDFF72502EFFE168B
:10D04000D9B90E1EE4FC0A09CCDB1A05D9E9DBEBE1
:10D05000261558E2F836FF0C21F9180529FEC4DB25
:10D0600027EBF59D580AE1DED91EECD9F5C7202A39
:10D07000E2DCDF371202F4FDE73D08BAA0E8F53B39
:10D080000AFF1EDDFEE3F9F9F9DF342CFD3AE9D49D
:10D0900019291A3318E5FDDB0A28C7020B1EEECA50
:10D0A0002715F115C202A1D2E83BDFD7D0388AFCA0
:10D0B000EBE51206163BE51A09DE041C9FCCD60BE5
:10D0C000CB4004D9EC33BC0100E71ED0FCD8198159
:10D0D00015E0DF45CB14C4E3D7E1F4F358F9CF24CE
:10D0E00017FA3A050DE81C100986031D24DB03E836
:10D0F00038D2FD13DD2BE5B2E02AE43FD52E191E10
:10D100000005F5EDE435C1309C071AD5D79D18F020
:10D11000FEEEDEF23321CB091501DFF5BDCA36384C
:10D12000F5F47FA3130208E50B10E2F2E6FDEB1025
:10D13000CA1F4FC620460215181EF71527FF02B456
:10D14000ECE9171982D69527140BDDE6F236E51EB9
:10D15000F6DDF2E9BBD5301A3105DFDAD0E375F23E
:10D160000316DDCC3713D5DAFD07100C1CE4BD2EF9
:10D17000F02A1A02F2C526DA0C50BAC903EBE34DC5
:10D18000D1C5068B24CF0BE607222019F1D20B1B49
:10D190008A8322E0C613D7651508EDE81BF5089FC2
:10D1A000FFF7DA983E35F00A02FB26F5D598D42A27
:10D1B00026E2231A75871906E3EBE5A098F1FC49EE
:10D1C0000E7FAEDA3C06B016DCE81FF5DE31F9DD85
:10D1D000E70D2610F7B90FCEE501F1D50D4909CEBF
:10D1E000E31EEBFD021A040218FF3B40DD27FDE3BE
:10D1F000F5292729183A1913FEFDE201242DE2DC56
:10D20000E6004205901EE50CF5AA4DF0E00B06C6BF
:10D2100002D6E71C2056D6D5EABCE3FBF99CF0E425
:10D2200009FDFADE0816FB07F716E30E296C02D398
:10D23000200123BB6BF6EAFC03FD04DE0810EA3F85
:10D24000EFF9CFD80E0583E02DFB37F93CF7E2105C
:10D25000E5192141359CC7DEDF0FE9035D3502E3A7
:10D26000930050341797FDA7D60204341624D4CE69
:10D27000DCFFDBEDEAF3D6F517E513FAB2366160B1
:10D28000FAF3B79F234C2AEC3D04F1DD3EB31FDCDB
:10D29000F927F60C3618893C81FB1805CEDA13FF06
:10D2A00027F8BE18B7DE1524AABFD902F923C9EBA7
:10D2B000EBFCC8E40E1FED25064C0EE9160F15D544
:10D2C000EC25D40305F2FE2B1218AD044001EADE72
:10D2D000FD17FAFDD6CA0CF8E0E4DCDC2EB5E8FA5E
:10D2E000FA0C191D03F4D4EE0E03E5202920DA0709
:10D2F0000F1F2507FA09F0FB211A290A0E1E25E93E
:10D3000009FE62C9F10ECBE9D9ED47CAE0F0FA9EF9
:10D31000F3FDFA0E170BED32EF02ACFFEEFBEEFD64
:10D320004B0DECF136FB2FF9F9E2FDC5181EA8E311
:10D330001D1D0804060530E9D213E9FA1C0C32F66B
:10D340007F021AFC1210D1F3D3DBE3301310DAF8AA
:10D35000AD0A0AF20769D149E7EBD613D91403F2F3
:10D360002C2EFCE0FFD81120D8FC0BF3C8151214AA
:10D3700037DF353A0E12E5BB3311ED3D1525540765
:10D3800022DD0C04F9BDDD060509F534FADBD62CE7
:10D39000F0FEF1EE1FEA0EFBF402CED5F1D2203002
:10D3A000E2D9EEE83181CA0CF413171A08071AE122
:10D3B000E4FC1EFD1A0EC6EEF20A1912EDD901DDCB
:10D3C000E40BD4F5F7B1EBF209DBB127DB18FF1161
:10D3D000071903D205C21C3FC70DDDF817B715F9B1
:10D3E0002120DDD41A10EAF8E7B2E9F1E3C61C28DF
:10D3F00023EE1709060C0A090EED44E856FFE9E88A
:10D40000D7163B400BEE16E7EFDCF9DCF113D7241F
:10D410000FED02AEA8DC097FB8152BFD0FEBDEF196
:10D42000323DD1F5114395C7E9ED293250C3F1EAF8
:10D43000DFDC46E649F6EE071403DD0C3611ACEFEF
:10D44000221A5D46DEE0E5DF2DD706D509250F0857
:10D4500001F726FE03080DE9F42D171CF2C8372248
:10D4600024F71C33F313E8DF17DBC5070732F7B1E6
:10D47000F303E708FA07114A1117F4570F1BD539C0
:10D4800002F7336447D9562D06CA1CCC1C04313F21
:10D49000D1249E9DFF5914FA220E242618BD1A2E5F
:10D4A000B61B061AFCECF1D3D4EDF50231F4F0CD45
:10D4B000361FFA09FFF8C4C8F406110F2107FF113F
:10D4C00007F2032EEFFC1FEBF00FFE01E30905FE50
:10D4D0004504DB0761D8C5FF0228EBFCD5E4080D45
:10D4E000F5E5DAF0021131B5DBF6D3FFFBEC2EEAFD
:10D4F000F70907EF10F8D42A1414E1EF0C0BF281AE
:10D50000F4201921E80DD804011FC49ED516F3F0AC
:10D51000F0A3FB0FFFBB04242BD5EE0C03F40C117E
:10D520000C04C4D122FFD1EFD701E4F60036E0D7D6
:10D53000031407FED0DFF256BA23E017D1331626C4
:10D540009EDF2036E2D10719C4CEF6E8FA15D705DA
:10D55000E2020B0D1AF06D1822F6FA0B06E6D7E878
:10D56000CFF8EE2A25E6EF03FD26E2C901E91359BB
:10D570001604F40DF859D70E210EE9C3FAE22F4331
:10D5800049E8C4B8F9072CE40B3C45542FFDD0FE04
:10D59000EE001B17C4B0E1F9FF55CFE42611264D6C
:10D5A0001FF7FEDEEAFCD40DE1EAA8D1B73081F125
:10D5B000EBE5F00ADB0BB50DDADB002AB7E6A3EBEF
:10D5C000EEFEF5FD98450AC2070202DDCB09BBDA83
:10D5D000F8DCF521DEC9E0F50E041AFA00050C238B
:10D5E0001CFE0306FDECBA01BA021FF0E5020602BA
:10D5F0001618F742DE79F9D2EF06FBDB0CFDF610C8
:10D600000FDA010CF21C1E0FFB02DE12812016F352
:10D61000FCF4050924130804E506F608FBE0DB2901
:10D62000EDEFE0FEFCFBFF27DAE00201CAF0E5FACD
:10D630004FF63306F2113AED071000FFF5ED11FD3C
:10D640000904080114FBF6FD0012050B05ED076C3B
:10D65000EF050D1746E41B110AFF09D4FC0CFF006F
:10D66000F8F10301D90A04010412DB0A0BF4CBF52B
:10D67000EA0DED59F70202EFD9FE1531050C05044C
:10D68000F807F500E9F1BEFFD414F0AE1206E4FB92
:10D6900014111FD62FC3DA04EEE11417E1061A1D88
:10D6A000E4CC0613FCF9EC0F0AFE17F60D010BE6AD
:10D6B00013F707C9EDDA1406FC16C5D71C05D8E127
:10D6C000FD26F7FF06FBFAF2F0D8E4D8E4F5EE0504
:10D6D000F0CC0BD3DBE9F50423F425DDF6FF0E1FB8
:10D6E000F7DB02E50CFC1D0BF6DCFA0916E206CFAF
:10D6F000DF03F110C9F98125EA0BE808E0ACF2F785
:10D70000EEF5F520100F23EAF200FCF0EC190C18EE
:10D710000918FAD3D3030A0DEEE3E59DE4E4E8A685
:10D72000E81CDFD23D4311DFBC0E20D5DEFCC8363D
:10D73000169C30F106073649F7FEF8DB519E16C3FA
:10D74000130AD9E224BAFE14ECCAB0EA0CBBFEEB11
:10D750002A1017CEC613F5E820BD53314341E8DC4B
:10D76000CD8A3EDB430CFBF2EFFEE40A0A01E6FF42
:10D77000E4C82CE035D60CE2E90F33280910C64383
:10D7800000E3B9F624D735073507F8F30FC52DEDBB
:10D7900019122412C028D003DEFAF913B781AE643F
:10D7A00086EECC053BC9002702E7B9275D38832DFB
:10D7B0001309FB0E3E05EEF8E9F2FE04FEE735FD27
:10D7C0005FFD114F0BF708FDF8F809E202DD2C327E
:10D7D0001511D10D1CE8D41DEC0F0DFDECC8FF4553
:10D7E000EF07D757813413E133FC1E180E07F7E912
:10D7F000CB1814F410FBE9F1EDFDD4681B0EA9D68B
:10D800001F04EFDEE322010BE1DCFEDAE421B74383
:10D8100016F8F3F01F3B3F05F7E3ED1AF7FA0B009C
:10D82000E1FD08E115F4FBF70ADB0C0454DED3023A
:10D8300005F1FF31DDDD25FBEA1D0D32235F04E13B
:10D8400043E2DD5FC3CB2F4F2900B52D2B122A29D0
:10D850000923FDFBEA0B09015ADB25100FE0010942
:10D86000F01C21310EF70D10E602D71AE80D121C3C
:10D8700023A506FA0F15C700C2E701DCF1DDCB25B1
:10D88000E925030DF30C09F2CB1DEBF208D419FCCA
:10D8900013FDFB061BD4ED17B407F21B0609C50FD9
:10D8A000DF4C3119CC81C5FA002608FD00BCFB19FC
:10D8B0000009CAECEBF307FDCC222003132900007A
:10D8C0002927D227F02728ACC2112752DBE71FD81F
:10D8D000EEE516F903EF050DCDE6FAE6FA07E526C3
:10D8E0000811F0FC18FE0A01D2BBF5E5EE285DD365
:10D8F000F0FB350A1D0B0914080529EE2411F5016A
:10D9000007C510070BE0EF07DC0AF053C2DD100675
:10D91000190D12162BEDFA26F9FD01F5E2D481FC62
:10D92000EE28F2F02DF4FC1DE906C9F2F6F824EC1D
:10D9300017C6262F52050610F13EE8BE1CFBE53443
:10D94000C535231FB0C3E4CCFCF90C30DA110A1141
:10D95000EC2E08E338E807CCF83103F4221618DF80
:10D9600013F3F0561A370DE1A6F7170D1014231014
:10D97000CED1E336F5FE2A18EBE8DE19EB0AEEF914
:10D9800015F20EE2E5030502B4D51AF5BCE00DBFB1
:10D99000EEFF1AFDEF09EADEE7D6F6F40401D72917
:10D9A000D7E81004FCEC1ECDE2E226FF0BE521F5E2
:10D9B000BEE5BEC71C21DDF0E2E4FC0E02F0EB2D5B
:10D9C0003EF329D3E8F20FEBF9F4FE0FE1F7F51D72
:10D9D000240837F501D11CD3F40DE21EB414BEF1B6
:10D9E000D4059909C204E8F40DE0F1F302FDDFF07B
:10D9F000DA074FE8F018E0EDCA14201ED91C18E62B
:10DA0000B303FF00F9E3F9E51DE1DC0150F1F4E9AE
:10DA1000FFF6DF31DFD21A321F07E90521F055DEAC
:10DA200016D2CB3AD681CE15D1ECCE20E74CCC1510
:10DA3000E4FAEC0AEAFAD431F53FFFECDACC2DE84F
:10DA4000E1E317E40B0603F1D35920FE193300CEAE
:10DA5000F2FF04DE3810231C19315329E0BFEC27F4
:10DA600024274F1E302B0F28033522F81A06C1FE3B
:10DA700005232519DBA5B0EBE62FFE02293F8FCB4E
:10DA8000DB212206DD070EDE4EB138DEEEEEE2636C
:10DA9000150C0CDEFED5EB2BE9ADBCD1101EF71733
:10DAA000ECE712F725240FFDCB07188131C5C91DFE
:10DAB000E33A0CDE03D81115F4F8042201FBE6C0AA
:10DAC0002FDAD550F42148EBC531C0DB1945C0042D
:10DAD000470318150BBEE004F7FAFDF8F9D0ED3353
:10DAE00002F31B1B0DE0E3811602031BE9060A018A
:10DAF0000307FAF7F404F40BC326F5F6E5E1E30BAC
:10DB000005FDF0F1B33F0502F0F9C52EFFF3132335
:10DB100013FCE9F8D1CCD81C1E06FC08D1C0FD05C9
:10DB2000FF1332F0FCE2D4FB0024E308F5E6153ED7
:10DB3000F02AEA1E161628E82621EB08FEFAF0E184
:10DB4000E506FA2AF8F607FEFB251E16F0110AFC78
:10DB500002DBE111DCE2E82FF1E42A08ECFF05CC5E
:10DB600021F809E80613F118F5E0EBFEE4D6090CFC
:10DB7000DC060306D61B0115D6EEDFEF1042DAF6FF
:10DB8000DCE14EF2E60B06FDEC2ACE1F2EE023FA76
:10DB900017FBC8B2D41927ABE407F035E9FBDA0765
:10DBA000264D44E711B9FEE8C60BD4DA1E00EAFFA1
:10DBB0000627C91AF72FF5E0C7F3FD0BCBF63A227B
:10DBC00025E92BB1CF0DD10AE8001AF928E2EC3A89
:10DBD000D5C712D14F22CA0B0739311518CAE0EB4D
:10DBE00017021CF4F5DDD31CD6D4ECD0D76A07E7B6
:10DBF00020F207F8CCC416ED1FD1C181E5FB10FF60
:10DC0000EDE8D0F6FDD106C6D842FA1E29ECC3379E
:10DC10001E00EED30DEED5FA07E91D2215FAF9D351
:10DC200029C7161BE9120869E2FDF02E05CDD91EA1
:10DC30002A26ECF3FE29021085032C02E65EF06B27
:10DC4000F904F2FA0CD5231508F705DACBF61FA371
:10DC5000FFE5EDF90AED1030C0D5EEF302E7C6F0AE
:10DC60001FF20FED563E0CFBDD0DF1E6FF81E5578F
:10DC7000F805131BEC07D7F708F175F3FFE6FCFD79
:10DC8000020A220AE4100620E6021EB8E60449FA57
:10DC900003D9D9D704D4F1EDFCBDEE04D914E46C5A
:10DCA000A715D0FF0FF719F93966E9C3D528DB08A6
:10DCB000090AFE16EDC6B2CB0E33A81BF6F5EEFC34
:10DCC00011EFE8E11FAAF1D953FEF810AC120803D6
:10DCD000E42EEA0DEDE5E131DA0300CF15F1172C62
:10DCE000DB2205CB7A753504D22FEBD043EDE7224A
:10DCF000E017FDD11FC2C33B06F0D9F7F5DEFC29C2
:10DD0000C9F1040E23ACCCF50E0A47E0F24F53FCE8
:10DD1000F2F2DB0205F201FE0DEADEF50A35D6F677
:10DD2000D200EC20ED07131781ED051D1AFF15DF5A
:10DD3000E0003E13F76F0AB711119AFBDB130CC416
:10DD400002F43AF72A1100042AD7001602EE040C56
:10DD5000E3D6F5E4E8F7F4CE05E1CFD7F40BE4E53C
:10DD6000E10428F9FAFB11160810054008F7C1D4A0
:10DD700019DFF8F5E91A0C06161C1401F1FF0CA6C0
:10DD8000F8F9DC190C10F309E0CD1309D901B9EC4D
:10DD90001C09E5F7FC05CF1C1ACA1036DDF7F1F8AF
:10DDA0002F0B090830D8E3CBFFFCF9DCFEFDFBEBC1
:10DDB000F7FCD3F518E7F2DF0B06F749331A1E0E0E
:10DDC00004190DF0D40FDC2922940507E0EDFFD9EA
:10DDD0004C34288B03FB810E1213F9B6E727051C80
:10DDE0000B040BFF160B0F3EC2D495F117EA12116C
:10DDF000EF0E181AFA07FB0B10F30B0A250DDF259F
:10DE000001DC0C09E80C05F9C8FB060318F2F00F59
:10DE10001FFBF20603E8210DE607EE18FE24CC05F1
:10DE200081200CF1E9F9DAF9F81519E918AFFB08C6
:10DE300046ED03FF3736DB06F7F8B3F20DE31324A4
:10DE4000234422C0F70EEA0C07FADB221B0209ED7D
:10DE5000E0071BDE0D16F7F805F608FC0E0B1D108B
:10DE6000EBF1E8F3E5D800F5EF07CDCAFB0DD4F0F0
:10DE7000F7DBF607BCF111080908FC07EEEC3EDF02
:10DE8000EBFAF2E1F901EEF0080418F6F110B4E44F
:10DE9000F0110409E9DE1F041E122304FE3714F8F2
:10DEA0002224FF34F833D5F2B700AAC37BC4F501AE
:10DEB000F181E243E6EF15F0C6E614EA03EFEA4D1E
:10DEC000E3024E230BD4180CE14BCEFC2034D201DC
:10DED0004716EBF2F141292CF30BFB144B0001F137
:10DEE00032FCFFC99C013CEA09C70019F9FBDA1BA7
:10DEF00014FF0A0F1526F124F11BFF09E3E11C09A9
:10DF0000ECE35D1430143109D81104BBD700F803D9
:10DF10003C0D13F9DAF228D203D5E8F74D0E3BF2A7
:10DF20000CD5F5090D05DEE1F75AED0A0129AB0B19
:10DF30000706EEE7FDC1F331BC2909FC2CE6FC2BFA
:10DF4000C8FE3A24FD071E17DBAD21CDF2010120EA
:10DF5000180C07FDF33042FEE2FBF6A643060E1650
:10DF6000EA070607FBFDF6F7BF190022DBDCF62007
:10DF700016E5CF104918EE181F02A900FCCFEA34AD
:10DF8000FAB9DFCCE9103AACFE04FB320AECF70731
:10DF90001F322427B3E9CD26D517E2111C3A0BD046
:10DFA000F0EC1B1AB1F9DBE9F2E6DAE9C615D21298
:10DFB00005B526041A1C0E1F15D6FB81E53A27DF8E
:10DFC0001DE0FA13E91CE2F0FC0AF4DDFA1DEEC8CC
:10DFD000C3FE10FC03EAF8110D0A0B3B23EFF438E3
:10DFE000EC8B0710F8BCFDF4BEC8F8F4EE12DDEAC5
:10DFF0001A1700EF25F9013402190B0DFE35EF0059
:10E00000E9E4F919E9C7FAF7D91E00E8F9FB101598
:10E010002EFBFFEAFB0F16F305FDD1052AE8DD080C
:10E0200029AC1CC8FA0B0AF02CE3EF191300F7EC2B
:10E030000E1D2D18B6F2E3DF10131DDA28E80016C6
:10E04000DDE6B7E1F5FDDADC98E7FCE5E90081E91A
:10E0500005F111E9E0D41801FBE32D07FEECE2061F
:10E060000A0C28EBB6F615E6FA0FEFD39428EFFF6B
:10E07000F4F0E20DE6D7080A26061AEF32260A1552
:10E08000EDFF19DB0ADE15180513F14181141EF4AA
:10E0900010932EDDCCE9142FD81C29C403FCB499AD
:10E0A000E52E0FE32A54CDD019E1C54341E6FD0E1C
:10E0B00013DA60D75DF1EBEEF90306B5EF46CA243B
:10E0C000CE5D474B0304D8E8F803FA2EDC17060EA2
:10E0D000EBA7F215FAC919D8ECD12ADF15F7D8E564
:10E0E00023F4151C3F44F1F02EEB270CE413EEDB78
:10E0F000041DC719FDF606140D220213EC0BE406ED
:10E100002EFF1AFA24E800F9F5BBF70BD31E0BF229
:10E11000B3CB0FE8DA7BC708FF01FBD9280FE7F87C
:10E1200013FBEC190B0839140C01CE0C16EE10067B
:10E1300010F606C1B430FDF502D922A11B00D009AA
:10E140000434E1D314D9C4FFD1131002FE10E4F655
:10E15000F515D54408EEEC06FA07C21FDAE9EA0A1B
:10E16000E3002CF7F8EDD7CF412512FF28FD0E086C
:10E170002D1DD929EFE8DEFEABF705091204E1D623
:10E180000A1D0340130302DC0FDEF728F8D4222C0B
:10E1900004EF15F40F0CDE28E7011181150BFEEFDB
:10E1A0000ECB1126161DB705D9D3F1E8E928F8D70B
:10E1B000F8020E1B000B1F0BEE0AFF1CCA231ADC11
:10E1C00003F7DFEDF6E7434617FF0425FEFFC3150F
:10E1D000130AF2EAF5FAD2FE4105E709ECFA07E97B
:10E1E000EFEFFD00FC8102F7CFB5B5DD3606F28614
:10E1F000FE242A15CC0E12EDCA8401F73EFAF0F97E
:10E2000012134E20F316F4E0DD1EE9DB0D28B00AF0
:10E21000E9EF0324FBE0D447E9DE6714E6FEDB32D6
:10E22000FFF0F7061F18061410EA26290EE528FA53
:10E23000E430DEEBF8B7FA20FEF3D2149FF0033B94
:10E2400009D2E30728FFDCE0CAF103D8AFEC21FCD8
:10E25000DDD003FE010D21214DF7F412E4F61C0A76
:10E260004A1A0302D733E310E6031E22FD07F80221
:10E2700004C8397FC7F6EDE3CEE5CBB719FC0D4AEC
:10E28000FAE4023310E63AE21312E6DCFB54EFEE56
:10E290002B18120349EAEE191AFBE329FEFE0D0DB5
:10E2A000131DFA01F93C2A29EAFF2E120B1CE80083
:10E2B00040CBEC1EF60EF22D04002CF10D05EAD633
:10E2C00033DB470A3C14151502EB182FF0EDFAF674
:10E2D000E5FF1BFB14EC351306FCDC13FA1520E9F3
:10E2E000FBF43D00DC2E12EC000636E4FF12E4F6EF
:10E2F000FFE0FF2C0107F002261BE905D90906F90A
:10E30000E9EE11D7E022082B25E8FB1CE3EA01EF38
:10E3100031101E7FF13ACD20320EE9261A13EE504D
:10E32000DE15EF051BDD16B6E2F8EE2BD829DAED87
:10E33000551A14FCFB17003FDA09DDF43A101A2CC9
:10E34000D90F23290CDA3604E0400425010B09E932
:10E35000F0F6D9FD33EF04D439601EBF3368D3EE35
:10E3600030E6E4263A3CF9F0DBCA3903001EF5DC5E
:10E37000D9462301E5F235FFFFC6BB020DFA00F4D2
:10E38000F91B18EEE753EB04130DED09E91F0FDF3E
:10E39000F1ED1F2704DC05C2160B163707FBF71338
:10E3A000EFE92C17B7EDE8EBD834C5050BF2D8042C
:10E3B0001C28100AEC1B0500CC11620C04060C0D85
:10E3C00004DFEEDE04020005D8072717CB0CF00BA4
:10E3D000FD0F051BF6F3FFF2E70AE0E6FDFDD6F4BC
:10E3E00004FF2AE71500FEEA3CB2EA0004FB103005
:10E3F000F4ED1707D9E2F1D30E01EDF2F91213FE95
:10E40000D9DFFAF8FFFC24FFFE08FFD911F5161931
:10E41000F117F8F404EB8114060B2715EBE4EFF386
:10E42000F40112010D0E0B05C71D1107DD24D0EDFF
:10E430002746F214B2FE14126628EB05FE1AE40613
:10E440001311FF15FC130D1BF2E4F308FBEBF6F1BF
:10E450000506494AD8E00A13020806BA0A0300F37F
:10E46000EF02B5CFECF01023EC080CFF1E010410F6
:10E4700005FC0A071020FF04F7FAF21730FD342AD2
:10E48000EC0310061D1E1FD80819ED110D0FE6F83C
:10E4900040ED03F9011101FCF407F70BF7F5EEFC71
:10E4A00009F409FB001518E0F4FE070A26DDFDDA81
:10E4B0001B02E6FE3C19F0041FFDF881070E1C0646
:10E4C0000533EDE31313BAF4EFFF0109DD21F31A6D
:10E4D000F1E9E37403EE1406050F2940210C10271F
:10E4E000BE980CE7DE36FBE4F2F9D4083CE3119B5E
:10E4F000774BB8EAF5F1DFE5D1DE290E32CEDC014B
:10E5000012E73231E71846F2343CECCA2B330FF8ED
:10E5100010D8DA09CCF1E1AFF949940ACB04B3E49D
:10E52000E0D61086EC2F4629E1C3131A11AACD6557
:10E53000F8FD423EE010F113EBF6C4E825EBBDCA4E
:10E54000E632670F1ADED307CB2AFDD4D2CD97D798
:10E55000FC9DC61DE10C10E13FB7EEF3D529FB0889
:10E56000210605AAA7E4D0FFE05238EF9C0DFE81FA
:10E57000EED8F012A39DBA3A02D12A18450DE7272A
:10E5800081C523DAF50D0FB5EAF6052389F1320FBF
:10E59000EFC9E3ED0F0D2D33E618F82607DA13D790
:10E5A000410ED5F5027506F610CFE915FFABF72938
:10E5B00034E436EE0FE3D4910BF336EE0E4DF01249
:10E5C000D414292E08C6B1D20403FE2B1A36E11446
:10E5D0000400C50BFBC6EBF413090DC6E5CFE12C17
:10E5E000FF01B6EA035811E206CDEBCB152BE5EDA2
:10E5F000DC23F744D8160915CD0BC1FDB1E6A7E31E
:10E60000E73B4808DE18E203D59A00EDF63BF80533
:10E61000FFEBFCFADD24B7D2F501F081D116AEEDA7
:10E620002013E3E753ED2409F11AE71209D3140B81
:10E6300017FF1B01DC1706F319F8D907D9F801EE0B
:10E64000F8F605F10ADA010ADA02E1E803E5E4E4A2
:10E650000A121D09F10E0517F3A70016131408106E
:10E66000FA001FF6230CEE0BF6FD08F7F8FEF70D87
:10E67000D5F4F5F8241CDFF7DBFF15200A0B070C97
:10E68000E622D7E3FFEDF901F60DFA080001081ABA
:10E69000F50122F5F4F30414EDECE004F3EBEF05DF
:10E6A000F316E3E51200EA01FAF4CC272AF00B187E
:10E6B00014F1F91973FA12DA0F4551382AFDD069AD
:10E6C000C59340DF14085B0605D4E60DEFC13F1586
:10E6D0004B47BED906F2F22FF1F5053C180AB3A656
:10E6E000FB3AF2932108E002FD281FB1DBE828F194
:10E6F00020D81CEF2CF008B71E6A1DC88B2EAF0166
:10E7000015175920390AED3C41D216470211E32E64
:10E71000241A621BEDCB11B68112C9DD2C4900F819
:10E72000F6BCC21ABC15D5A1FA1B39E53310E1A518
:10E730000012073BB6F840E22E171CE6F7D6BCA144
:10E74000E5FD4AE3E9180F0818E626FEEC4EAFDFB8
:10E75000CE0297F4DCD34EFEB1ED0913B43210D4DF
:10E76000E5C3F8EFDD04E8F8C80C07FD03F504F590
:10E770001434F6E6F4EFC421B2EB04DCACFD052A58
:10E78000E40F1B0C05C055F018A3EEFF2D17E38115
:10E79000EB1A1C08E60F3904DFF7090E1403EAE14F
:10E7A000DEF11ACF0C29F4FDEBB3F9DDDCB5F31A79
:10E7B00004EF361A0BF8D9261ADC43F3CFF8080514
:10E7C000D41B17D136E2300DF9F2FDB500FCD30EA3
:10E7D000F7F1D1F21FE515F3E716EFF50C0BCEF5C7
:10E7E000C8E4F4F5F2EAE6F9E75E32E5DCE5BEEF0F
:10E7F000EFD6ED0D0B83131402FDFFE9D00F1316B6
:10E800002632EEF71FA60BF2DF0D07F41D08F1E725
:10E810004EFF03FADE1CD30230F204F222CBEEFAF2
:10E8200035F8240318DF3BF7FCFCF5D9FD1AE9E2C3
:10E83000FD17F311FDFE27E8F8F0D602FD09F6F406
:10E84000C3F6FDC22A0C0100FA0CF5EF06EEED0945
:10E85000F1E217EC1DFAFF3CEA212D04F5F1122F2D
:10E86000EE2F291913D42125230EBAE3F2ED171444
:10E87000F449FDE3ECD01C312217E61908F132E32C
:10E88000F9FBF1241EB5DE1FF9FCB1E20402810898
:10E89000ECF6F6062CE8F4301BC8A0AECEDCB7EAE6
:10E8A000C92BF00D253B2F0529D124DBD62EB4E250
:10E8B00049F0406016E3CFC2D8380DA5C4FCCFEDB7
:10E8C0009E0CEAD3F9E23F03DABCFDDAF7099ADCE1
:10E8D0001BB5281181DCE75CFECDE80F1AD243DBC3
:10E8E00003194EF906D6FB061F72B332B5FDDEDB07
:10E8F000D34FBFC9F6DC279B1FE60418144F09F756
:10E90000FD42FDE805440498F9BE5B10E1B9F7EC5F
:10E91000245C5DAF13E5AD3F162B33DDEFED00F169
:10E92000E4F1FCF53443D955E8EBCBF8F99F07D176
:10E93000E9B127090D281DDFDFEC07042DD61CC91E
:10E94000092B0BD1FFFFEAE2BCD50D81A12333C215
:10E950004DFB110520E9F33EF012F4EBDF1533F225
:10E96000001D523BD407E3E54B8F712A5EE103E2C1
:10E97000220CBDF6E1FB12F5F4D5E7381C23A59374
:10E98000E9F336D406C2ECFE1DBCA91BDF35148AA0
:10E99000BBE853A2FCFB02F7EF1A3C22FCC2E146A3
:10E9A000B3CDE19E19CDED1969DF071A1BEF5F1D8D
:10E9B000144BEBF0C808F5580FF9FC40D6F98CCA97
:10E9C000D0AEF627E3BD7CFB2FAF852F4124FD267B
:10E9D000EA2311B3E638E23307044F161907FD1E88
:10E9E000F3F6D6FFFEEE06E0130BEAF4EB093F0A5E
:10E9F00014E3EEEAEF010110D9F422E60DEF0DEE7B
:10EA0000EB23DAED0C05E0FDE934E212F9E645F915
:10EA1000F9CB1011F3FD0BCDEB24091EDE120F0113
:10EA2000DDFB1FF8D8F2FB060700DC0510FC1829F7
:10EA300015FEF919EFFF2DF8F5E2CEEFF7FA2707EB
:10EA40000706070B081EF115ED17030F02B2FE149F
:10EA5000FED5B737081881EBFCDF1311FC0F060356
:10EA600018FBEE0D06F20BD9E7D801EEE0F1010C30
:10EA7000F2CD2611E12707D80600CC1DF9ED0F3A9B
:10EA800016FEF4E4C4FE0503390A0EF0D528E8EBBF
:10EA90000427191AEDE00DF40408DCE9EBD615C9DA
:10EAA0002BED18FC78050B0419BB3D4FF30BCAEE98
:10EAB000B9E50A07F50F54C9DFB9D4F1F7EEF5F857
:10EAC000ED020BE5D8ECDE0BFA2A0DEDEA0DCCF3E6
:10EAD00003E2E5EFDD010ED2341C4D45F9F0444967
:10EAE000D318D8D4CF01D1F4F705B11005CCF7F87D
:10EAF000D77406E903AFF43DCFE4F30FB21C1DFD5C
:10EB00002BCAF005DDE9E6F0EE05CEDCF6810F203C
:10EB10002CFC09FCE101ED190F2C04FDE3D3CAE73D
:10EB2000C6E6F505E60A2ECC3D241434D1D7F60707
:10EB30000E20F17FCE210BB5F2081A0CC608D811B1
:10EB4000F1EF2BDDA91C03B2C3DCFA1BCFF51807CC
:10EB50000056CBE701B7ECA01E221CFBC2CDF80E7D
:10EB6000FFD953C4DA12CF5B4200FA0AEB02061750
:10EB70002EF7D5A9E0C42000F2E10EBBD7C3F8F808
:10EB8000C81FE51FE80DDEF4FBF8E8D805AAC37836
:10EB9000ABDC2AED100C1F2AE95158DCA0C9B8D60D
:10EBA0009AC51A65F0F2E5BF22FFCC1713FD113AA2
:10EBB000591418E8DAC7252DED44D208F02B12FEBF
:10EBC00029F4D2E6DCFD20002BEBFAEFFBD2101C7F
:10EBD000E54A1A21B3FED1F7E1C4E3F6FEFE0409CB
:10EBE000C6FCF2E61ADA1212E5E6C8F90D3E03E6B3
:10EBF000D00220F10202F939F5FA810CDEDBF7319F
:10EC0000B43A0F30FABCC200FB1FFA34E00805EC3E
:10EC1000EDF1A6EEF90219C6EC0104161311CC0DA4
:10EC2000E9FC25E6FD1B360AD0FF5C29350626C423
:10EC3000DF0CF5DED9041AA9E518E0DF05120AEBAE
:10EC40004E0963031AEDE5FC23DAFADBE6A91B0F94
:10EC5000FCEB05DCEA25E9DC052F0FEB4920D74A60
:10EC60001AC8260BDCD916F2FDDBF9060DE0FFFC15
:10EC70002502F602F70100FFF111EE58FB0EE30842
:10EC8000816EEBF1EA13B9F2DB21FB342ABD2117C7
:10EC90002AF5BE102435D203F11700090DE12A0030
:10ECA0002F4552E10008E4030BE9FA07DFE40E0305
:10ECB000F42D38D4F2212512FC1ADA020FFD19E4E2
:10ECC000D6DFF6FDEED9E102FE2201FE0D13EFF3D1
:10ECD000FEC0C4F7C7F6260D22E62F14C7CC3AD1E2
:10ECE000FAD70CFA33FD0CD9F22113F907162AFDD5
:10ECF000CD140DF9E6F362061FC9042DE3042B02BF
:10ED0000ED1CEDE7F04513EDDD25DC070903F2CC42
:10ED10001B35E01A02E80D5D0CF311C830091957D4
:10ED20002D250FEEEBF918EA19F5E8CB7F15E4DD98
:10ED300014FE1F1D08D6EE06D436D5310A72F6C170
:10ED4000E306213A22001AC7E4DD02DEE9E9D3E94D
:10ED50000806B723D308D91401D6EA092E14F00304
:10ED6000032723F33A71D2EB022D4DD5E2F2E39D56
:10ED7000DDD010E6FBF1602BF3EB02FF021E2A054B
:10ED8000F002FEF11702FE1315E5CFFC0DE4CD9A5B
:10ED900011E90803F197EFCFEACFF024BBDFFBE5E1
:10EDA000C2EEEB06ADEFC0E4E464FA32133DD7D215
:10EDB00012D70125BAEA02E9FC2649DDFFE20CFB85
:10EDC000151817F4C8CAEDA80ED6E1D91C420435AF
:10EDD000D245F9FEFDD5F6FDC22E0C143C3A9DC776
:10EDE000201E50CBE1ECFD061D9C0702E420D61747
:10EDF00000A0FFE818ECCA15D581D3E2B1E7E3E83B
:10EE0000D3D304E452F81CD6DFF4E8DB0FE6BA0DE6
:10EE1000C01104F6D6F447E1B201F645C7E4C8D5FF
:10EE20000BB9047419ED32F107420426011EA0113A
:10EE300032DDBCFF9BE91611D2FE0FF92ADCC701B7
:10EE4000DBC25DEEF8CAFCFBF8CDE211EC38300F06
:10EE500028DD90EFCB3F132FED010226F23EE4F9BF
:10EE60002704E23D0D0A9D491410E2FFB5F0301170
:10EE7000B8811CF85DD8EEE6F4DC1ACF2023D7FB6E
:10EE8000E4F24C4ADEEEF520C123FEF0C0F218F6A3
:10EE9000FCD813F4F21419DFCC66260E3009F00FFB
:10EEA0000D22E4E40D4C09C1E0FED8E5F9031CF4A1
:10EEB000E1FFEA18D6FC2120E9F5C1C40EF3E8F918
:10EEC000F727261BFC07061641D9F4F4EF2E11FF95
:10EED000CDDC2BBBFF24D8D1E2FFDCEC18A801F677
:10EEE000BFE6173A10F9DEC304DBFC31D146F3115B
:10EEF00000E8F2CD56E01F2ECB0E0BE50924F2D32D
:10EF0000FD03BFECD64906DDD6FA0BE1E5C91411C5
:10EF100016E615F742C0C8080EFD23C72CE8DB2D06
:10EF2000E41E273E15D3CE8101E8F50BE9FDD11093
:10EF30001816C50808E1ECDDF2ED1DF8EE4121A33D
:10EF4000E6F305E8FF41F2E5200D25FA4B02EBE17F
:10EF50000BBB0B2E16F8DE4AE4F51903EACFBE0010
:10EF6000F4E7E40CEED337E6C1C3EB02C33A29DB86
:10EF7000F90314ED071A37FB01DEE3AFFCF5C1D945
:10EF800010060DDE20F6CC0CFAFEBC2A1CDBFEF4CB
:10EF900010E911E40D772CD91C02F3D6CFEFCBD5B5
:10EFA00016F0DA07FEBFC7E0CA07F6DFD40BC80FBA
:10EFB0000613D57F2B12205E07E9BBFFEBF020295B
:10EFC000E30503E9FDE0F9C6090D1A33F308DFE8AC
:10EFD0002E2E10232905E30CD9F8FB05250EF3E9A5
:10EFE000F615FE2C08E0F5E7FCC60705CCE628D1AF
:10EFF000E6F30D092A19E70AE4D80820D5DE181A25
:10F000001E09E9ECF72FEB37CAE01408E005E0CC65
:10F01000179FC51D20F8DEFED8FCEDC31B3CC4ECD9
:10F02000F70BF0F025192A44F800E1F922101BE251
:10F03000EFFA02CB96E4F8F30D45FDC1101EEA2A63
:10F04000F6F7230E10E31A30F3060FF5290FE3FF4E
:10F0500003F6F80D0605D3E0F4DBE522FEE0F1E36C
:10F06000F2EFE5F3E62016D012F9000943094EFF4E
:10F07000181623280809F3F8E4CBEEF80003DF0F95
:10F08000030F422DE9F91819FD05F8E7E4D8191A1C
:10F090004214000414FEA6EB1AFC19811E1604EC9F
:10F0A000EFC8F5AE0FEA94E2C6FA0724E5DDE4FA0C
:10F0B000FEEB49FE0FEAF3F3EC000DDDB6FEF8CFF0
:10F0C000C3D0C22725110E070A272D7FDCC0B7D475
:10F0D000E70DDA2F24ED1BD43D1E1506D4CEE0D863
:10F0E000E5E3E635E4E60DFD0D1029C1FDFF261F21
:10F0F000C541E90BD4FF0C2A3EC7183C2A2C1DDE63
:10F1000004C002E7FC06FB4907F641F9040A1F0A9E
:10F1100006F609F64AF6FC2705C8BD0DD6E7D80A5B
:10F12000E41542ECFED7EA43F90EF7BFAACCD0E8CB
:10F1300005FC0CE1E011FD0A04F7FF0AE305D2D655
:10F14000F8D30919282087221C23FB090B9A1E15C6
:10F15000DE08F50CD3F1DC273BE00CF43ECEDD0DF0
:10F16000F6F64FEF08E53512E0D711F1E7F974191B
:10F170002F301103F62E2FC0FF1DD09644EB02084E
:10F18000B757CB0708DEE90D8115C32A1CEDC0F97E
:10F190000D17BE720419130327D1A205F3B3190684
:10F1A0000BBD57F5FE070EE93534F72A33B6E81BD9
:10F1B000F4241847C8F70B428E2617E93C261B0992
:10F1C000EB3BC96396E002C7FBEFFAEFF2D40413FE
:10F1D000F8DC021EF2F8C9FE1201F438E7F60EF967
:10F1E000F2FAD8D50D13BBC0B2E8FC11BF209AE1EA
:10F1F000F9B7EE384FD328E627F3E2D928E1D20059
:10F20000E5FEEAD82FEBCE1BE6F47A31811BF5122E
:10F2100017F1F029FFE72B27D721A8E90C1019CD0A
:10F22000EAD9DFCFEED90E2F1BF8F909E186B7FD39
:10F23000E2A6CE023BE7F6B92CB53513F1E6B207EC
:10F24000F429203A1CCA06120F0ED346470B17F1B9
:10F250001742D82BFDD123C896BA1A18532325F389
:10F26000F500DB0BCD140B07E4D601F2F5E7043D06
:10F27000C3D606FB3D5B9501E01C13AC1DEFC81225
:10F28000B7D702BEEAE3F9E9FFF6F9B6F6FFF2BE38
:10F29000CBC3F01A3312FCC2ED1302FF0209DC13D8
:10F2A000F0DD1902EEF5E881120FF715CFF8FE3BFD
:10F2B000FF22E709EBF0FE13CB202B140AFDE2FB43
:10F2C0001F05E5ACA62911F7D8E5E43DFCE51322BE
:10F2D000F2ED0BE4E7FD0909FBE9F6CC11E1F01CC6
:10F2E000FF103DCDDF22E51112EAA6EA03DAF709A5
:10F2F000E10ED6160F37F9EE14BF03EC01CE171C42
:10F30000B814DC0914D50FF4EEF4D4EA2AFBEFECC0
:10F310001C1BE40D17C30720F82D471697EDCD9859
:10F32000E00E6613FFEAE0D6F6FAC0F8CDEE090962
:10F3300041D814FE07DE19E329FE09F8F202EC05B4
:10F340000E05E718EF13090E0CF8001DEBD7F4EECD
:10F350000B361210FC3BF6FBF80F14D5F319DCEE5C
:10F36000F5E303E2FCEFEF29FC030FF5F423F8F6D5
:10F37000F3021A11090C08FF2607DCE607F9FB283F
:10F38000DD14DD041BF1EBF403FFFF1206FA02FAB1
:10F3900072FCCB0A0EF5E6E024120500FBF1F9053C
:10F3A000F9F004FDFE2415050416F408000312FA12
:10F3B000EEE7FBFB7F110E22050E17F512FD08F696
:10F3C000FCFFF1EEF00CCC14C9EC19E5CDF200D045
:10F3D0000AEE1E32040C0DF70A0F08EC1CF4D70ECF
:10F3E000010AC40430FDFAF3E0E1F0FD08DAF20EA0
:10F3F00006E600F920E20602F00DC6020B12F61F27
:10F40000F4F50D010504FD38E7260102131501FD91
:10F41000E5D2FBD5FEFBF50A10E9DAF806FEFEFCA4
:10F4200001E72CF81009FFF4ECF0FCFEDEF1FE0B16
:10F43000FF1D0BF3FC000CF912FE091B0C03180254
:10F44000F50602EBE7FF12F6F810E5E4F6D6D2F87F
:10F450000F02F4F600E9810113EDF3A5F7EA16F0C7
:10F46000000AF3D90F0218F3EB0608030DFFD215BB
:10F47000023621F626F10EFC0005292404FFF005D2
:10F48000040DFC0B0A0BD2FF0611170503EA360A1E
:10F490001A04F6FAF013F0FAF10A0013081318E64A
:10F4A0000FF524EA04F9FF1AF118F3FCF9013AF90F
:10F4B000FEEA1AF7E003F9D2BF0DF802E703F700FE
:10F4C000ED0D1418DEF7F7F1C2E1F3EBFCFCFCF6EE
:10F4D000F4BE01F6070A17FE09F30ADBD3F6F70CB0
:10F4E000F4E8F7E713120A22FD0D090716DA0310F4
:10F4F000F6EED01312ECC701F8FFF68100E7FFFD2E
:10F50000FFFE110402F404C9F0E90116E60708EF52
:10F51000FDE809180317FCF01ADC5106DE041AB5E1
:10F520004D59F903FB2EE124D7C700DD371B1FE43B
:10F530002414E6EE20EAF21CE20F33E202F6016D3B
:10F540000EF10EEEDF0BB1F6FF10F11A262AE7DB03
:10F55000E017E31122E6D0DA0501B1302A77F0CEC8
:10F56000C3F20652E8C4F7AF3186A5F3EB14F1D825
:10F5700023E8EE14031EC21F04DB13491932FA4CB0
:10F58000E9E815B8F07FEDDB31D2102504E14D122A
:10F59000C6B7FD3419D3400004F4E7F3FAF834F0A9
:10F5A00037EDF2F4E1B505189A8CDD0407E6E914AD
:10F5B000DE1315D5EEF911F1339A20ECF000F01CB2
:10F5C00038D9253C02ED0B1AA0DBDA2952003D3E6A
:10F5D000689FF5082001D2A1D9EF0AF6FDC3CCE55A
:10F5E000EA1911CBDFAEEAEDAD0DEDB805F539FE48
:10F5F000FA15F4322B08E6E2FC028DF0CBDDEDF0DB
:10F60000D47F4B9FB0A89EE100F3E0503FAACD1CF1
:10F61000D91FFC0818F124BF96011F0E32432EFD9E
:10F62000C3F3B21C30BC34D7C4F3061126F958F426
:10F63000B8E1CDEF07201437DEFEF70D12A049F830
:10F64000FBFAFEEBB319F1EDEAA1F7F801198BD63D
:10F65000DD2D4B1509ED173302CFCCC90608F60492
:10F66000F23EDCCB091733C923EFD11153BA2E2058
:10F6700065A9F1D30805ADF4191314F0010A21EDC1
:10F68000CF05FD0F1EDFB5F9EEF513881101CBF89C
:10F69000E440E514D9FD22ACABE7246A44E5B1B2FD
:10F6A000A2D129AC08F0B01613EFCFB0EDE30601FC
:10F6B000B8D423D13357BFCCF5D1A937D3E4D9156A
:10F6C000B605F513F5D61FCF1120FDBEDB2B12DCDE
:10F6D0001EF60FD5D1E20444DBD6EB07F5A3253F98
:10F6E0002FAAC7071785D3031003B3FE047FBF5E9D
:10F6F0001A0CF7E91911CEF2C1D62509DFCB3E0766
:10F700002403F9F702F22D4A11E323F281C3D9024F
:10F7100071300DBF1ED4C3FA590EDA17D746FECE8C
:10F720001F160E2B54FAB2D9FA98384912181BDF5B
:10F73000075EE4F2DD14FCFD94E0DDEFDB1805CD9F
:10F74000FAECFD1B4EDAD7A1601C10C1E3F1B282C6
:10F7500014CA32BDEAF9E010EFF744449D16F603EF
:10F76000CADDD5B9EEE9EDFC3EF1012607D206E58A
:10F77000FE222DA5078EE674E2D5E3018B43DF4C14
:10F78000DDD4A14C37B44A10E0B290EFFAFE5A062D
:10F790002809E5D73B6E29583509280E0C211AFE99
:10F7A000A1FE1321E31011D9F40608E51B00D6F4DD
:10F7B0002ADE571B1EEBEAE907E0C62517E6F1EA49
:10F7C00021E3082E00F916F8D9E9F3DDE90A23212F
:10F7D000FA0F01081211E21E06FDC2DFFC084D24DB
:10F7E00034F23ACDFB0AFAE0DB12090DE9C5E6E393
:10F7F000E8E214F8EE9CF202EB1CE6DC1A1C20D9BD
:10F800002FF74E1FF405F423DFF2E4D1A439FDF302
:10F8100012EDF309C4F61EFF12C7811CE521092B66
:10F820000535DBFE033A02EEF42925DCEFC7B9F714
:10F83000080BEEF8F3E9E74631E61C49E82D121C07
:10F8400019231CDFABF8F02CEE4912FD59E510D757
:10F850006400090CE503CBBA0B12E40AD4070219C1
:10F860001CDE2315F10413EB37DEECFCCE1E03E99E
:10F870003868181EC4023CE4F1DED5E3FB0FF6D86D
:10F880000CEB3A125310DEF405ECE8E6E60CE70860
:10F89000E581FDBEE8DEB12EF2060CE2DBE2FD22E0
:10F8A000DC0E20D338DF3F1200172EE613D63E13AE
:10F8B0001F21F90610DFE007F5E0F1DEFEE218F89F
:10F8C000F40AECC405C30DE1CC29C0EF25242F1C9C
:10F8D00047E2EB2EA80FEC221EE2FDF00F0C140401
:10F8E000B50EF50D08E20316D206080A37E1E9F174
:10F8F000281B26DD01F6DB09F6E9E8F908441BFBC5
:10F90000F6D50801FEE5D9FCF6E5FDD200E4F705E1
:10F91000F9F5C6F316F82718F9F2D5FA05F2EF282B
:10F9200035EC32811534FFECF80BDC2C04E4F8D311
:10F93000F1F93D1BD0DBCF28EE1F0619FCC2FFDA20
:10F94000DD071812C70009E720EBECA1E32012E75E
:10F95000D4DDF8EFEADC2EF4ECA3E314E6FA035569
:10F96000BF1889030CF2F3FCF6382BF400E6FAEF2B
:10F970004FF406F804D1EFF51511543C3EF710038F
:10F98000F4F3D3F2E61BEA151FFEDF27D8CC1606E8
:10F9900019EBF3EDFC32ECE82ADB2209FFFFBDE5B1
:10F9A000FF1313E54FE7E7F8F4FC1AF0D5D115CBB8
:10F9B000E2C5F4FBCCE2C6FAFC2FDBF6CAED040389
:10F9C000EDFD3603C2C7BD07F539E8EF27174CF543
:10F9D00006170801EFBC26010A0541EED917E10A16
:10F9E000EDDEC62DF2F2F6F6FAC7E10CEDB71427FC
:10F9F000D0EC811927DFEC36ACF2F212A421EE1024
:10FA0000E5F719060E0616E33BE20FDDA3D7F4F582
:10FA1000F4251735B62A1AF2CD4E5F3027B8EA180A
:10FA20001CC1F6FCDCAEE0CF17F6E9F9F24835313F
:10FA30001E07BEB8E140354204E14EF5D2DF01F0C9
:10FA4000F1F3E8FAF4FD9410042EE1F78BE9331496
:10FA5000A58BECCC2FCEFB87DC3916FDE830BA192C
:10FA6000D1214D17BEB7E81EC622C6FA112A340BA3
:10FA7000DAD35005D20AFE02C326C9E8201C0E3490
:10FA8000F6FAE1141F211900EBEAE4133A2A3A3E90
:10FA9000F6EBE249152454119F00E07FD203E4BB4A
:10FAA000D7F6FE342DF106FA48FDE8062C5426035D
:10FAB000E50133C904383AFFEB19DCF6EBFD101D04
:10FAC0000BFD4CFFFF09C800EFFA482516E644FC81
:10FAD00014BCF640DB20FABFE3DAE1E3FAE72B0CD3
:10FAE0000F8C53F4FE2502E30924F230E50D5A0A87
:10FAF0000B42FB1AE43B00D31DFFD303DEE508C62F
:10FB0000FDC760062E0BF4DF09E310F1FBF62B01B5
:10FB1000D4D3BF81F6F345EBFA000EF7E4F707FA0A
:10FB2000ECD8EBCB0113105300EA410CFCEFF6329A
:10FB3000F5F60ADD08F3FAE5F6F0D9CF112426F040
:10FB400028DC1CE403E1F1E33D0DFC10EEF21010A3
:10FB5000020531EF002DFA0AE7D403D525130B096E
:10FB6000E605FDDB0E31FCD1E8FD18EF330FEC3B71
:10FB70000FC00D0BFB04C0F5C6011506EAA6F6ABD7
:10FB8000C8EF1422E915FCF51C1F140006DFE9027A
:10FB9000EDF1CBFDC8E51BEC01ED15D04EDCACBFA3
:10FBA000DAD617F8ECF19F1F04E681F514D80D02A0
:10FBB000EBFAF8CBF82825CD00EAF81C06B01E09B0
:10FBC000B90D090BF7D1270A1BE2C6C725DCF51BC7
:10FBD000FA0EEDEF08F2DA03D9431901CAA502FBC8
:10FBE000D6E40A491AA0FE100FF0B30F031BA8FDBC
:10FBF0002B2AF2ED2CEA2EEAE631D200E9423FDC74
:10FC00002C3B05E0F3DA2E2A1805E10AE7FEEBFAB1
:10FC100009044520F092D2FDBBDDBE12E7A75BF2DE
:10FC2000EE052110F6E260F3F2D71D2C5707E8F23B
:10FC3000F605E41A192AE92245FDACDD7FD40CCD86
:10FC4000F9E8310E151510DE64E7F31C200F35D7E7
:10FC5000C719E8ECFCF7EA3FEF29E807ED5B25EB75
:10FC60000E222B940D2CEF50A2F52753481BEDF4D8
:10FC7000E9312F2CB63819E00F27262D4D0719F042
:10FC8000C31C28BFC51F071A0FE7E5FC0ED3700180
:10FC9000EF28F4D7AD0EE8C607042F1A15E5E511D5
:10FCA000FB1A0DE8160A0801CAC619F481EEFD1008
:10FCB000203BF0B725EA0C09C521FD01FAFEBBFE89
:10FCC000FAF3CC11FA23BAFC1DF7261BD6BA1DDEB7
:10FCD00019F2FCF318FFECD91B0023C8F129E9F055
:10FCE000E2CC070B11150BF20EEAA726E7F113146D
:10FCF0002803501EFE0FE602440B07F60A030CFF12
:10FD000015E2ED280B41D10323F3D90C1EFFD608D1
:10FD1000E0ECE82319AB17762B0122F2B002C010F9
:10FD2000B7FB8B16E3F61BF0B70A07C712EFF38C8D
:10FD3000BF09F10CF40918FD25EA28D30407CBFE0E
:10FD4000D10B9F0108FF28E8FFF2C814E7EE13E586
:10FD5000FFF7E6F3F1E9FC20F5E80F1900EA1FDFF1
:10FD6000F73D2BFE1EF00821FA08EB0F07F133E2F6
:10FD7000FBB9378DFCEAF3D4D106F50F090B01F678
:10FD800006204B06E5FFFDF12738FBECF80FF9FDE7
:10FD90000021DBFD14F30BDEE7E9F2FD0F08DA21A9
:10FDA000FC2712EF0835EB09FDF13106E8C201FA34
:10FDB0000102B11CF607A0D5FDDDEA81051EDCECD1
:10FDC00005FFFEF91F0009CEF9E4F8CAEDE914EBCE
:10FDD00007EB48D7E40A10C6F02B08FDF5F2E5D88A
:10FDE0001581E222F3FAF90EE703F4DFE2FBF029D2
:10FDF000E92B07FBF41323FC261BF4E6F71ECAD8F5
:10FE0000D2FC2E0BF5D9100B1E2A4DD707D11B059E
:10FE100013D6D4040A2803DBE83D2FF42EEDF104B9
:10FE200013E2151B15F4E829FADB4825101CE02421
:10FE300016160507F5C84217EBF8B1E016FAEAEF17
:10FE4000E21004FDFADCC0F4FC22D318E2F7EFFA6A
:10FE500001F0DBECFAFD0922AEB2F701C8DCE504E3
:10FE6000EE2008E6EE01DF02F2FD20FFF81EDF1BA8
:10FE7000F40BEB03F5D3E32106E7F0DFF2F2D8E56C
:10FE8000F0F73DE0F612F413DA0E040C0B211D140A
:10FE90000508EFF4ED2527EBFDFD0BF4DFEAFBF49D
:10FEA000FBF3FB070FCD07DAE2E6C81D07FFE6FE0E
:10FEB000271FE736FE1507FD0FDAE1F7F6F44005D8
:10FEC000030030DD1907060112F9001140F2FC1A97
:10FED000E5E5FB0B07F500F3E7230B003401E7ED45
:10FEE000FF02131D2AF6D0F612AFF8F8FC00181224
:10FEF0001DED0FFDED0DBF0D06F9E381FE03F2FAD6
:10FF0000EBF6FBDAF70CEFF1FFFE1221F5ECCFE791
:10FF100025B0C90C17CD09121F212D1153C0B925C9
:10FF2000BDD1220325EC040CDFE218F2B110043538
:10FF3000F9053214E2651363FFEA2CC0DDF3D9F74B
:10FF4000FAF1C8C7211A921F7FCC8827FB912DDFB9
:10FF500034C02CFD5DACBDBE0E6058ADCCF9F632A0
:10FF600002171638E40B0B35ECE0F615DA768C1B2D
:10FF7000270B163F2F074DEE0D1510AA08DAC80FF4
:10FF8000FFF7B324DD12CEE53AE8ACC90E28A0F0A5
:10FF90004ACF14380D0814BFEC20F10E84CAF5DCEA
:10FFA000FC3E7AD5DF55E6E8CC085DE4C239E0A036
:10FFB000DB00080210FAFB9E04EC281B1AF3F42362
:10FFC000FBF8F4282CF6FDF8EB0BEEDF08FDFE1C29
:10FFD000150A02FE07FDFF0606E7F9E20E0FEB38F1
:10FFE000FEF7FD0BE212061DE6162EE32CF90F0FAD
:10FFF00009CCE900F4E3DE07E708C9F10404D7F00F
:020000040802F0
:10000000FF0322F1FDFD0C01E8E7040FF20902CC29
:10001000FF1411F2F30BEE1A05F6F7F5EC10F611DA
:10002000F7F2FC0CEB0E10F3FF3C0FDEFED1E5E324
:10003000FC04F52A14F581F302F20516F2FB15DE35
:1000400018F1ECF304FBF300F10A0DF1E8F8FCD829
:10005000F421FB14F1F11FF24407F035301314239F
:100060003A29DAEEFFF6F717AEF910A11E1E1AE3D1
:1000700057EB140FEEDCF330051424072F25E53978
:1000800061C80C222704EB173E090D231DF8E7C7B2
:100090000F07E0172E0E5DEFF90F8103021903EC35
:1000A000F421EAEC21EBDAF0F2ACDE040313EFDC2E
:1000B00028F056EFC914D220FE0E52FC02D8E911E6
:1000C00032F205EEF1DA48F422EDBC1C3FDA14F30B
:1000D00004E3EA3110F824390105FA0E0AFD2EDB9B
:1000E000041CEDF5EBF70EECB9F5FC1630F5FCEF62
:1000F000CF0DCF13CA51FF10BEFC08D60FD1FC2282
:1001000050E4D50EE112F9D723E2F01AE5CFF32A35
:100110001F18D2152C7FB0EAF10F196CEA041210E7
:1001200058CF1CF2D801DA15FE1BE4E2BB5212E2F2
:100130000A1B02E2D1F5E7B4E705E6181DFFC8097E
:100140002D0DE8EFD810CBEEFDFBDA01A6EBAFFDED
:100150003E06E048FC011D9A16E512FDE41EE8EBA0
:10016000CCB6AF29041F27EFF218C55728D75A601D
:10017000BFDEC6015EC90E03F41B0F07D0131ACEF3
:10018000E6F0061C00F40A08FDF1190E03CEC320A8
:100190001249100CE9150BCE16E3B9DAFE2ED83D44
:1001A000EBF13310049DEAFD051FEB5403E3FE0160
:1001B000D2F6E914E1E4D6ECF9FB411F99E6FCE93B
:1001C000EA230A2EE8E1FDD19DF2F3DDF9B0CD4C32
:1001D00014FE1630ECC50023F92425FD08F0251D7A
:1001E0002F1DE6EFDDCFBECC2A1401F2FAD81A3368
:1001F000B003DFEF5C2AF0D7CFAFBDF90F307FBD82
:10020000FA4F2E14E6EAC3DCC9FB141FB703E6C697
:10021000FD0A31D7B00C16040DBE3209E520E519F0
:1002200005EFD42B381EFF31A215F8B055CA321B8A
:1002300020EFCB03C316F721F4390B2DCDD11026B7
:10024000DCF1FC37F3E500D3D3DDB3FA2E06253617
:100250001003D999FDD1F6EB22D10CFDAAACF11C0B
:10026000E058CB1498F306E80AEF08F144F5EAC425
:100270000721F4FE040620E3F320F32405E9FAB78E
:10028000F9265EF22C34ECE2F4AED7EAD0E3D133B7
:10029000EF1534E4E30BE6DF10DCFEF2DECCFD2DDF
:1002A000E2E213FD32FFDECBE6EED3E03AD881F393
:1002B000B225E21EF2D441251D3C5339FCE51BE07A
:1002C00032A0D73B22911A06EEFDE8E4DC58D5DFD8
:1002D000ABDEE1EBEEBC7EFADCF6F4F9FBF3EFF516
:1002E0000DE9F803FC17F93AE3F41610FEFFEE0DE2
:1002F0002334F3190A03D4FCE30A0815CE18C81FE7
:100300000011E2E70FC9E2FEF60F07CBEBAC12C11A
:100310000EE5EF0BE8EB13F008DE3A0FF7F90612E3
:1003200010F32D23FF23D5120A1113FDF781EE0ED2
:10033000E8F72BFC36000605F2E82F270B1CF8DF48
:100340005BFFF728F5D2DFFDBBE401D1FBDAE1FE6C
:1003500006FCEBA1EAFFF1E7E8CB0F05D7A841586F
:100360009FF2E8010CE5FAFE0F0404DD04F80D1E0F
:10037000EBEF03F914F9D3F0FC05EA4AC2E108F8FF
:10038000E51102B302F5E0ED07F031E9FD2AF8F5D9
:1003900010EFDFF8CECBFEF8FC0BF4C9E316C41760
:1003A00006FC1420F0D3CEAFD30BFE1741F909148D
:1003B000DD1A2C902905EB0ED522DAE81A16DFF7A4
:1003C000F2056B1AF7B4CC9264C704EBD80BFCE8C7
:1003D00006AAFDEDDAEDFF1D01D4E8CEB736E00C3C
:1003E000F1D1EFEA1C07F80319E008FA2FE01932FF
:1003F000FE10EDFAF8054C15F0D8190FEDE6E60100
:1004000016C207D725EC2F812DF81A360F161FF8C4
:100410000FFC08B8D50BD0EAF70229263AF5336D60
:10042000D1E00E41261901F7F9DDFBAE0312DA1D0A
:100430001ECDEACFAA6229F513FBD0D26F032A2A78
:10044000D5AC3FEFDCE241C2AC717D22E40454261E
:10045000E3C9C2F50308C7CED92995D0D281A75DDB
:10046000228632C1F8362FF5BEECC82020E529DD02
:10047000320D3C3F8CD7D725BFF2EDCFE24CDA0FDF
:10048000C69B6E17A1B5E5440F4BB5EBA5B0BD40BB
:10049000EDB1DDF649F2E40FF5F0F62F2D3D3CC746
:1004A00025D5C13A14CCBDD7061F37EBDA33B3BE1E
:1004B000F9353B07CABE1261C9148F25EBF611FB53
:1004C000ECEEE789E910F4DD7417FD50E60EF4E474
:1004D0001C084413FE12012DF6D607DA68C615DA99
:1004E000DC04F3CE7F6712E0E435EDEF22A5EBF9F3
:1004F0002113F40C1DCAEB301271B3C7E8E9101ACE
:10050000FDEEF9310BEA0D080A1B1EF5E81413F78E
:1005100019DFDE12ECEF25D82605B5C3DA5202E664
:10052000FFF0C4FD093003D51D161B2EFB110EF97B
:10053000E6E91033EF7BFDDB0F0C1F1DF0F71CCE3F
:10054000020A34C0ECEF1EF241CD2EE1D7FB27F2B8
:10055000DAF7FA18EF0D0DB4321A060801AD0E0FD6
:1005600002D5FB04061C0FCF05CD0B0DFD141EFF9D
:100570000911D6E9DBB904EE12F7D3DF19E4ED2651
:10058000F7E93808C4D82522FB221DE83317E1110A
:1005900036FEDBFEFFFFF601FB0DD6FFFADB12FC99
:1005A000E9E336BBEE2A19F506FDEA1BF418FEA2B4
:1005B00023332E39F52BD91A01E4E4080FF5C6FBD5
:1005C000E11042070A0DFC2AE928F8CAF8BCA9FA8A
:1005D0001A0C091AFE15F4DD2D03458109230E9727
:1005E00019E6F1E3E8E0F3FFDE2E1EF1FF12BEB2E2
:1005F000E1D52700F99BE91508FC07ED23FBEB0685
:10060000061AF0F31F1A23E21404E61EFDF101DEC0
:1006100015FAE9FBF00CE3FEF316F8F7F5E5E1F166
:10062000EDF63CF80AC91612F9FBC50130F71F0BAD
:10063000FFEA19F1EB09050D2209FA07E9EAFBE3E4
:1006400009E00A0606EBED0BFADF0BD13A097FE869
:100650001217E4FFF6F3370207030A18ECF5E20D70
:10066000F9F83019FA1EF8230EF8050DF11AF5FF06
:1006700002F6BFFCFE0D1EFDE0000797FF0FF71C02
:10068000F3E607041FD00AF8FBDAE9E2FBCEF5F641
:10069000E21357DB0D28E9F50632CF10C4ABEADBD5
:1006A0001BB9D1B4251CB1D119FC34F0C993B0D514
:1006B000E863181C1AE602F15D0A070CD7C7DFF2DF
:1006C00007E308DA1D21DBFF37C124E1FFF4F2FB69
:1006D0000630C6C4FAE9338F02E619F501F023F3B8
:1006E0008BAA243444F4E87F0ADA0EE6F925E9F50A
:1006F000EBBC41E8FC2515100DE60207CFCEEFCD8F
:10070000C505E4CFEF98100BFE01CC35CB9CC6D5C8
:10071000192419041E12A4BBF1EB04C2D833DDEE78
:100720008E943743D2DD0E0A5FE00FCF10E6F94713
:100730001EAE1E082505E61BF004E9D8EC2FCFF805
:10074000DC22F2150EF3E7FAC932F20721F2361C69
:10075000F5F8EAEEEFF1DDDFD81FFDF3D131FC044F
:10076000F922002305D5EC05EBEFE2061109DD11B6
:10077000022118FF00091C08F7EA2836054009F491
:100780002D0213F5090C03F309E3240101C0FBEE6C
:1007900018E506E81F0610FF0AFECB1DF4000CDC6E
:1007A000D0F6141001EC0CE1F1FFFACDF320FDF0CE
:1007B000F7EA0001EA00FEFFDF91151202E8E441CA
:1007C000D4E7D6FC0A20F8FED02BF23230E804122F
:1007D0007FDCE0FB11E5DCD2D2D2FBAFDF2DDDEF19
:1007E0000E0215D4E612FFF60D2A14CE220118F3DC
:1007F0001C2411FCF7F5B7E7F16A0742DAF3014070
:100800001B3F060AB4FBE81A15EC080601D0DEE52A
:100810004B33D909E33B1CDBEFBD470A0B400DCB43
:10082000FFEE3201D8FED120EFF7ABC910D411266C
:10083000ECCF08812D3A0404FCDC031C00E9151DF3
:10084000C915E20924F90A0F0D14DFD63A170D1263
:10085000142224D3DACA081BF21D520106D1F5FA7C
:10086000B3C2DCF345C1E2F7D807BF321EEBF95043
:10087000310A0AFCF2D114FB070F482832F7CC0FDB
:10088000C4D92A37E9D4E4F7C2344308EA3B138FCA
:10089000D8A97F1E9FDD225A072ADAF3D335180420
:1008A00021D9C6D31004F5E92732361ECBCC204C13
:1008B00098B60FEE4DEDDAD3C841D9A8BA11242C61
:1008C000434DE8F0DB4A06ECE9332E36BEFDBCECC6
:1008D0002C1B3BF9EF8108C4D8ECE0B2F2132701DE
:1008E0005100F807160511F23D03C9BB2026E3E6C7
:1008F00003BAD210296627F905C69520E006D8016B
:10090000C942ED4A10642BE435DE40ECD24A1E8A1F
:10091000C80A0DEF9A2BF10C091A2D537FEB032E09
:100920003AEB052309EFF535E0C5EFECEC1D0F0FB1
:100930000F29DB0E21FB1A01E60B1E11F90F3F50A8
:10094000FBE6E238E3F9141229EFFD04FAEA1FFF8F
:10095000FBD2E605F8B31A1B1BFBBB03F2C9E4CDBF
:10096000FDC116CFF6232C00093D0EE21EE75039DB
:1009700000161E0FCDFF120A29F2F0F352F4D5CB68
:10098000F3141FFFCADDEF10D5D30930EC16E4E0F5
:1009900069F5F2FE0AF918FD31BE0620C616FB0AFB
:1009A0002B1EDDD6F941201827F9E7C9E9FCFFFF26
:1009B000D9130AECB9F8CD23C20D00C70816DAFB2B
:1009C000A0F716E220F05912D921522ED010E7CF0D
:1009D0007FFCC2EA18E0F7E33E362D29FC3B0CA170
:1009E00023F20F0670F8B415FF084C1DD0036D10EC
:1009F0001A2CF0F1B11C0EB45306210559F7FCD6A0
:100A0000C6DB3F002EEEDFFD17D829F5F70EF7C63F
:100A1000C2E13CCEE594049E1901EACC13004306E2
:100A2000BCFCD5D8ACEC021136F1BFEEBC33E731DB
:100A30003A03460ADF09E25EF2F9150E1426D9EFF1
:100A4000B5F5FA1D16B30410E3ECA1EE3406F32657
:100A5000F84426D6F6171DC6F42EF008AF02A5EF0F
:100A6000EC08E401BFFB14DC24D411D0FEDD140B30
:100A7000EF24E421D8F727BEFED0ECCFCD1AA51F76
:100A8000BCD707E4A2D327ECED0BF9F8FB20340325
:100A9000CD1DCCD01A25DBD32318FE0416C9F6F0E1
:100AA000AFEE47F20BE9EE25FF10D80E06003F1718
:100AB000F20A98DFCDEB14C4FDEC03008103D001F2
:100AC000F493F2C108E01F2AF506410839E71A2D10
:100AD000D0E3E50D09BC1D44E6EC11C0DFDFFCF9F5
:100AE000E3903204E021F2D84ED90028F217F8FC46
:100AF000DDBA44EC0E09162FF8BAE928EB0C13AA5C
:100B0000DC045BB38AFA18EF18D54618C0E817E979
:100B1000F6F11ED12A1225DBEAAAE1160DCA00B6AB
:100B2000EDC415FE0E3511EB02BF2D0814C5FA12E7
:100B3000ED19D3EF170F222D4C140422052402D6F1
:100B400023011D4C4CF4F8CD37EA1EF9DB122009C5
:100B5000D7DEEAF505E2F4EE463BFF61030B010642
:100B6000E5F616E9E511D81D0BBF0009DCCDC8C0BC
:100B7000020619C0D70DF411F906D881F2E3F2D4B8
:100B80001A052DEBB4D50700B7EFB2CB27A818EBA9
:100B9000E8ECF0F3D312EEE404D0BCB4D8DBB90532
:100BA00013430B4239EE4F0A2D36F921658CE0FDD7
:100BB000270BD1EC1603B2CEC17452E0E5202EDB38
:100BC000DC0714F0F3CBE453B5FDA6A8E8410D39DA
:100BD000C77F372D01C3EED335E43835A20DE8D5F4
:100BE0000CD703DD3DF9E2455E0107C2DAD82D1BC3
:100BF000CFD809DB402E1507FCC5F927E905EABE69
:100C0000DD16FBCA03F7232EA90C75236B29F9D532
:100C10004B0343BD0EF10D0BADBFC91D02F2EC4DF0
:100C2000F2AE08DF28BDFA6B2035D9030A073A5225
:100C300020A92FDDCA340D19FE23E21FDF7F04C96E
:100C4000B5613433DDCCEF1696071BCCF20315F2F9
:100C5000CBFC0943031F4ECBF313E2D12DCE12156B
:100C60001203F62DFFDC46DFD800AD14E526E9DCE3
:100C7000341EF909F7650208E6C6D1F1CDEF44EB61
:100C800000DDBF8E5D405102FFD0E416F111B7C404
:100C9000DFCB0311F1E8CDF82E2621F61AFB602FE9
:100CA000200728DC5A0224F9E1D1C2D50E06000241
:100CB000F5382C111CEC674646F4FE04DA3BF4EBE5
:100CC000B905CD0DF02BD1FED3FEB7F9EC24ABF274
:100CD000A1E8EE3C20A74B27DE3AB9C63032B3E498
:100CE0000D2F38DBFAA422F3F50C2D18FDCE07AF3B
:100CF0002539C1E5BE0BD1CBEA284B04810AD10BC3
:100D0000EE2ED46E3EFDB618DEC533E7FCA3B81B4D
:100D100016FF1418C838F853B3134E3F47FEE50FBB
:100D20000A1C540AE0EACFDE5E00BC85DE960BE6C4
:100D3000BDCDFF014EFF1E013185D5311348EDECCD
:100D4000E5311DF5F702CD0B1911F3E2C937EE437A
:100D50003128099C05A504F83B821942C234F4638A
:100D6000F4C6C61A61E9F819BDECC8D564EF1D3D9B
:100D7000DE22D501E9061E2313E6E8CED6D003C154
:100D8000EB0613EBFDAAFCE997FFD8BD19E60CECC6
:100D9000FD1B0A0B0AFA9716D41126DCE522231A4A
:100DA000AAF51617EABFF00FC5D6DDD921E3D5DCC9
:100DB00021261807B3F731FBA5D2072C251DC497B0
:100DC000EACD07861F1D15E40D11F9A9BFD6E8FC71
:100DD00018CC1BCD0F25D8371806FC21D9B8FC2715
:100DE000DAEACFD319F822D204F7DEC20FDFDFE24E
:100DF000F32B15EFDEA1E513B7C204E9E2A3AFDEE2
:100E000002ECB80F2AF8D9E8D129A2F4E94ED1139F
:100E100005F107EA38810B27EA0306AFFEF7DE3D4E
:100E2000ECE6FA2321110FE3D1341E1403C0DDF8E0
:100E30002C04E8F61428D5C6051D3306E40BE4DEC1
:100E4000DF0AAACAC2170534D7DC1104D026FE2F48
:100E5000FC380107B6D405CE1BF62321ACFD1AEEF3
:100E6000D7D83AE028C6EF471AF4DA15D4B31717E3
:100E70002CB528D705E1F6A305912FF5DC9B25F3CA
:100E8000A70DF90FCAD5E8FBF8ECF60BF2FD03133A
:100E9000812A3AA305BCFA53CE0130D3880ED3126F
:100EA000F096383C31DCED1B28D8CBF113FEC13273
:100EB000181BFD0CF61B1D2DC1D6D513100B1813D6
:100EC0000BFB2409F90E030410DDE8EB33D8FFF126
:100ED00012E6E3923281D40FFDE8F7DD0BEF14EC5C
:100EE00003FD3AFCF30809C110EAEBD661FCF917DF
:100EF000DD2DFF1ED8EDDFFFFE10C419CAFDEFCBBC
:100F000015CE3017320EDDBD37D700F2FB0CEEFCEC
:100F1000C7F701E3E9F0CD05F4F50C2EEFC4DBEDE6
:100F2000EED90A2C052CF813FDFE2BF70E040984CC
:100F300007FAF8DDFBEF2F3701E30DB82633180071
:100F4000268FE91218CD040DE508F9F2F9FA3010F0
:100F5000E7DAFB94F219FB101A12F5C82A1AD3C269
:100F6000C916FFC13A0C3222F5F20404F5103AE238
:100F70002413D88910C1F91ED8190F23FA182BF59C
:100F800012170735FE08E0080C1B443EFC02D8157A
:100F9000EF184FEBDE070BEEC914E273F820B3A590
:100FA000C6DA3EDEEAE0B9EB4E0DF2F217E60CD9F6
:100FB000C1002CD42F09191EEB13D17FC70B2D4B69
:100FC000CE44CF07F9E717DD10E7C5D90B124C1453
:100FD00003F5D315102330F804C32F2240ECF14160
:100FE000039FD9123BB11E4CCAD1D43CF13E0A1B1F
:100FF00013310EEC2515F20A262223F22CEAEF0F0C
:10100000C02626EE219D22E0D319CAF200FBECDFB8
:10101000F61B2CFC2F0218A307EBCCE033EE149E3A
:101020000056E276DEC9F90AF30115C5130BDE1589
:1010300023EFA52A4401DCF7EFEFF8ABFAF8002321
:101040001B0AB49BC41EFCE0E9F2ED6220EED1FC69
:10105000DBF83F02DAB2BB4F812E06D106224819D7
:10106000DE1FC12509C556060115CFCFE90FEAE2FB
:10107000D6F13007ED1A3DFF0A43F80105B51BEF25
:1010800017F7A01EBD09B0B5CDFF0FD9D32BBDB04A
:101090000D061E0314CC341C21E3DADB10FCA0DAAD
:1010A000F00702FF31E72C09E7EFEF18F8D6D3FF7E
:1010B00010070000F3EEE123E40F060A110DBADD7C
:1010C000D825FDF0F6E5002704E1030216F9CD016D
:1010D0001FEAEA0412D6FC4823C9F622EDECE0012F
:1010E000FA0E3CFB00BCF3F43E15E6FB05E32909D0
:1010F000F433C81922EEF0E8F72507151408BFF7F6
:10110000E317103DF73114DAEFB6F90BF3CCF9061B
:10111000E8180605F5F5A60BF2FBF181020FEEE1EA
:101120001B0B0C0EFCEA0643C9B3F9D6DC1710F30F
:10113000F0FCD320F01101FE014BDDD8EDD5D82213
:10114000FEA8D1F4EEC50AD043F10A0ABCDDCD53A6
:10115000DEDDE92BF20F1217BE16DAF5E0D4DB095B
:10116000CDFFC8AAF2095BEB132F086B47DE491AC3
:10117000C636E620E0F9DCFFF4BD1FB9438B0A1840
:10118000E0D7BE53D72DE5260129FEB6070FF6346A
:10119000D3D41841CBD102EE54D00BC5CC22D40904
:1011A000ABF3921EAAADF2F9DBEDEA52EECEF2C13C
:1011B0001B42F60818BBED1D1E3317D0B31F9AE271
:1011C000CBED55E8341B45EF3AE02BEAB1027F3016
:1011D00016EFEADAF44047A33605E3F40120FEF502
:1011E0000E18FAECD700381BD933120EEFF521FB9D
:1011F000140AFA1FCAEB0013F4261BF1EFEE010BE1
:101200000FFC0A0804DC0C2716F0DB0016FBB2FB0F
:10121000300BE4400F0A320DEAEEF805F9073C0501
:10122000080029E61205F4DB3B08FE0A1E0A2B051E
:10123000F306031FF3E9CE0EDE01F0040609EAF31C
:10124000EF120D1516F317030EE1DC0B06EBF70D8D
:101250001900270FE91ECBF80102048109F71415C4
:10126000EDF6E7C3FFF3E6E5DE0C1B0EEFFFD0FC67
:101270000BA3FE05D6E6FAE616130124021328E5B1
:10128000062DD006E8C3F819CB00F2C50800F8C354
:1012900053991117F0F0CEDE11EBE9F618F3466022
:1012A000FEE60926F9CE90FB1F29E6F71CF0EEF7C3
:1012B000111D8105F8F71C02BF0ECE0D0C12FDEBBF
:1012C0000C96489514BCEDE901C5DEE7FA02DABDDB
:1012D000EDF2FFF4F02CC81706F3E1E9F6FFF91C74
:1012E000F90BFDF1DBF003EB0A08C82828084EFBD8
:1012F000FF18EAFC0BFA38FEEFEDF60D2EF1112F78
:1013000012EAE0FB4AF6DDFCE1C3C2ECF2E214159E
:10131000E2020105E814ABCEF0FB070E0B8A32E0C7
:10132000E3272BA70BB6BF189E36601412F4489E15
:101330007617B4CB22F7E7F6FA223844B45A186588
:101340003B30076118F5B719022B3ABE0C572A0635
:101350002A251CF4BFE113E4DB148922DB25A49EBB
:10136000C9EAA7BD041FEFDB7AD1D8C1EB20DEFDAF
:1013700048ED72BF100AEA50DA35B2F8F31CC81E05
:10138000CED70ADE242CC4F736F5F38AC59C002399
:10139000ACE2FBFA00D1EE1CF1BD1139EBC2E83032
:1013A000FAA3D519E8057FD7E84F93D92C28ECE3A9
:1013B0001C3BF230FE21A31C1807E3EAF6311803A8
:1013C000D3E6DAABFAF511061FF2F63F81FD04D53C
:1013D0000FE9514CDAE7E5021EF9090B000607FE9A
:1013E000DF180FCE5848100BEFFFD9C117E104F8F2
:1013F0001B0D37221DDCCD23DF1BEBD5C4F4131FDF
:10140000D602B231ECF800D001463102EB3613DBE4
:1014100003D896FE08E93AEEFB08C0F02210E5F684
:101420002C15E9FBFB54B90EF8E93AE7DC39B001B9
:10143000EA033412DA2A0FDE3202E704D208FCDEB5
:10144000DA2252DBF642E9F52AE101D2C80115C4DD
:101450000ED80803E626E6BF03DBE285EFB6B51D2E
:101460000F37D5025113FD1BF615D118FAEE0BF804
:101470001CFEEEB2F9F4E0210722F60A21E605E3AC
:101480001AEE81E307EBEE25E3B40F0CE4C6F3E8B4
:10149000F812F304C5112EE71DAC15261D07E10A4D
:1014A0000AF318036DD9F526F9F402CAE0C229E55A
:1014B000B4D0F8C65234A0CBFEB51633D3E81F0023
:1014C000ECF7F90FD4BFCDF8EB29E4FFE23816FCB6
:1014D0000B252FC8D6B4203CC6D9DE1B92ECDF4FBB
:1014E000BFF5E4FC3CD0F22E05E1C1DD1E31042A3B
:1014F0000EFCE2F94A19DD110EDFDBE20000CBF74A
:101500000217F4F62F10F7FEF1E7E00DF930CA0CE0
:1015100034E61BFC31F713FF0A0F0DFBE3EE16F761
:101520000D02B9FAF002DD020FF807FA1AF9EAF033
:1015300005F909101200DFF8C6D104122511E608DA
:10154000F40B351AF9E70CE0E5F4000F06ECF504AE
:10155000F209DEF313F40ED618000734201E2E0312
:10156000FB1AE0B4FE24010708E5F40CF9E71E1BA2
:10157000E21B28FEF5FE8115F506FFE7F1ED0A12E4
:10158000FD10F8FAE5022138FFE8DDF61415F51232
:10159000F002BC2001FDEE0F72CE01E428D72D022F
:1015A0001E344EDDF3DEADBF9F28FBEC0F7FF9024A
:1015B00004F0F447D258FA361EF70E04C65BF31F48
:1015C000E235F414E443A6D151062B0BB2BFD3226B
:1015D00054AE2410DA2226F1E01419CB2426BADD09
:1015E000F1DD2FE5EDFCCF642B04B1FB00D1EAF671
:1015F000251227821DF752380A2F14B716D1EA0890
:10160000BEC1EB013A0E25B81354DDDF39E60229DD
:101610001011E8EAD9FA11FCE1F6FDE6B5B0C10D0A
:10162000C6ED861E2BDA67E73414ABE20E5F043496
:101630002430F425CCF91BE575E5FFFF5E2300009F
:1016400085F9FFFF022600009ACCFFFF42DFFFFF73
:1016500083070000BAE6FFFF30E6FFFF6B090000DA
:101660006BD1FFFF70E3FFFFEC2200008E32000021
:1016700055080000371B000048FFFFFF0C13000057
:101680006DFDFFFFA1E2FFFF2610000015D2FFFF56
:101690001E19000001EEFFFF7AEAFFFF532D000044
:1016A0004F330000EDDBFFFFE5EEFFFFE8F9FFFF42
:1016B00027F6FFFF36F9FFFF54ECFFFF9C3A0000CE
:1016C000381600000CF4FFFF17BBFFFF4BE8FFFFCD
:1016D000C9CEFFFFF3F7FFFF0AF5FFFFDCFFFFFFB7
:1016E0006D240000F5D2FFFF440600006E190000D3
:1016F00031080000C90E0000C50100007DE7FFFFB2
:101700009609000011C0FFFF142A00003CF3FFFF00
:10171000BBCBFFFFFE460000BEE6FFFF08E8FFFF71
:101720008FFEFFFFB7F6FFFF16F7FFFF32F0FFFF58
:101730008DEDFFFFBF12000049FAFFFFAFF4FFFF7E
:1017400006180000620900006CF4FFFF1802000098
:1017500003F0FFFFFF0C0000FBE0FFFF350300007C
:101760004A4100008D110000DB1500009E0E0000B4
:1017700079F6FFFFB2EEFFFF17120000BAFAFFFF83
:101780003BD1FFFF73F1FFFFEDBEFFFF672F0000AE
:10179000C9160000FB080000670700007CFEFFFF81
:1017A000A31700006CF2FFFFD6F9FFFF28D8FFFF58
:1017B000FD20000021D1FFFF980D0000F4DFFFFFA6
:1017C00055E8FFFFFFF2FFFF724C000048160000D3
:1017D000A3FBFFFF4E0B0000A7060000601C0000EB
:1017E0009E13000013FCFFFFBBC6FFFF68D9FFFF7D
:1017F000900200000B180000721000007BEDFFFF4C
:101800005EFCFFFFE7E4FFFF8DD1FFFF690B0000E7
:101810005D8AFFFF353000002922000019FAFFFF22
:10182000CA2000008E0C000071C9FFFF3FFEFFFFC1
:101830004AECFFFF273F00002CE2FFFFFDF4FFFF13
:101840008819000083EDFFFFACCFFFFF25180000D3
:1018500042FBFFFF4A050000D4190000F61100000A
:1018600038D3FFFF84FEFFFF9CF8FFFF6A9EFFFF57
:101870009BBBFFFFA6E2FFFF5DE4FFFF41380000D6
:1018800047ECFFFFEB030000EFD3FFFF88220000CF
:1018900023EEFFFF1A08000073F8FFFF7FF2FFFF3F
:1018A00034F2FFFFEBFCFFFF741300002ECDFFFFAF
:1018B00009D5FFFFCE000000CEE0FFFF380B00008F
:1018C000011E00001A140000750800004AF8FFFF0E
:1018D000011C00006616000091F2FFFF12040000D8
:1018E000CB010000FC090000CC18000085030000BB
:1018F00019FEFFFF07FBFFFF86E8FFFF360E000023
:1019000073F9FFFFFBB8FFFFF4E5FFFF092D0000AF
:101910008ACEFFFF211000008202000027F3FFFFA4
:101920007905000078DCFFFFA6F8FFFF1FCCFFFF62
:101930007F0400002D1B0000AA10000082FBFFFFA7
:10194000B3E3FFFF9FEEFFFF34BDFFFFD0FDFFFFBE
:10195000E6F3FFFF9C12000066050000C9000000CE
:10196000B1EDFFFF4BEAFFFF6DD6FFFFD80C000083
:10197000B311000059CBFFFFB8180000CCE2FFFF05
:101980006C740000FD1F0000FF03000049E4FFFF2E
:1019900081450000B30400005DF6FFFFAAF7FFFFDA
:1019A0009A1100000F0D000093070000081D0000B1
:1019B000120000007BF1FFFF10FD11F2F503ECF6C1
:1019C000B8113E0A2F38D0F5FEF2EDF9FEFAFC0D03
:1019D000FA06F8F6FC08F7FD2E03E0ECFA6EF1FFCC
:1019E00005F7FE0AF6F8F8EFF0F3F1EF040A07F155
:1019F000FC29E600D31C303607000EF7F606EA0A8B
:101A0000F0FFF90206EE0CFAF2E452421320E6EC83
:101A1000EFF0F80004ECF9030E010F0BF7F4FCF6FD
:101A2000F300E71229EDEF27EEECEEFFEB02F0F604
:101A3000F5F4F107FFEEF9EC56FEF30F01D3F3EBEB
:101A4000FFF7ED0CE804F203F3EEFBF9EC00110DE7
:101A5000EBF6FED2FCCF4D1508FAEDF0EDF50DE8F2
:101A600001F112EE0C0B0D01E9EDC3B22910EDE10D
:101A7000EC0805FFEDFAEE0BF1FBF9F1FDF3F4FED6
:101A800017FDFDFAF5F30F01F5FC10F80505FEFB57
:101A9000EEF60C0EF6F50FFEE0FFA30B241300127A
:101AA000F7EE0BF7F4E90A040EEC0A02F105ED0B70
:101AB000D72405ED181613C0F00F0AFEE9EA07FE59
:101AC000F60406EE0A0BFFFBE7F602D7DDD4E0369C
:101AD0000EEDECFBF6F7F9E9FAFFECF102F209057D
:101AE00004F77FF4FA1106AEF3EC00F3F9FDFDF70D
:101AF000F1FB0C0BF0FF0307BA2117D6E521FAFA28
:101B000000FA0DFAF9FCF1FFEF06EEED0D06EAFF23
:101B100032DF443C1CEDE30AEEF6F8EFF5F9E9EEAE
:101B2000FC0DF7FAF205F6FAE00DE9C3F2E9E52E4D
:101B3000EEFC07F602F2F4F90E070003F1040BEED7
:101B40000F0FC8FF28230F2309F1FE000709F00932
:101B5000FDF8F2100B05ED00852BF00CBE1DFDD835
:101B6000F7F50DF8EF00F6F7080AFC100E030EE982
:101B700015F9FFF11F23EDCDFE0A0CFBF5F808095E
:101B8000EEFAEFF5EFF8F3EBE03032EFF6E501C4F3
:101B9000FEFA05100B06FE08F500050F0802EB0D16
:101BA000370CED0436202C17FD07FAFD0AEB00FA7E
:101BB000F4FDF3080F07FD0227EAE2F2F514031122
:101BC000FC010506EDF60DF4F8EF060C09F608F039
:101BD000B0282ACBE7FF32EC0211F9ECFA0A0C0D1F
:101BE000EFF604F1FEFFF2EB0F00051634155FE887
:101BF0000DECFB0B0BF5F1ECF31000F3F1EDF00F36
:101C0000E4E016F2E2FEF5260AFF010FF3FFFAF513
:101C1000F5000DF2F9ECFBF0042225BFD7FFFA2DF9
:101C2000FDF000F20207FC0500F2F305040C030EC0
:101C3000D408E808F6052EF6FD0E0EEEF9F001FACE
:101C4000F3F50A0D02F00BFEE2062F05EA00F3FCA5
:101C500010FBFD0AF8E800F3F90CEEEE0E03ED10B0
:101C600023EE11CF16F41BE50B0EECF8F402F6F69A
:101C7000EDFF0EFB05FAEAEEC92817142304EA1655
:101C8000FBFCFAFD03F3F1F9F60C02020611FCF479
:101C9000FB16F7CB35F7F22A0804FE04FDF90AF427
:101CA0000B05F4FAF610030BE72DD703FF06E1E16D
:101CB00008F303FCFBF3F101071212F5FDFCEF0042
:101CC000F1C4D906DD305D1E03F0F40AE9FF070612
:101CD000F8F2020E0003ED07F6EF2CF8DAEA3813FB
:101CE000F1FE0DF7F5F1FDEBF8EE060AF5F9FD084A
:101CF0000AF0F2F4F7F2BE1600060EF20402F00E3D
:101D00000B07070CFFF40AFFE7FD0BCECD1C051CEB
:101D1000020AF3EFEA0B09080D07FA00F2F7ECEC00
:101D2000F515041B0C0D3DEAECFF0FFC0A01FBEC62
:101D3000F2EFFDFEEFF3FB0F50482F254004D105D5
:101D4000F1ED0C05F3090A0108FCF309FBF30601A8
:101D50000D173307EDBA5211EDF7F00008EA060649
:101D6000F60F020507F4F4EDFC1BDD390D19340202
:101D700001EF110FEEF4FA100002ED0BF9F2EC0195
:101D80001726E70DD4AA1A2DFF01060E0A0402FE3B
:101D900000F7050D0FE9F6EDE4FCFDEDDFE8D6B345
:101DA0000B09100AF5FDED08FBFB00FAFB0F0BF623
:101DB000F8E6110601FF262DF3EEF5F1EBFCEE0837
:101DC000FBF4FFF00BEE0AF9001202001E24DF28DC
:101DD0000DECF0FFFCFAF4040BF706F8FBF60BF73A
:101DE00029E3239B151E02E20703EDF3FAEA040D33
:101DF000F7ECFC08FCF4030501B9F3E845090DEC28
:101E0000EEFBF410EEFB0DFB09F2F80FFAF110FAFD
:101E10005719E91519DACD3CF6F30A0BEF09EEFB79
:101E20000E0F0DF8000FEDF2050B083C08FFFF4404
:101E3000F5F1F00FF80EF7E8F1040208F2EFFDEC0F
:101E400044F91DF1D874E040090B110A00F308FBB6
:101E5000EF06EEEE11FBED060F00CBD0F8EE220FF1
:101E600003F5F0F4F4EFFE000308EF090DEC0A08A7
:101E7000E3B0121C07F5180706F5F809F90AED0C8E
:101E80000CFAF7FA02FFF9F7D9E9DBF603670A3B28
:101E90000FF9FD0CF6F8F9F80AFC0609FFF5F4EB6A
:101EA0000C3C13FF0924E6E2F2F9F506E904FBF71E
:101EB00004F5FA02F40D09FD0FFF21F9161B421675
:101EC000090012F9F903F3FCFB0808F6EDF106022C
:101ED00031FA20D1362CDDCFEDFC00F1EAEDF2F342
:101EE00005F6F801F5EDFCFE11070FCAFAB628F366
:101EF000F2EF04F20B0702ECF8FDEDEF0D06FE0227
:101F0000F809FCEFE529FF1E45C4BE14F409E7FEFD
:101F1000F7120EF1001007070FED0C08300606054A
:101F20001A540B300F01F30E1000F7F808F600F901
:101F300003FBF6FE1D1111081EFB2B29050E0EFEDC
:101F40000B0108F4F8000B030EF605F8040E461911
:101F500072FA08CD0AFEFD02FE1102FC06FCEA0A36
:101F600003E900EF23E5D3EA4C051802E704EDF698
:101F7000F108F0F4F8020AED0E0705F4FA2836F03D
:101F8000E3C4EBB80409EDEBFBFBF4F410F909082A
:101F9000FBFEFBFF011101FB39E4D5EAF7FEEBF193
:101FA000FFF7FB02EDED04FFECF008FF1CE7013446
:101FB000251BFDCD0DFC0FEB030EFD02EEEFF21025
:101FC0000BEBFF01FB012EF9F90C2931E3EAE603E3
:101FD000020F0A0208F4E9EFE5050802E50450DE05
:101FE000F857F612F9EFF90C06ED02060307EE06B4
:101FF000EC00EA0804B9E9B0EA3A26FEFDE9FF0E72
:10200000FCF612FEF70003F802F5F70AFFF10FF8ED
:10201000EF38F428FCDCF4EEF402130D070AF2EDBD
:10202000F8F00F0CFA22E5BA28D8EC12E4F8FCF527
:1020300010F605F7EAEDFDF311EFF8EFFAFFF5EA18
:10204000E7F9D60601FD06FCF10BF203FBF1FDFBFF
:10205000F30BF70A1FD6C30EC3DE55EC0FEF08E9EA
:1020600000F2F204FC0606F3F1F806FBEB3DD1D5D5
:10207000CB1F191ADAE013EC07F2120607FE02FE74
:102080000D0802F222E5D0F4060955EC0C0612EF19
:1020900008F7F80706ED04FF0202EBF3EA111A074E
:1020A000101A1ED20907F8FB0903EEFBFAF503EF3D
:1020B00004FEFE04BD411EF2EC14F805FA04F90317
:1020C000F507F90EFFF3FDECEDF009F333E415F03D
:1020D000F64E461B0401EEFFF5FBF3F000FFFA0B92
:1020E000F6F7F906D8023C2AFB01F2C1FE01E8002E
:1020F0000FFFEF0F0901F2FFEAE9FFF4360C44137A
:10210000D4F8DCDCF6FBEC010AF000FAFDFA05FA83
:102110000B02F7F5E3EA0129D40621C70214FA0CF1
:10212000EF0811EE0E100CF8E7F909EEECDC0D16D5
:10213000EF23DF1FFB0A04E7070BF00F0607F3F896
:102140001007070A3ED5C6D06143CF17E5FD10FB47
:10215000EDF20E0805F80003EEEBED02250CAD12D2
:10216000031113E7F4DDF6F70B040F01F8F6EF04A3
:10217000FAFC06F308FE032DF22BE9E6EB08EF006C
:10218000F5F6050DF706EFFDEFFDF20CEC39CA3F51
:10219000E0020EF2E7EEF706FEFAFBF6100E01F291
:1021A000F0FDFBF50AE81CC8FC1CFE02F11010E66D
:1021B000F0ED0EF3EC01EE0CF7F5FC051F1B3E22D3
:1021C000F30BE3EF0803F8020B01F405FAF50DF247
:1021D000EC12FDEC0AFA2A04D613D23F0AFC0207DD
:1021E0000213F5FA06FF00FEF6F008FA16DDC7E660
:1021F00011050F230D01F4E6EEFEF90EF40CF503C4
:10220000ECECEBF52EE4FBC951392EEEFC06060A88
:10221000FE04FE01FFFCEF0CF6F41109F017FE0BB3
:1022200009D55BFAECFD01000E11F7F4F0EF0AFDA1
:102230000805F00D1C04EE09F600E9E906EEF6F0DB
:102240000E10EDF4EBF702F8F20B090B3B521E0AED
:10225000DFC00CFA07FCF105FF0DF80A0DFA0F0FAD
:102260000108FCFCFCF60902180729CDF0FC020469
:10227000EEFA06FE0BF305F5EAEE08E9FA16050E8E
:10228000CF9C112D18EFE8F7F6F3ED05FD0BF90BD8
:10229000E7F2E8F9F5CE21FC0AE6BCC5071201F128
:1022A000EFFE0EF3EE0CF7EEF4FB0FF124615F0886
:1022B000145103BBF91610EAF4F403FDF4FD000E0B
:1022C00010080401F0E413F8001107F307DAF6F23E
:1022D00008EFF407EFEEEE0005EA0CF1E903E8F58C
:1022E000F8B903D106F508F200F307F2F80D100C67
:1022F000050AFFEAF3533DDD14F59E2DECF106FAD5
:10230000FCED0A02FBF8EFF10104EE0BCEB726FE5E
:10231000EF25FCD9FAEFF1F00712EEFEEB0BEFF927
:1023200005F3F2FB09BBE606F6C906240AEEE6F958
:102330000EF7FEF207FCFDFC02ECF909453E3E11EA
:102340002FFC2E2DFAED0912F6F111F4F503EC0B2A
:10235000F3FF07F30201180FCFF4DA09F3EDF3F7F7
:10236000F5F6FEF508FB02FDFBFBE4F5D3020208DF
:10237000E6F04D1005F802FF1204FCF9FCFC05FC28
:10238000F703EDF6230AF9D9355358E803090B078B
:10239000F602EE0DEBF9EFFFFF03F900F3F1530244
:1023A000191EFE24F6F215EEF600F5FDF60007FB09
:1023B000FBFCEBF8FDFC24EAD6170F1104EDEF014E
:1023C00001060EF5EBF2EFF5F805E5060D2A0B24F4
:1023D000E011F32FE002E5FB02EE10FBECEFEEF470
:1023E000EFEFFAF620E630151E42EC01F301FD0294
:1023F000F8FFEEFEF409FA08FE05FC0A00D52DC62A
:10240000FD1BDA37F5E00201FC0A06F70A02F803C1
:10241000F409FDFAF21B033D2703FC2C000FEAFE32
:1024200001EF0E09F10311FF06FC0108FB19E5118C
:102430000BEA1A2FFDFBFB04FD0A05070BFFF9EC65
:1024400000F4EDFC04F602F3F5EFEEF2F80E0603ED
:10245000EB05F8F4F6F0EF0404F8EEEF0A09F2EEFB
:10246000080BF605FBFAEA00FD0EE510FEF4F21685
:10247000F80C11F5E70A090B0B0AF8F1FB10F90249
:10248000E8050609FDF40104ED0407E80607F3F189
:10249000EAF10CF7EB07000EFDEBEBEB05FF05F4A3
:1024A000FEFF0008F6F5F9ED02FFF10E0E0204EE54
:1024B000FA04F70EF3F2090BFBF1F3FA1005EDFF46
:1024C000FFE2FFF9F9FAFFF70AEBF50505F804F961
:1024D000F207FB10E8F3FEF2FF0105F70DFFEFF046
:1024E000ECF20EFBEDEEF00A0A0A0A02F4F712ED26
:1024F00009F2FAFDF6EEF9EBF608F100F3FEF2FF51
:102500000FEB08E9F20BF7EBEFF7F0FEF3F3EEFE5B
:102510000900ED0302F10B0C2F37AAF11333F7DE9C
:10252000191939D4D9DFF9F8FB1F2C194B51EC33A9
:10253000E837F3D527F5F6CEA502F1CAFDC41FAFE3
:1025400006D421B943040A1C12E41705062B4F08D0
:1025500057D20F371E2DD0F6F8F704C734F5050F04
:1025600016431030FA07D01AE8F1B93C2A023A3B78
:10257000380506FDEDDE42E90E20D5ED04EADCF477
:10258000FB1DE60F4F93E30EEBB33409EEFC2D1C5D
:1025900015ED10FFF223EE161BE2DF0805F4AC1375
:1025A000EC21C3114B0C19310AF217EE0BD0E028C5
:1025B0001BE915F9EB262CEDDBD7FEE1DD280F5AE0
:1025C000BFFE02F3CFD61D2EFF00FC0008191AE84B
:1025D000FA06072219E405C802280210F4F81CE4E0
:1025E0002B0C2EE9DE31FD32E60EE1E4D3051604B4
:1025F0003FFBBA0E2217F80232FFFFFFFBFBFFFF83
:1026000031FDFFFFE00F00001EFFFFFF26FCFFFF74
:1026100086FFFFFF2EFEFFFF10FAFFFF4B0D0000AD
:10262000451000004FF4FFFF7EFDFFFFD2030000C6
:10263000F906E3CFF4EFF5C9070B17CE0DF7FADA79
:10264000070B0EC7F602E9E3F40D08F103000AEDEB
:1026500005F8020E0D13FA04EE0A0D06FF08F5FA4E
:10266000E8DB0A03F1C6EDECFCD3CD00FFDF01F59A
:10267000F60AFAFA06FC1DF6FBF60AFDFA031F1A23
:1026800004210B310A07F7E609EFE6EF0BEE44C52C
:10269000F4FBE108F40F2DDC00FB41F603120FFB05
:1026A000F514FEF009F10D090C10FBFEFB10F7010B
:1026B000F9F8EEFEFAFAD50512EDB3EC0AF9DCFCF6
:1026C0000AE4E6F6F5D8DBF3EEE6C3F0F00815040D
:1026D000FBF8FCD50DF72FF7F71110F6EF0C0113EF
:1026E0000BEB52C9F2F2CDCFF3FB11010AFFF9EE69
:1026F000EF16F10D0B05F4FB0816ECFCF5080B09C1
:10270000FE0AFEF30E04FCF303F8EC1FFCE1FCFCF4
:10271000F813F800FE33DEFA04E3F3F3EAE124FDF4
:102720000B100BF009F1E61407CF14161105F8EFA2
:10273000FEEF401EF1F79CF9F3FC15FE131447BAA7
:1027400003EEF9EDF6050A0CF30BFE0B0DFAF2FEA3
:10275000F6FA0A0FF70E0609F8F3EEFCFDF4EF0B9C
:1027600011F4EEF5FE1F4DEA0DEADCEFFE0C0DF361
:1027700002E2FBFBEFFDF6141EFF0CE2F0294832EB
:10278000FFF508DB0A032C110808241BF2FD2DB409
:10279000080FE7F00706FBBCEEEEF1ECF50213FFC5
:1027A000F601EDFCF4F400F7F7FF090213130C0235
:1027B000EFD20EF806E0E620F8D32D0809C6F7DEC2
:1027C000F0E614060818F4F918FD1006FCF81BF9D9
:1027D00026F318E8F802DB220AF0FD04F9FD2815BB
:1027E0001208321BFAF821E902F5FAFBFB10F4FF9C
:1027F0000AF9120CF302F915FF030206000600F5B0
:1028000010F7020C0AFAEC0EE8F4D6040AE604F813
:1028100010C8191FF1D9F00A03FA12EAF30C0501E6
:102820000907C6E406232C2AEC0EF22FFDF44224FD
:1028300001102302FA0E02D607F018DCFDF50AF2A9
:1028400011F60C010904120CF810FFF01511070C19
:10285000F4F8070AFB04F409F8F5DC06FDC3FE12E0
:10286000F2F5CB0400ECDA01F2F7EAEC00CAE8FF7B
:102870000901F21214F5F1FFEDF31EFBF9140C003F
:1028800004FCE701080AF9F813F20C27F4FD0ED84E
:10289000FBFDE301F9FBF1FEF20DFF11ED0A0CF473
:1028A000FF070B0AFCF906FA0CEDF6FCF5F0FBF15C
:1028B000F6E9DEF30AFCC308FB0A12FD00FCDAF2BB
:1028C000F7CFDCF80F15FB0202F6EFE71F2BDF0155
:1028D00004121BD902F9F9E80807ED1AFA122FF6CB
:1028E00004FC2E1A0D0AE8E907F8060AF4F3EC0ACC
:1028F000F7FD00F80A010C00060DEF0CF2F80101DB
:10290000FAF80CFDEED4C0F1F4EDDC0B12E9400551
:10291000EDDAF303061B29F20EFF0307F30815FA9D
:1029200003E31B56120FF2F0EFFC71EA10FF1407DD
:10293000010CE6D0001013C70DF53BE506F813F3C4
:10294000F20B02FAFFFE0FFCFD0EFA0309F0F6ECA3
:1029500013EF0D06EC00DFF7FEFBEC0AF222EBF5BD
:1029600012D8FAF8140CEA04F50ED0F80D03F40F9F
:102970000C0D2C02FB1D0D0AEEF41BD909010906F2
:1029800011EC09E405F2E5EF0BF31318FF0863CD32
:102990000D00F40D13FB08F0F8ED00FB03FB0BF248
:1029A00002F1F60DF70B050D07E3F7FBF3D40AFC74
:1029B0000F2AC21302D9DAEA002BEEFF17F22D100C
:1029C00014F9FAFD0107FF4DF9FAF80CF5FDF7CD02
:1029D000F9FA0ACAFDFC0DC302ECEFCD040F273B48
:1029E00013F0EC11000FF4F108040EF11104FE09CC
:1029F000EC04F1F60C09F5F7FAFCF3FF04D6EA0A49
:102A0000FFCE1EF6030CF9F4F0CC4407F41EBF020F
:102A1000F8070E01EE0C0B0AE90FEBF436EE5847FF
:102A200007EC15E7FEF624F1F5FF2A1F02F4350343
:102A30000F0C3CF7020B120E05F2F4F502120DFF1B
:102A40000C06FAEE14F3F502EAFF00F20A0B0DFF92
:102A5000FCE7C300F0F0E4FF06E8BF0101F7DE0485
:102A60000BCEF5FCF4B8E3FFFCFBF8010100FF0F0F
:102A7000D357EC08140D2BD103F9090AF3E93DE112
:102A8000F014BAE5FAF9F2EFF80606000FF00D06B9
:102A90000312FDF100F907EDE802F0F4050AF9125E
:102AA00008F40EF603EDF2FAFCE2F705F2EDDF06AC
:102AB000140BE0EFF4F5C8EA13D5D90C031217F79D
:102AC0000AECEF0C0213EA6A07FA3612F40A69FFFD
:102AD000FA03A9FBEEFC060213FFEDEBFB0B01D79B
:102AE000F70A0A1304090FEB0DFFF7FA0603F8EED5
:102AF00007FAFAF70DF5F1F402FFD2EBF616F5EB53
:102B00000B46F70B0EEAE005F4F7D7F104DF4806B1
:102B1000FC130C071608241019F01332F5F73CEDDE
:102B200000082619F315E72907FBE3D1060C29EF66
:102B3000ED1102D8070F0A06F7F9F6EA0C0EF4F4C5
:102B40001200F5111201F7EB0B0311ED03E90E0969
:102B5000F5FA04E701E0C70AE6F6E30B0EF0D2054A
:102B6000F4E8D602FB0707F81809FD0FF330061347
:102B700009041BE2000F1AF60EFC09F8F6FA05EA42
:102B8000F913141E0E104DDDEF16F3FD12ED0304C4
:102B9000F1FCEEFEFC0DF3FFF5F7FA08120CF9F369
:102BA000FCFAE91105E31E08E6F8E6FC04F6F20972
:102BB0000AACB3F009E819F5FB0707061D02032765
:102BC0000CF13905EE100A15FF09D705EC0E2603A6
:102BD000FC0720130E0103FCF109252100FD0C1058
:102BE0000502000C090411000B040DF9F606F5ECC2
:102BF000F204F800EED8F6FCF9D91106FA06DFF275
:102C000004F6F4F2F719C90F04FAE007F3F3EF043E
:102C100019FFC412E8E600001203F7F5111425CAE3
:102C200003FCFFFC07F62B180C120BAB100FDCE8B3
:102C30000404FDFC000AF510040D0EFE0F0DFF004C
:102C4000F30B110AFD040A0F01C0CE080D1DD100BF
:102C5000F6E40405F8F5F1E4F01D1708F6D920FDB7
:102C6000F704010118FC1FD3EFD6060805151ED086
:102C7000FFF4DE08F3FF10CEF0FE1CCCF2FBFEFFEB
:102C800007FAFADDF90A060A02FE04FEFFF1030D57
:102C9000FFFA14F7FB01090EF1F9F6FD121D08EB1E
:102CA0000BE4C9E5F2D6EAFAFFD1F003EFE20A013C
:102CB0000AD7FAEFFE0DFBF705E90EF4E5CC341068
:102CC000FA0BEDC6F7ECDF25100220E9F3ED17143F
:102CD000F2120ABB0012280900FD0DF208030610CB
:102CE000F7FAFF0CEE05F816FC0EF606F2F8F5F80A
:102CF0000C000C05F9E0CDF600EDBFEBFFEF02F3A1
:102D0000F4FB0C0401D2FAFD02EA1414140722FAAF
:102D100000CEDEDAF90FF6E3020E14D1FE0A01E16D
:102D2000F10C02E90EF52FF4F1F41F25F011F8F57E
:102D300011F30209140CEEFFF5EEF60E08F8F3039A
:102D40000CF300F00715EBF2F1E350EC061215EF6F
:102D5000EBF6D31600D8F609F2101301FFF30911B0
:102D60000FF928E90922DC4B0AF407E5FAFE4709C6
:102D700007FDE8F9F91312EDF7F4ECDFFEF704CBE9
:102D80000EF1F114F7F0EE0FF1FC01FDEFEC060B84
:102D900000FA09FAFDF90A13F41AA6FF0F121BF53F
:102DA0000AF108FCF2CEE1F410B7ECF5FE0EE402F5
:102DB000F9F8F11F05FC43F7021F160410FAEDF1B4
:102DC000F9FA10CFFCFF2CD2F7FEF00AF5F4E9D89F
:102DD000F10D042D09EE02EDFCF502F103F8F50CFE
:102DE00005EDFBFF16FBF0EF060A0C0403C4F70326
:102DF000041BE307FD00B1E90C31A2ECF011EE0871
:102E00000CF7DBF5FEF0F9090CEE201738D1D7FFEF
:102E1000F70E08E7F10726B10DF0DEF9EFF93427D8
:102E20001203E5E3EDF77F01F912ED110AF0F8F472
:102E3000F50F120C0DF8F3FDF0F8FEF7ED0010FFA2
:102E4000E6E3C6ED02E714F0F2F7000713E5BF1062
:102E5000000DE3FA05CEDC16EBF50310FA112D2474
:102E6000E0D6FDFD02F33FD106002FEC10F512086D
:102E700012F40EEA000F28050401E5DCFEFEF7FD62
:102E80000900F60AF9FBF81001020800120BF2F62D
:102E9000100309EF0FD805FFF4D50EF0EBDBEE0BB6
:102EA000FC10CDFA09FEDB0A0E10B0EDF6FA06F0C2
:102EB000F705F8F7ECEAFDD40D0CFBF0070711EC71
:102EC000FBFBDB0011FDEEF1F7F3F1EF04EF0DBAC0
:102ED000EF040BEF08FEEDEEEE0E00F7EF0FFAEF4A
:102EE000FA0EEF0702EDF10DE80FBF040A08290EF4
:102EF00007CBFBFD020CDCF7F0D007EFFFBFF2F5CC
:102F00000EE5EAF7020D36E621F30501F701EBC401
:102F1000060C1DC40CFA01BD091613F705FFE718CE
:102F200004F204F30AEEF60EF911F414F0F2F9F5D6
:102F3000F7F20BFD0701ED030CF5FBEDF4DDF1E815
:102F4000F6E8F0050F25F4EDFBCF02FEF2FAE302FE
:102F5000F9DFF2141302150C10FA1FEACBFFE2FEA0
:102F6000FBFFECE1FDF025250E0A3413060DFACC2B
:102F7000F40CEAE4FD0909E0F8EFF10E0B0AEFFEAC
:102F8000F90D0E100B12F9F311F10C05060F13F5E4
:102F900003AA270BFBE3000113F7E00500FAABE4FB
:102FA00002FCD81504FB06F8FDF10BF8F107441BF1
:102FB000EB241307F8FB44F1EE08EDD7F90F1EE8F8
:102FC00006012706FE0C0EE2FC0BE1FF010BF7F4F5
:102FD000130A11050105F8EAEFF0ED08F70109EB16
:102FE0001203F10B0216D302FCF3ED0B09CF0E0016
:102FF00006F5EEF1011BC905FAA1FC05F504EFF990
:10300000FCFA28EE0627081CF6FFEB1310F9160C45
:10301000F700EEE3F6F2E0EE01FB2905F6FE2EBB2B
:10302000F008080F03EA0714F9FEEFFB04F50AFDA8
:103030000611FA0403090302FBD102F6011AE7F3B1
:10304000EE06E7050197F0FC01F1FE0BF7FDFF0E20
:10305000F2EEFB1407FF243F3410F63C07F2200386
:103060000E01FDC501141DFC05FD20C0131108DE75
:10307000FA090FE8050401F3FC140EF40CFEFAFF44
:10308000F6F7F0110EFEFD12080CF4F7ECEDFCFF64
:10309000F527C5E701E3F3FC04F6CDFFF9D702EB12
:1030A000FAEFF9EBFD04F603FAE2FDEB12E325CEAD
:1030B000F0063FF006EE433710F61DF90305C5FE96
:1030C000F209FBEC0FF41DE9F4EB020A0BEF030C21
:1030D000F9F6F9FC0C0008FFF6F907FB03ECF9021E
:1030E00004D436EDFFDD01FCEED70AFBF1DFD90A8F
:1030F0001315D60CF9D7E9FAF3EBF10D04F1CDD2A3
:10310000173A0F07FEFB06EDFF11000BF5F82F2213
:10311000FFFF1917F1EFA3F60904CDFDFFFAFDEF4C
:10312000F2F90A0CF8FEED0503EF050EF306F7F6CB
:103130000D0C120CFBDFF9F10D42F5F3FBE8D8F6AC
:10314000F3E4D200F6F22BEB10120FEEF2FFFF16B3
:1031500000FFF0C8E0DBF4DE0A14EB9E0EF60A0F67
:10316000EEF20913F112FDEE000B17C4F0F2060B9C
:103170000510FD0C080BFD0EFF11F8F9F5FEFAF92C
:10318000041008FB0AF303FF14071A0CF7E8E6F42F
:1031900001FBC9F30C110CF50DECA10EF2D8F702EE
:1031A000EE0A0D0F0506021BDB4E0DC502F411D30E
:1031B000130CA6FFF1EDFFF1FDF72AE7FDF51D0267
:1031C000FB0B281E0A00F50302FE12E906F2ED15BC
:1031D000F10DFF0710FFFD05FAF008FF0A12CFF608
:1031E000F84BF4FBF007B100F5E71CF4EBEAD0E98B
:1031F0000907010F07F210030DF6F308F1FF20FF96
:10320000F21220DEF30414CDFBF811D2F4FFF6B96C
:10321000010F1CDC0217542FEC070E1106FBF404FF
:103220000F13F1FBF2EFEEFA000DF4F401F31204C8
:10323000FE109607F1D4F9F2020BDA0D0713FDF731
:103240000FEBF9E810E208070BEEF4F3F20FECFED7
:10325000F3F787E0FF1320F2FEFDF1F8F7DCD2046C
:10326000ED0A05002C01F7F2030EF4C9E2F216EEA6
:1032700037F7FFFF4AF6FFFFE0F3FFFF8CFDFFFF8C
:10328000ED02000092F9FFFFE9FEFFFFA60000003B
:10329000F9F1FFFFF8F7FFFF41EEFFFF67F1FFFFD6
:1032A00051EFFFFF1E010000EDECFFFF8BECFFFF75
:1032B0000DF8FFFFD50100000404000052EEFFFFEF
:1032C00032F1FFFF1DF5FFFF81E0FFFF0F0000005F
:1032D00037F9FFFF38F1FFFF9DFAFFFF8BF7FFFF84
:1032E0005F0000004F010000EDFBFFFFBFF7FFFF95
:1032F00023FEFFFF93EAFFFF5E0400003E03000091
:1033000048FAFFFF10E9FFFF9EFCFFFFA2F8FFFF56
:103310004AFAFFFF52FAFFFF80080000DDFFFFFFBF
:103320008BF5FFFF00F6FFFF27F9FFFF65FAFFFFB0
:10333000BEF5FFFF40000000ECF9FFFFC0ECFFFF0F
:1033400087FCFFFF2EEFFFFF9EFDFFFFFBF3FFFF5C
:1033500099050000F0F9FFFF0BF8FFFFABFAFFFF44
:10336000C5FDFFFFB2F1FFFF03F1FFFF4CFDFFFFC3
:1033700056090000DBEBFFFFA900000018F7FFFF74
:1033800028F9FFFF25F6FFFFE0F2FFFF6DF6FFFFD4
:10339000F800000057F7FFFFE2F0FFFFD0ECFFFF5F
:1033A000C4F6FFFFDCF0FFFF21F5FFFF62FEFFFF29
:1033B00022F5FFFF8AF6FFFF72FCFFFF27F3FFFFF6
:1033C00039F1FFFFCCEDFFFFA2ECFFFF97F9FFFF04
:1033D000ACF6FFFF9EF1FFFFF7F9FFFF7B03000054
:1033E000B1FCFFFFDEFAFFFF87F8FFFFFDFEFFFFE6
:1033F0004EFDFFFF91F8FFFF29FBFFFF07050000CF
:10340000DBD5FFFFCAEFFFFFB4FBFFFFE4F9FFFFCF
:103410004B0500005B0600004803000064FDFFFF51
:10342000D2FEFFFF69FAFFFFFFFFFFFFE4F9FFFF96
:1034300083EDFFFF86FBFFFF8C0100009EFCFFFF7A
:10344000AF0100005FFDFFFFA3FEFFFF01FAFFFFDA
:103450007B01000062FBFFFFDAF7FFFF16F7FFFFBB
:10346000040000004BFEFFFF12F4FFFFAFF3FFFF6D
:10347000F4090000BDFBFFFFB4FDFFFF18FDFFFFD7
:10348000C5F8FFFFADFCFFFF64FEFFFF16F7FFFF6F
:1034900020FEFFFFA2020000A5F6FFFFB6FCFFFF23
:1034A0000CF1FFFF77F4FFFF6CF9FFFF51FCFFFF0A
:1034B000D9FFFFFFE1EDFFFF8201000016EBFFFFE8
:1034C00032FFFFFFF8E4FFFF21F3FFFF7DFAFFFF6C
:1034D000C2030000D3F8FFFFE1F6FFFF9E030000E8
:1034E00077FEFFFF29F3FFFFA4F6FFFFB006000001
:1034F00052FEFFFFF4F7FFFF5AF6FFFF3CF5FFFF18
:103500007BF5FFFF57FAFFFFD9F9FFFF62FDFFFFD1
:10351000DBEAFFFF22FEFFFF3AFCFFFF23F4FFFF81
:1035200012FAFFFF51FFFFFF38FAFFFF2AFFFFFFEC
:1035300087FBFFFFFE02000037FAFFFFA2F8FFFF44
:1035400095F4FFFF22EBFFFFE1F5FFFF1FFEFFFFFA
:103550000506000009F0FFFF2BF9FFFF63FFFFFFE7
:10356000F3FFFFFFAF000000D9F7FFFFD3FCFFFF21
:10357000F4F0FFFF2BF2FFFF83F9FFFF8CF7FFFF53
:10358000680E000017000000AAF8FFFF40EEFFFFE2
:103590004EF4FFFFC8F1FFFF1FF8FFFFFDEFFFFF35
:1035A00020F6FFFFB201000081FFFFFF56F3FFFF8F
:1035B00071EBFFFF6DF9FFFF13FDFFFF61DCFFFF04
:1035C000BDFCFFFF8AF9FFFFCFF9FFFF12040000E7
:1035D00017F3FFFF1BF6FFFF7DFBFFFFF8F8FFFF70
:1035E000D7FCFFFF1BE9FFFFECF7FFFFC5F8FFFF6C
:1035F000CC12150866E7FE7FA6CAF800E7FBD8F1F3
:10360000334E4FD423B6CB4A81F1F19B7266EAC1A7
:10361000FAE5D949813314002320CAC6F3CDF60C4C
:10362000F72617CFFBF0DD10E937431BC617D62965
:1036300000944DEA982B0BFBC8D7E7EC1C1DC28900
:1036400028F5E0E661FEDDCD3E05127FF3530D7DEA
:103650002FE4A6420EFA091D00F5FEFC64DB2218D9
:103660005622D9E53E1C1618FAC112130FE9FAF9D1
:10367000FC5DE625C8FAEBBE7F7DAF08302BD46831
:10368000ADEAD83EFDB5EC98B6F05178C33125FCD3
:10369000D6ED7D0AD8EADCE1413A30A9E02805ED13
:1036A00043934C8D28E928814F1FF8FE071700EE41
:1036B000C14741C420BFC56815F5DEEEF00822F60B
:1036C000CEF704FAB9F71B31CC09D6F8DCF0982A0A
:1036D000A8D4FEE9FED9E1E3FBF272B114C92DF7DB
:1036E000FC0CFCE9BD1CBCF5DC12B8CFF7E3F9001B
:1036F0007F87CDF0EF0E43B87130F2EFA111DC7F80
:103700000227F8E0EF2F7F7FCD02DC02FD0441D7D6
:103710000187CA0DB8BAAAE273750C93FCCA4300BC
:1037200003DB767F1EDA6BFC81D88BFBD4FBA5EB29
:10373000FC9108E4CFF6B503F8DBE74302E97F111B
:103740007FA82BC5F17FF6D6F1090A3EDE83A6B924
:1037500045F57F5611EF99A6F8EB21F38915F1DCB9
:10376000FA57F304F18D76F701B2000BF2E85FB877
:10377000B9C7A1E9FA3CBDD9C2C605A6C106817F79
:10378000B3F0FCD347A50CA7E1674081B0A724F5AF
:10379000D1262BD52FE2F72CE0D6FADDF2EFD615A5
:1037A000D609D8FAFDC669FCE45D9F7FEAFE04EC09
:1037B000BF10A80DF12D400770D735D9FDA328F310
:1037C0002C2B3AC25E39E55D38DB0ACC7FD581B857
:1037D000D13BF0A795EAD6DDDADEC5D9FAB4F6E337
:1037E0001B2BF5BF0DA2F42A194136DD3A2B0C9E96
:1037F000DBC71DFFC0031BF2DDE204A7B4AA062A43
:10380000AB101D300043FAD941EE0CA3F3440BEA90
:10381000461C354EE0FBDAC60212EDDFD37F2B9259
:1038200052E024D14130CC00FDC7A5E409D91C1ECB
:10383000F94DDBCE10F42DD57BC307F2DB818CA5CF
:10384000A0CD0281F408F7D0DE0553CF1FF91A048A
:10385000381725FA0FF4C4ECF5C4330FD49F0A0FC0
:1038600081CAB2CC10D8041762FE1661240514EE8A
:10387000F838FB5D42A837F1A98161FA0B1B1CEEF9
:10388000FDE014E22DCBE5ABE6EAEA201317F8B72A
:10389000F13CF902BF7FAEC77F41452224C47A3391
:1038A0006AB0DC6828D3D972FC5119C5EA76537F17
:1038B000EE20A27FDD1810E1150EEDD347962E3CC9
:1038C0003DFA46E6090BC9DDF82EE17F247FCC7D69
:1038D00010812C0613E4DC0505002D077F7F7F7F18
:1038E000CB3912C57F1D21315BFCE59E0262F7D505
:1038F0007FF47F60E0057F7F13160AFCD54FECE86C
:103900001FCF931158E27F0D0F7F7FE614082FB968
:103910002932D21CF3FAED91D6DA60F710707F7F6E
:10392000811B5B360208547F0EDAF4EFB87FFCF49B
:103930007F1BEAEEF7FA6CD431655A6EF34903F84F
:103940004FCE027F311E7DDF7FEAF8FC7F1FE1E66C
:10395000F2347F7FD263D4C8DC0A7F09DF7FF3F3C0
:10396000493DECF47FE3E56A93FB3C0102647F4B45
:103970007FB8457F7DDCCF30057F7F817F10767FEC
:10398000EB9CE412EB1181C0C80D8194FCFE0BECA2
:10399000EE7F81E4FE147F7F7F7F814781EF7FC6CA
:1039A000E0F9FE3A7F7FE2ED7FFEBBE7EFE97F02C1
:1039B0007F817F7F7F7FD37F497FE681D6B306D625
:1039C000EF817FBE71817F066A7F7FDE7FE57FCEDC
:1039D000EE66F0ED817F73FE7FD07F7F293AE9F8B4
:1039E000C97F817F4B65EE7F7FE3EC7FA88181817A
:1039F0007F36EF7F7F7F7F81ED087F7F6C1AE1FD4F
:103A00002A7F0DEE7F7F36001478E5E08111327F4A
:103A10000C7F7D7F107F817F81E1F7647F00500400
:103A2000AB7FB05C7F7FAFBBE11F7FBADE817FEBF6
:103A30007F02C5E4E702EFA4B2BE00C8F6E2E37F6E
:103A40007FFC7F35DB85DFED816F7FE07F04F1F266
:103A5000067F7FF77F1D7F0F73FDECEB423C7F5BA2
:103A600037E17F7FE77F037F6D7FC1AECE7F7FB57C
:103A7000E3C9A078737FF8FED1E8B9431881ECD28E
:103A80007FDF7F7FE409E2E6EB7F7FD67F3640620F
:103A9000D3CAE9ED28EFFDFDE8EC7FF70BA1F64F67
:103AA0007FE527B1AADAEC7F22240E710F781C156E
:103AB000BEF76C7FF509543BE80AEEE57FD8297F15
:103AC000002CAAD17FF0B5FAFFC163047F062BD387
:103AD0001340D6E2060325ACD47FDFF97F360D7C98
:103AE0009850E16FB804BCA6E1FECF2FD100AEFF25
:103AF00036D3C9F5F3EE7835F57F7F1B117F20EEC5
:103B000017287FD3F0FA7F086C47E2261E2FF47F38
:103B1000DC7FE534817F7F237F50777F7F02DC234A
:103B2000097F2209037FE14AD2F530E1027F607FFD
:103B3000FC17E0111430445541993322DAF9F7CDDE
:103B4000AB81A7E35526089643C9012AC7AEDF1FFC
:103B500012FAD96323A1EED6264FE720E6BAE73C56
:103B6000070326F7071BC4F6F82519D824A8AF8148
:103B70000FA1C2CA020CFAF1D1E2ED0FB8F9DA7A5C
:103B80001DFBFB16FDE9D3529EFBD7F7F37FED0437
:103B9000B8EE678AFAFB95E3FB0A0EF65823C00DD0
:103BA0004800191729363CD5E5FDD0ED0DE72FD19A
:103BB000D72406ED0A060523DBBAE8F7E0B6284667
:103BC000E9CF7F1FD6FEAC3E24D67FE2B8C53AFAD5
:103BD000C32D810827D2F427E52BB1A4E59BF4FC83
:103BE00015E0F55510F3117CB6DA000D24FE0B3507
:103BF0000B38C21CBC49E9814CEE33FBEDD8DB002D
:103C0000C129F71425E104812A0D12D80EDD1322F3
:103C100065F5F9D3AE14E916F6C770B0D0CB2A1308
:103C2000F1AE06E3A911F8E3C8F7D87F07F2E80080
:103C30007335DDEDF1FEB32E55E6C17F8E02C3690B
:103C4000027FF810EC727FCDEA05F04503F516E728
:103C5000F4A7EBC435327FFD7FC609C4E0D3C8F3B7
:103C600004E94B7077B5DFECBDEE50F55EEF4A7FAF
:103C7000F97FD3EBB4DA51D8EA7FE9A4E73A6D15BE
:103C8000B83891461A38FCDEE50EF890EAA097E4C1
:103C9000B17F5CAADBE35500040690C84002121510
:103CA00000A704090D64C0FBC17F447FA8117F34C5
:103CB000503F41D07FA3ED5A88DC00812DF24BCFDD
:103CC000CC41FA094E37DF7F00819DADEFC0B4E9EA
:103CD0000EC55109FB0D04C2E9D6FAECFD2A7FA9F5
:103CE000E604EA7FF4AE7FF3B5814DF5EC08060CEF
:103CF00000124A0EAE3BF8F7B34926F9E981DDF828
:103D000081E7A11A7FCB204D24D22E13CBFB4D008F
:103D1000E9F3CB1C66D6FAF7EBF60F13E8BE1AF6FA
:103D20009CF6B4250D5E00F9F2CE09FC26B5E23B07
:103D30000BE0DF1931FA05F4FBE7A7332236FA4F1F
:103D400021FCA1E1EDFBF6C70D0E1029F090F7F56F
:103D5000E300A9A7F60931D6EDE7FBED3DF6272BE9
:103D60001BFBD5082395CE01F71C1EF7F90CA8E123
:103D7000E6C5F9D7FA07EB02F12F07F8BB10EC4BB9
:103D8000BDEC722CCBF17FB67FF7BE25F28B1AFA11
:103D9000D8D8EAFF0D0413122451AD19E216C01D44
:103DA0000D041E47EED313CDBDD1D8720EFEEDFE2D
:103DB000DFD8E092C834BA1D33352C11071CF1F05E
:103DC000F2F5EBD72DFEDF4AF4040E0AFC9CB13F5E
:103DD00084FFFFFFA70200009FFEFFFF0DF8FFFF1B
:103DE00082F8FFFFB2FEFFFF6003000088FFFFFFC5
:103DF000D7FFFFFF19000000C4FEFFFF660A0000A6
:103E000029000000D00D000002FDFFFF37FFFFFF7B
:103E1000BE000000DD190000890000000E00000057
:103E20008300000040FFFFFF651F0000C701000086
:103E30009F05000059FDFFFF97170000F1080000E3
:103E40006DF5FFFFFBFFFFFFD6FFFFFF89000000BE
:103E500063F9FFFF20FCFFFFD11A0000D60200002B
:103E6000FE0000000FFAFFFFDEFFFFFFFAFFFFFF7B
:103E70001401000023000000B91E00006D000000C6
:103E8000311600001B2E0000DFFDFFFF21000000A7
:103E900075FFFFFFCFFCFFFFE8FFFFFFF9FFFFFF0C
:103EA00040F3FFFF0FF7FFFFC7FFFFFFC9FBFFFF57
:103EB000F4FEFFFF1F00000063050000E7FCFFFFAA
:103EC0002D000000480200000D000000040000006A
:103ED0007FF7FFFF833200002FFFFFFFD8FFFFFFB8
:103EE00026FFFFFFCEFCFFFF44F0FFFF35F8FFFF8A
:103EF000BD0000009BFFFFFF26FFFFFF41180000F1
:103F0000EAFFFFFF0D05000040FDFFFFEB00000092
:103F1000C5FFFFFFA70D00003300000087FBFFFF78
:103F2000330400002C120000A5FAFFFFD9FDFFFFAB
:103F3000F0FDFFFF92F0FFFF42FEFFFFE6FEFFFFF6
:103F4000F4FEFFFFFEFFFFFF99FEFFFF8FFAFFFF6A
:103F50001801000019000000E5FFFFFF87000000C6
:103F6000A30A00002AF5FFFFA8FEFFFF14FCFFFFD5
:103F700076FAFFFFADF7FFFF75F7FFFF8BFFFFFF3F
:103F800088FEFFFFD0FDFFFF0EFEFFFF9FFEFFFF3D
:103F9000D8FDFFFF070000005A2A00007AFFFFFF4C
:103FA0007EFFFFFF3C00000018000000E5F8FFFF67
:103FB00055F5FFFF68000000F1FFFFFFB0FFFFFFB6
:103FC000920200005216000011120000B7290000F2
:103FD00026F7FFFF47FFFFFFB4FEFFFFCAFEFFFF0C
:103FE0005CFDFFFF68F0FFFF76FFFFFFF6100000AB
:103FF000F1FCFFFF6DFFFFFF21000000C2FAFFFF91
:10400000DEFFFFFF6CFCFFFFB70100002700000090
:104010005709000056000000ACFEFFFF74000000CE
:1040200060FAFFFF8EFFFFFFB2FBFFFFC7FFFFFF3E
:10403000AD0100002500000088FDFFFF12FDFFFF1D
:104040005417000037FFFFFF1DFDFFFFA4FDFFFF1A
:10405000B3FEFFFFD9FEFFFFAB00000082FBFFFFB6
:1040600015FDFFFFC9FFFFFF3C0B0000B90000007A
:10407000EB0C0000F90200004A000000EA0000001A
:10408000690000008AFFFFFF960000006BFCFFFF45
:10409000310A0000FBFFFFFFFF01000017FEFFFFDA
:1040A000F7FFFFFF31FFFFFF420400008CFEFFFF20
:1040B00027FFFFFF20FEFFFF6B000000CD05000083
:1040C000C7010000760800006FFEFFFFC2FEFFFF81
:1040D000CFFEFFFF66000000F6FFFFFF300000008C
:1040E000820800000B00000048000000BD0C00002A
:1040F00013020000690500004AFAFFFFAD0400004A
:10410000BAFEFFFF3DFDFFFFD0FAFFFF07FEFFFFF6
:104110003DFDFFFF13FFFFFF06F8FFFFD6FDFFFF8A
:10412000F2FFFFFF6C13000060F3FFFF5E02000070
:10413000091200002D0000007EFEFFFFA9F9FFFF1D
:104140006AFAFFFF3DFEFFFFE9FFFFFFAD00000041
:1041500002E611CAE1F028041B3C030D16EE1BCA4F
:10416000FD07DE0DE806264F1CF9FF2C477FD41211
:10417000E8FDD4131AEC19DDFB4A4002130C2B3A6C
:10418000F9F9E5F6E922D2DBE9F2DDF7D6E611111D
:10419000FD2E29C835C4FFF11BB1E80135E7C4DDA8
:1041A000F1FDE0F0201633F427F2EB11C2FC3DFBE9
:1041B000141FEFCFCBCBD0CEF5D7E906F5CBEDF181
:1041C000E5CB01DCBF0E21F8FD35FAFB2DECF42820
:1041D000F5EC42F00704CC046134F5D21839DCD593
:1041E000A31A1DEB0704F224E2F904FE04DB171006
:1041F0000F27160D02D4FC0911E5182D12B9030A78
:10420000152C41F110E92716040825DDEE3C18E3D2
:10421000CA25B120E8500D13B721EA1047D0E601B6
:1042200003D5002904DF2CDBE1F42AEFF3F3EA3AAB
:104230001314A852F044A6F81026FB24BBB6EDDFF9
:10424000F6C6E9AAE522F21FB7C0E4E4FD06E237AC
:10425000E20B3FF3DFFBD21625A427F41A4EDD2B29
:1042600094E0FB38EB150CDEF248046DDE03BECCA7
:1042700065682220292836E92100EE3C32D911D187
:10428000EDD817F1E43DDE650B1408D2A605E2D5A2
:10429000F9F95E8E01DA060272332FE3320B03CC9A
:1042A000DD3F08C902004B141F04242318EBFB3127
:1042B00025C801EF12E031BBF8D73FD469F2D71619
:1042C000DE0FB12314BE29CC45BD1E0DE8EFF6E488
:1042D000D5C514ED0AFCF0EC28E95D48091B53FA3A
:1042E000FBDBF0AEA1FEDF815708F62D290EDD13B2
:1042F000FC1507F5F9E3C7AC0B40F29F0EE1D9E2DC
:10430000F229CD4D3708ECBCF816E73517C9C0C9FE
:104310001DF21B0CF101ED0BF2F1EE0DB3D7BAE378
:10432000C7254DE602130420D3C405FE001F2E133B
:10433000F9F51815F81E2814EBF10CE80D0BDAE668
:10434000053902FF07F1042DEEF511E8DF180232FE
:10435000302245A7FD1E10C2D70C1520F8F8AED0AC
:1043600032A6B2ECF2EFF2EC34FB13C80DC029090F
:104370002FF31A00F7020DFEFF15FFDA36B4E4E161
:10438000F45225FCF220D4405A2EFF3419F6E647A9
:10439000FBD5032B11FD44C608E717FB051BEE31C7
:1043A000EA1FFE0308C7DF052620F1FB30B9F7A896
:1043B000C9FA2281C306001CE427F0DFEEE10456AF
:1043C0000731E003ED13FCE11B140616F3B71C32B2
:1043D00099F1DE32EFF5D810E6F4F718F80ED5486B
:1043E000FE1FDA28F7402107280D1D07A2F119EE5C
:1043F000203B3219F3F5BE08B3CAD3F5E9F5DBC1AA
:10440000F10DEFFDD91425B7AF171DF803D213F73F
:10441000F8D4BE01FFFCD90E26D22303C0F50AFD55
:10442000B8EBF90ADC0214F71408E5F31926ACCF4F
:104430000E243AE3ED4DF3FBDA1B0403B70D042021
:10444000D024DCFCFF10D4200AF2FC44F258E0F641
:10445000EA1031C4F5FA1E01F6039B0C10F44E1E4F
:10446000FC26E201C3E9E7DE3AF6D0F739FC4BEB74
:10447000181B2AC8EF051CD0E7040411FEEBF8C393
:10448000232F1EA109CBFFD80CFB13DC0CE3FECBC2
:104490003D0DD645D5FD1EF4F87F57F206F410E920
:1044A000F7CD2413EEF1E80EF4015CB45234F3318D
:1044B00008D948060D1A10F49D05EC1BE41BF5F213
:1044C000FD11E5E42EF4EF10EC2901E6E906FEFD0E
:1044D0001FDFFEDEEF0C1CDD3106D14FDC2BFCE6CE
:1044E000F3C4FA3F2927F5E5EB4EA1E503C9EBEC50
:1044F000DBD20FE026CF9BFECF2F1AF49D2268E57A
:10450000D1B1070D0E18122B14CD16DD2136C5F1D1
:10451000E6EB271F12E1C0113DF5E7CE7F5A26E8F2
:10452000B1A0E8A90A001B41052AF90606D7146FB5
:1045300002150BBED646ADE76BBBF03710C3005E6D
:104540000DFBF93D00B9D4D0204ED2FA2BEDDBB3F0
:10455000E643BE991C2FFBAFDCEC2DC2E14034C515
:1045600025E70B406019FFF22EA3CAEECD2AD12F0A
:10457000C8100B36262116F9D8D01800E7C502312D
:10458000FE3A3925B229272CDF530030F08AFFDBB1
:104590002BD18806F4F4087AFBD51C1ACEC018FD7E
:1045A00012F613DCB1A3F5083D183A0F30DCCBEF5F
:1045B00002788D1A4210F7252D1E2608E5EBF5DF4F
:1045C0004B233942ED3BD8072354EE0C320800C888
:1045D0000BDD030417F2D0F147FA18010FE71C298D
:1045E00010B5DA0BF1FD54FDADF61EB222083042D3
:1045F0004A0728171418DF2B02EE2D02F5E8E07F9A
:10460000190DF5E2DD0FEEF8F3F30C2FCAD5F6FD28
:10461000D0D7DC2306BB05FC1C0C3B0A18EB0EBEF6
:10462000081E0A001E990CC202D626E3DDE7010827
:10463000480EE609F2CDEEB9ED0D1631161B150642
:104640000EFD020901DB21F9FA20FBE4D037053326
:104650001B2E07FCF702FF0916F5B21DEE0BDBD48B
:10466000EDCEDBDD0D0F3B0FE7D40AFB41DC0CE0A8
:10467000DD093E07FCF6F114B3082807E9D2CFC6DE
:10468000F8ABD5EDE4FDFD37232FBD0EFD1CFD3C41
:104690002401D431F0C8DDF2E4DE2944F5BBFFCEBD
:1046A000B70DCE27EFD50629084D410A34FF230C5C
:1046B000D227F9E8061A043D133D54212835FDEDB3
:1046C000FAE73CB403F308EE4D101BF6ED01DF10E2
:1046D000282EDFBFF2CA370805CCE2FDD2250BF148
:1046E000C4F5082111B3EEF928C2FD1D2257FAE9DD
:1046F000E92DF01ECFC914C21CDED60EF9F04E0F04
:10470000B261E5D5F901021B2A063C1E1CEC0C1C0B
:1047100008232CCCD40C68F60500913F1000EB0563
:1047200022DA09D296D8F20702D9E0BBDC481BDFB7
:10473000FDCF21AEC31FF6EDC9FBEDCB75D4F2FD65
:10474000F4FCEEF4DBDC1117DEC9CCF3F61421D552
:10475000DA40C840C174C195DADAE3E6F244E429EC
:10476000E3FDC8032A211C0E98F2B4478155E9D015
:10477000E2FE1181F20AFB2811D514CB376C13E944
:10478000D92E274B2AFFF2E1F363F1DBF1D620FCAF
:10479000092A16DB00E020080AEC10FF1014EF0DC8
:1047A0001336CF51120DFAD8D1F2DE17F040E207DE
:1047B000CF08C91E08002B272AE34224F4FFF5D2B4
:1047C0000B5A1AB723CBC9D21B3DEBC321E8ECD956
:1047D0000CAEE6F3FED11AD1C1DAB3983BF715F768
:1047E000F4D4E4EDEBFD2017AF12D3FB6D15101AD6
:1047F000E81304161702E6E0131EFF22BA2E27D88C
:10480000F7FDBB56E2FF49ED047425D1050C0D02FE
:1048100021EFCE0CF6FD0F1E010ADB36E32021014D
:10482000E1D4D0302A4D4C06D4DBFC31FDDDDFF77E
:10483000F3EECD3395F3C9CB0938FEEF0B08E50D48
:10484000BF04C901CD463263C222DF01F6503BE905
:1048500022193E362C06FE13C3BCF9060DEB65A4E7
:104860002DB8E40C031DE6E6DEAE281D03180CC8C7
:10487000B6EF38F216EB199BDE27F4F7E305BECE50
:10488000BFF7E4F2E5FF51540CF0F3DF1630F7D632
:1048900018C12DF932D8C7C841E6DE3527A1DF435C
:1048A000360709F5E61CBAE63AF719E6FBEA1619E7
:1048B000EFBE1A0B62E619DEFF25EFF9E5E8C70047
:1048C0001EF6FCED259A257D1437161FE9D1147FBD
:1048D00022F615FE12D9EF9E2BFC0647F52DEDFCB6
:1048E000DA209CB9202742F52627A735EE48321F4B
:1048F000E12EFAD6E2E8E60FAFF72B5FD1DC03201A
:104900000BFD0E3AFEE3D6D4FC32336FFD87C8E8C8
:10491000CD1F010A0B11E6EEC7071714EB00F3C910
:104920003EE45C63C51E110AD51CDBD4F505E94ED7
:10493000135232EE301105FDF04BF82CDC05FC96DD
:10494000F4323C2B2A231507F4EA01313C061E8D74
:10495000D7E4E9E1FF0C0AFBEFEB3502431F0FE957
:104960000F40F8E0101ADF2A98C01E0744F2F63212
:10497000B316FD1D0528E0CD2805072536010CFCE2
:10498000EECCFFF3C7F9F342CA0C1AE7836D002F90
:104990000A7F4405FB0A121C2DDB0B0BFE1EFBE3FA
:1049A000D5D22F4ADA8DB5BEC1533707EB09FABF0E
:1049B000600765041F3FC8AF7A19EAE51BE1DFD441
:1049C000FA28FA0EC7F30303050B01B921E8EF56E5
:1049D0000D241FE529B7C8DFADFCEB23121AB2DDA9
:1049E00039E42D210D3DE71B501BDA4B10E714F97C
:1049F000251AFF1233D6251B27F2DE29F43DE826BF
:104A0000E909020DB39AF3402ED6FE1D012FEC33B7
:104A1000EA1517A9EB29F7FDEDE4E50D3FE4C6E83B
:104A20001DD96662F10D2BEDC5101111FF1B41C29E
:104A300010166604291227F0FD20252DCCEAFEC6AB
:104A400003B9393A3CDF20C7931E3C061778F6DFDE
:104A50002CD1DB1CE02344EAEA1612F3CED9194626
:104A60002AE107F7CA0FDE1CE1F8C11906FBFB3685
:104A7000E30A2C12EF48391EE3F608A2F50D5AD4CA
:104A8000F714DD1B3BF91BBBA3441AEA0202FEBE6E
:104A9000CA50DB34EB81248512D823E012D212DA1B
:104AA000D1ABBF0B1D2C32630CD3F4E4E6DB23FE49
:104AB0001140993303C2001FF408F93EE022D9D90E
:104AC000BFECF50610BB9FF0DCE23E133D00E002B8
:104AD00022E558E1F6CCAEFCD71630E32326E62DCE
:104AE000D326F7DBAC10EAF3F220AB06FE06214E2C
:104AF000FB269EFFFC0BA513F63443E201C1002206
:104B0000D91D55431405E85C13CC7F0C2329D7002D
:104B10001E28DD0031DA15121F373FFC08F9D8DCFA
:104B2000EAFF0704E7F3BB05F01CFB12CEE8F12512
:104B3000D64824E732F813A1E8C0E3530AF0A004F2
:104B4000E8DCCD290A1C17F4771AFB0903EFAC0443
:104B50001C1B0D18D5CEE4E3E0FAF01900C4E00602
:104B60000DB53AFCCC030A422117E1AA1AF5E52259
:104B7000BCFC1F8825039F91743033D40113D505E5
:104B8000CD3CEB08FEA5CD0A441B18C429B00AE7AA
:104B9000CB1BF0E739F5FB0EA9B4F4D300201B447E
:104BA0000529CA16F9440DCE422B1DF1282E32F0EC
:104BB000CEE9DE53441122040710DFE71718E5D6CB
:104BC00040F59FB5FB16F3FA072444A8F5CFF80D7E
:104BD00036C2A1042A1D0CEFCECC3EF4150ACFF745
:104BE0000AAAEBB1EED4EA1CF61DEDAFFE226A0F65
:104BF00006C8CE5AC5EADED3E7D7186C1535A365CB
:104C0000C1C4112A03E0F52DC212FB07C9AAF4E9B9
:104C10001FA8F630F7259243E3204AAFEE1CF43B81
:104C2000C803C112D8310B353AEBE2D5393731A878
:104C3000E327FA0E33E1290D111132F8FBE6400C9F
:104C4000F6B015ED2E98DB47FC16DE0305B1FD220C
:104C5000003BD22A11FB0CC6E1078119062EF3078F
:104C600009D4DCEB0CEAE79FF0F48BDAB2EA280215
:104C7000CBAFFD0BFF410958DD0CF466E3C8B2C0B1
:104C80001F05EC1C20AD1DD0B0B5FB34D2DA1B04DF
:104C9000FB33DDD3F7D60DA4223CE84EE73CEB9D79
:104CA0001C04F0213732FE9ED1DDF2DFA208B8F4F9
:104CB000F3E21BE603C01114052D1318F5F7E0AE5F
:104CC00000FA0266F7F313D70644F50BD7D1E411C7
:104CD000E71A0A032405D51A16EBE2E305D905FF06
:104CE0003005D0ECDB39E91726FB0A38030C222FFC
:104CF000FFECE311140A03DC143D0809E70BDE0F97
:104D000002F80C10FADA1ADCE8E8130A260EEA2197
:104D1000E7F6E205CC4DB20C32077F36460103F3CD
:104D2000FB1503EDFCE9FED0FD34EE031D07DAF4BC
:104D300017E939FE04EDEBD9F1BDF81614BFE30411
:104D4000FACBEB27C8DDE8F2F7F713F2EAFFF8EE4B
:104D5000FB16DFE9FEFF32F5D71308222F2A0C30AD
:104D60000FF70621FA2B21250FFC0A0BDEE61B0D9F
:104D70001DE0EA0309F0F507FC1F0703E6070EE64E
:104D80001A1613FDF028DB0D100AF5E4D41EF5EC1D
:104D90000D09D3E20A00DCF8E0EE19DBCC1DA3F923
:104DA000BF47E8FBF5F206FE02190315F3C823F22C
:104DB00004F9BBFE130416D7F94427FAE3C2DEFC5C
:104DC000CF0BDA08BAAFE6C21B42D8F302DF28EFF6
:104DD000F437F10A81F3ED1100F5FD0BE61A01EE4F
:104DE000BBEEC4EF002449B70FE90A2E12034B2A89
:104DF000DC14FDFCD5F91D331823E3FDF4DFEADAFA
:104E000018122C0AF8E6ED0715DBF6C6F429FDF4B6
:104E1000CD142E53121AF3F4FC22E70637DBD5FB30
:104E20002108161C0D04DDF4011F05F22AF1E9D654
:104E300004F6F0EC010AE8D5E829FB19DF06DDE10C
:104E4000E42BF214F503EAFAEA1B13C32DF809DE8A
:104E5000DAF70728180819EDC2FBE2EC150F06096E
:104E60002DF10AE311001831001203D6F827D7D725
:104E7000DC34E001FCB7C41D171CFC4904D318FB4B
:104E8000051B21291130DA071AF6EEEBF1E01A2F93
:104E90000A4FEEFDF1C1041FE51016EBFD34DC6195
:104EA000210DD6D6F2F6F7D7F007FF620217E921F7
:104EB0000A5CF32AF5CF036C382F081503E7AF0B14
:104EC0000C3D093A1B1C36EC30F9FD5ABE000FD3DD
:104ED0001BA9F3ED070A02E42522F1301CFCFDC8F2
:104EE0002BEA5FF0FE053013DB3C0FEBE8291D00D9
:104EF0003CE32622EA00CA20005102C82F34F9E31D
:104F0000FC2533CAE60B070EF21037027F02041F9E
:104F1000F3040207D918030A2BF5F2DFFB0900FEA0
:104F2000D3E6C709DF4507E551290E0B0D271E0EF5
:104F300008FBFE1C13F3E7010719EBF5A5E701FADF
:104F4000FBCB13FFE912F80DF1F5FC16EBBCE432D4
:104F50006DF2F12817FFD12E2BF3E4B6BDF5FD0E4F
:104F6000F83E10E5F125F92F2C0B5C1603E8E9015A
:104F7000ED16EE001ADDF40A5965F4FAF228205A0B
:104F8000250FE6EBD6EBF3D21C50CBF2E8E91F0578
:104F9000FE10241311FC28D910DA1BDC0E00DA34C1
:104FA0002DFEEB01009EE2F91928DE19C0D0D4F9DC
:104FB000ED29FC2CD4F604B0FCFDD8290F2922C21F
:104FC000D929073DF828E9643409BDE70D7F0DA50F
:104FD000EDB0CA30FD252A072634CDC01DFDC85AC4
:104FE00038FA27FA0CC4312DD91814F6320400C44B
:104FF00039C0D0F0E8283FF107E2C1E3D1E9103130
:10500000D3A4C5F2C6581739E75BC3DA0B60200496
:10501000302EFD30E60A1A49B3C0FBDD3C20D9FB37
:10502000EBE4E2F301BB47061F03F7C402EF43F1D1
:10503000B9FFD8BF4B0032061EECD813BA44C6CB1A
:10504000241D03DF38E9402F0820C3C639ED1C2991
:1050500013100CEC25FE75E3EA3AF5DCED282FDAA7
:105060001B421813CBF0FFEC011BD20BDE4CBFE749
:105070009DFB1AFA01CDFEB6E2F1BB9AF726DDEFF1
:105080008E5311E5F3D7163ED5FA24CFFBEA7F10F5
:1050900012CF11E5C72DB8DAF0F4C714E4F01FFD04
:1050A000AAF709382020EFE1D332F700960E33B388
:1050B0000EE8EF5B2CE50FB41B20ED0E62F72F0D11
:1050C000C40C413302135C023159FD16CD1C21F38F
:1050D000061FD303B7C2F0FAF22225360FDAC6E470
:1050E000DEE4312D10F20BE9D31AF6DC12AE86FBAA
:1050F000171C89DE25100D2D19FACC14EBF3FB6378
:10510000D5FD11D6B7A0FD1BD4F52F1B0A16FFEB5A
:1051100004EADD020E071C1626AC14C7D1E323DB1C
:1051200003494EE14221145B29A40306012ADC3025
:10513000EBF7C7AFF0E31CAE2BCD0DFBEDAE0BE4F0
:10514000C4F91DFE24EE2616E62D5709E6BDE03013
:10515000E8D810F416151DE0F70BF70CE6E2F23371
:1051600064132C4EE9E022DEE0FCFDDBE8DFC31F28
:1051700010FFD810473701C0E5FAFA2DF9EA18E90F
:10518000CDC4E1ED048112E5249DE4090E0F34DE67
:105190002406E31F07FDD6B4C3FC1EDAE917F73D6A
:1051A000100EF8D615FB000427FF23D80240260670
:1051B000FB483227F53E07120BA6D242DCEA0ADA98
:1051C0000DB30DDEDABC49F01E20DA07C2E842F169
:1051D0000BDA12E9C0E2D5F91C41DF1B0F02DD0733
:1051E0002D121CDB2E23DE0CFDD701EDDBE608FEC5
:1051F0003919F717300AD7D5F7C0EA0716C9FDD312
:10520000D2E3DFFFE7B2C4BD211BC91F81CCDDFCA7
:105210000732500E0607C3D2D8F713BFCC1A26E1C7
:105220002BF73005171813FFD0420509153FA0FED4
:1052300006E04004D448F4FCCB29F4E5AF0AC03AB8
:10524000430113CBF031C8F1D8C2E93EED51FC4027
:10525000A6E01C2B14521CBEFE0A18EE19EFE12129
:10526000E830092C0F01381CFFE957B5FED6F606C9
:10527000DA0DDE0D158422BFEADC742CDA1E530031
:10528000341F98F225B0175121D4F9011FEEC6083A
:105290001649113DE61127ED19F80AF9254E434A42
:1052A000E2111E01DA0801F5CC033FE3DBEC011447
:1052B00044EC080212BCC1EE93BC2AECE1C6D6E86D
:1052C000B320230FAEBA0F042B362A233D14FE2140
:1052D000F1E815ECF8FED901F7EB02F9C107C7E8D0
:1052E000FA060C6726131423F75F051C22F812E850
:1052F000F6F820FF3353E7B103E20008C3E345C2E9
:10530000D51827DFC901F90CEF3BF3D9F60CED09ED
:10531000E80A0E0F2727EDD804033AFF2AFFD13001
:10532000F6E9F00416C71C4B07B7140AFD44E64320
:10533000FC15140DE7021116D4F7EAF7FA1AF5FA7C
:10534000EA15DF5405A9FDF7080FEDE5EF0A03F6AE
:10535000FD46FA137F2410A12FE42FFEE3ED27FB77
:1053600027070668D61731E1FCEBDE42B903390B9B
:105370001D050B09EAD80CFEE2F0C35BF636E7F533
:1053800008BAD32AE20CC3F5E216F42D0FC4D808EC
:105390001921E30ED3000F0519F932C1D6F5F4EE49
:1053A0003A3E272BDC1420EDEFF7DF1E1437F5D043
:1053B000D525E60E97F69B26DE192B1D6AE4F51C13
:1053C000A5D620EAFDFED8000F4ED9E77F462D0373
:1053D000E015EE1ED10AE9F5DEBD0248FE25BADA77
:1053E000F1F1F3F95342F0C0F429C61D0516AFD010
:1053F00010D30D090133C940FFE21FF519E4FA206B
:105400001CF6F2E81DF2020F230822F61D001ACA4C
:1054100003CEAB17E8D9C89E9A0D13BE05F806DA7D
:10542000C3D5EBBD1E0623FD0EF7E228012F1F1B7F
:10543000C3E6FEF7B3D1E31D3BFCBC2E3019FEDC06
:1054400007B9FBEE45DFC4F6E7F7F147DDFEEBEE0B
:105450004ABE191553168D22E24BFAE91A002B3178
:10546000D628190B0BF0A1ECD2E51E44F012F5DCA6
:105470000FFEBAE9EC23DDC1E00ECBB9EAF003166A
:10548000D0D3B9DD15DAE8290A3CDD38FFEACB1ABA
:1054900004F617C92FDA1801D30E13DE0838240BCF
:1054A000AFE504FBDA0F811A02E70D22EFC3F64DD8
:1054B000FA411DC9E4DCE92D0800D9F42C22FC12C4
:1054C000220DC0F9FC1C1F2EFC0308FC08C7FCDEE3
:1054D000D9A4E340DEF7FFF1F8F3EA01FF3507DE78
:1054E000DE2C0BCB15F017D4000BF011230A17306C
:1054F00002A9DBD403CE1100EDD1D0330EFF05138A
:105500000205D605E21B04EDEBE62515F200F012CC
:10551000ECD20713F901BF2706FC0F0DEF2635FF6C
:1055200002FDC8F9DDFA05F8FF14EEE3E913D9D05E
:105530000ECC11F303E21E0BE5F6CB07DD1E2F198F
:10554000300BF9FCDDFF20F60DCAE01BEEEE2A2938
:10555000D01ADF1B19F21CDCF81BC819DC030BEA9C
:10556000FAE61CE6031F0C2F03D80AFEF2F91A37DD
:105570002FE5190CF5FF2DF4E809FBFC05FEDE0B09
:105580000B1AFBDE0A0A0DEE3B34D81C28FDFF1A6D
:10559000E532D0E4DB0F0DFBF90027C8BAFE3F1A55
:1055A0002FFC1AD7E5E90B060BE9F81709E1CB3216
:1055B000251CF1EBE1081F04D8F7B1FFDC360534F8
:1055C000B5F4DFBCF425F903F5E2E9E501EF05FEEA
:1055D000C302D21ECBF0082C25F60A24EBDD3312D1
:1055E00001F10F050D00042711CDF50EDDEA02FAD9
:1055F00017D2080E1D2410E82A02EDC544EBFCF575
:105600001B33DC0F1227281B05EA290D2C001E2452
:10561000062B0C2DEEEEFADF0CC5DAE8011C0FFEAE
:10562000F8224BE2EC11F3E3FD06F0E5C4E8BEE836
:1056300000FBD6BAE3CE26EF22F3D0E8EAF5081154
:105640002106E0EA17F019FEDB120523EF1CF781B3
:105650000BF716F41D4C16D0F0F4E7FEDCCDE6C7D0
:10566000DABC184F280F030B08D303BAF5F5B5C001
:1056700006322CBCE8E715FA09072614FAF51F2AAA
:10568000F1FC24E3EF02108618FC2C1B21C9E3EE89
:1056900003F5C36A09B15CE5E4E5D413E8D5E3E7B3
:1056A0009CE003F22E08B0FAD8EE0605DF281A8C2B
:1056B000123039FADE301D2C1FE60BEBA93FFEDC61
:1056C000F6DB0810D232E1DAB7EB1C11D0B0B10929
:1056D0000433ED0EDC1FF2EC15113C2AFEAC81B553
:1056E00001D5C3D9F42DF6051ADA3029B1FCC31D52
:1056F0008A2C01F00DF9EF9B02F6EA11DE2414FD6D
:10570000F5F6F1AFF1FBBABA25B9281204C3FDF7DB
:105710000BB11DE6020925D0D90ABCF0E527E6FE4B
:10572000F4D239153FDE22E4111DC7042DF71FB452
:10573000E3FEDC08FD32D6134C17273F2BF10AE0BD
:10574000EFE921CDEC45326AC70FD5B7E6C9C153A1
:10575000190B0D0FE413E16719000FEF0BF9E026A9
:10576000F1C50E4004EFBFD5EA501731FCD5F9E979
:10577000CA2CFF05E329593FBD57BDEBB2EF0B34EF
:10578000EC6728D4C70DDEF4063CE93792DF15A29A
:1057900013138595DF050F2510F3C3FF93FCA9258F
:1057A000E92219DB09EA32E403C7EB15D47F34B1EF
:1057B000EAC9222AD4BF1E906E10DAD76FC22B4CD2
:1057C000C30A18AE3CAE1E0DFDAC014FD3C4F9F6B2
:1057D0000E3DDB0CE6BFAF22A0C20310171F21FE57
:1057E00010F23D36D60B235D11D33DE1FFE11EAD36
:1057F00032EF1DE8E4D7E42DBFE9A6E42609C7EBA4
:10580000C7C7CFD3E6F3D4CA081DBA2C2CEDAC031E
:1058100048D0EF0840F738DA0A0908F2FCDDBE0686
:10582000382F0ED4EBD726E6FADDF1D1F5180A0EA3
:105830000AFFEDE9C9E101D0F746FE01D80DFE12DD
:10584000EBD0E812E225CB33FDE6DA29F821F5D7D3
:10585000CFE333BB05050A17A7D9D404331AEACB23
:10586000EB3DC1C828EBDDD63E990F3D2FF219F272
:10587000F7971ED6DCC3003BDB048119D2DCEA4B70
:10588000D23348F818CD0C7C04F9A72BDA06731133
:10589000EDBA2354344DF5D42D0CFEE0FF2108C1A0
:1058A000C33919F71CF1E431E716011E9AF5F0F936
:1058B000FF88D5B9CB33C6E35C172B4AE0D70B1C66
:1058C000B60710E62EDFE8C00BE81023002AC8292F
:1058D000FB22F9EE122DFADD0902EAE341E1CB00E9
:1058E000F714C724A9CF530B11CD19B4FC0BFDFF3E
:1058F000071FDCA10AE6FCEC4E3D0318AEF9F910D7
:10590000ED363A0AE9552EC8EFD4140FCB093314FB
:105910001A01FDC33242070617FD291BFA03D1EF16
:10592000022CEE19D7DAFAF2EC1B34DCD2EBF512CA
:10593000EB20FBE0F6DC07CD09F71CD5FE49F8317A
:10594000FFE8EFE5D6E9C2502ED234013AC956C479
:10595000F5D617F3D5E5112133FEF423F2F2E3FD7A
:105960000318FFE315D7CD19E02AFE34572A3CF57A
:10597000B5F50F173F0424E1E0B024176824104C5C
:10598000BCEB0F37C4072E177306F924F3BC13F0D2
:10599000F60B1308E132F915CAF2F6019ED9082B6D
:1059A00006782B0F19F20F2218F0EADCDEBBAA06EC
:1059B000FC7F144928C8E0E2EA133B03DB16072505
:1059C0004B26D2DF053E3820EF38E9D32A0AFA0207
:1059D0000FB8FF33C109F61307FF8DF749D0BFE6B3
:1059E0000C0C20F0DD27C0EE0DD811F0BFFE19C35E
:1059F000C4EBD4BA1209417526DE223E5010C9BA52
:105A0000C026DD2BFC2DEA0D07B60DCFEADA13F820
:105A10003B3809DFE629E9D7D81323EC36C2E9D7AA
:105A2000E8E7000ACE11E1E51BEB3CCE010CF5E600
:105A30002F1539E9FCF10106EF26BA31DB100BDC3A
:105A4000ED7F36CE1ABFDB18174110E840CF211A80
:105A50000BE607F8F11F5EB20C123401EBEC0C2CD4
:105A600007BED513CFEB310BFD05FCF9321BFAB2A3
:105A7000E90CDAD3F84AFFF3CC4519E87719E7D1F6
:105A800022010212EF1CE20DF4C7CB1CEBF7D71872
:105A90000FF3FFE011EF03B422F3E305290738D435
:105AA000D6369CE5171A19D51BBAC71F60EE12121D
:105AB000BDDD15C827E121D3DFF7A1F10DCFDBFB59
:105AC000DAD9EE1D131832F049EC38020011400A01
:105AD000340F130C00DB053FF3F95A102A0CF2FFC8
:105AE000F843FACA07BDD41111150400F6F0FFF906
:105AF0001C1AFC0DDAEA1C1F1EECEF280BE7E6006F
:105B0000B80129000AE8E9DA1AD6B9FD28C6FA2D43
:105B10000239F42BF6D6CCFC26E61EC31F1709C4A7
:105B2000C5D61FDA1102FE1707E42015F5B1ED1EE8
:105B3000A50CAE03D3CD3CD9E51923E72A27F229DA
:105B4000B90BDC222E4AFE1DFFF21139F3EFD5D935
:105B5000D4F7E4DBC815022EFB05C334F005DD25C0
:105B60001449B1D3F8F3D605F4DAC5D40981F52C7C
:105B7000E6E8E5060BEEDF171C0241D304DEAF11A9
:105B800057030D42EC2B26FBF92A2B0515DA1EFFD5
:105B9000F7DD2025CB2A06F0FC020BF8EAF6EAF93D
:105BA0000A092CEE36F1E60825D2EFC2A3D6F2FFA1
:105BB0000E373911D3FA170AEB0C2AE7F0FDFCF087
:105BC000B9ED06FA5B1FDD04E8A438297F03C9F8A4
:105BD000B2D3FEF8E5D6FAF8EC423E03F0FDF3E36B
:105BE000E6ADFC13160AD9DCFEE5EE0A3022C8D574
:105BF00016571BA315E3F7FFE2FF1CDE240FD91F86
:105C0000FCE903F0E40112F1D1F52FC4EEDDE4BEAE
:105C1000DF1727D2FA2A084039F84DE40F0A043773
:105C20001715FF3117D405D1EE960A01E0BBA0E2AB
:105C3000E64628FC0DEBF8411AE521CFD11B0DC437
:105C4000EF0537D0AC5123D339C7FC13EEEF040373
:105C500040D9E4F0E0C31FC8D4C6D5F6D727E8E1A1
:105C6000D6EFBC14FDF0C0B5F0DB0A293BF31F0EE4
:105C7000F91AC101B0811545DF58D9152927D7D1A7
:105C80000CDF2AF83C19C1D9EA26F0DF0ACF0C55FF
:105C9000FBAB32FE1108B73E0FCC0727251B165170
:105CA000D3E1F40DF0D3FC4EEB02E90BF1D004DDAF
:105CB000F90F132CC5F7ED07541E1B2404F35B3EAC
:105CC00000E0B5D10134ED051D0EA5F1F0EFF85659
:105CD0001322A4DDDCB3F00A09EE2713E3EE3EE164
:105CE0009AEDE1F6F30BFA34E2DCC8035CE1C5118E
:105CF0001E021AFEF2DD32C74ACC3FC9F7FE081673
:105D0000D5F728290A0F05B6AA33C4F9FCE4E4350F
:105D100049F71B0F473410B9D4FEFCDC29E7F830F3
:105D200012E2118EC5D3D734D6190D19C39C09E5DB
:105D30001DE1BF08CA06D559530D08FDF4ACE2D1E8
:105D4000050EF5BD1B2A080C2A133300452BDB1268
:105D500002ED2BFCF00A020FF2012DFDD6D926FF31
:105D6000F807F5341ECBD01CF3F4D30F06C42DEE88
:105D7000E6F2D86A0114F9E7A90CE3FD38F6F90751
:105D8000CEDCE415CFFA1012F6390109FDF144D644
:105D90000BCB250A112E02FACDE016374EF3B82AA6
:105DA0001E1E213F23210BDAE8E11DD2010AD9F59D
:105DB000F54EA8DADFDBEE281401F6CAE618221B3E
:105DC00048F9F406EF47FC07E2D4EA15B70AECE21B
:105DD0002A1027E8E7129C340F81414E13FCF9DCAE
:105DE0001DFC1D29D13BD3B516E6FCBE9F2B17FA2F
:105DF0000A3A2615F4DC2607F5E63AF7112E08EDE7
:105E000048C003D012EAE0FAE4F1C8E5AF1ADE11A7
:105E1000392EFDAF0AECE5E7433112FFF5EBD8FD73
:105E2000FB0607F604F5F7A516E8A004FCF4DBF67C
:105E3000117337D2BEECF77F210E12CFF80EC3B626
:105E4000E1FF37E5CE3621E7CCE125BE481D5BF307
:105E50004C55FCE4F2FDE42CD60609EBFDCB002FFB
:105E600082FCF511E5EB1D26D1DAC63F8ECD543FFD
:105E70000D28D50CFE14D8FDEC0DF827E4FA2916F0
:105E8000EB17CF1552D718E408EFBBE50917BCCEC6
:105E9000FFF2F39EFC1C17B781FBE5D1FDE350FF39
:105EA000E5E4EB010EE511F223D1BEDBCE46E9FBC2
:105EB000E9E926FD2A0F2FA51124F9D3112BAC8A6D
:105EC000191CDAFAF9FDEA181400CDD8DA2839DFFE
:105ED000FBF3E142C7D41FE3C119352340E3D0FFF0
:105EE0002F23389C3307FD27FA1D1EE3B806DFBBBE
:105EF00061DEC0381473F15227F7F712112E073004
:105F000005EABFFD14DFCAD34C2BC6D8E019D383F2
:105F100012FC36C59BE40BD31C0FE1A730EBF9C68E
:105F2000ECD7E5103C261A35320FD0F61E020DAA2A
:105F30000416CEEDE522DF2547FF101510FA1B07EA
:105F4000D6DCEB3203DAEB150DB9D9C9C115FBFE6E
:105F50009C0B20184617FAEFF6F6EE163DCCD40F40
:105F6000B51B23E014E613E3F834E60DFB05BA0491
:105F70000628DD0BD7DC2608CE12CAF1F6F211E8AE
:105F800021C4E2F4DFF7C90DFE2ED4CCCC2311A43A
:105F9000F704CFB6D0F3E5B8ED13F5E6FDE8260437
:105FA000FB361DEB2BE73248DF25F5DD4B32D210F7
:105FB0002002E3131CFCF50015E308E417F4F430A9
:105FC000F5B328261B11DB498122CBD20427280FE9
:105FD00049FAD5CADC021E111EE608F022F8F3D7F2
:105FE000F7D5C4F2A8E0E20B12D7FAF1EA130814CD
:105FF000FE1CEBCA09CBE72503DA0D03E6F7FFBB6E
:10600000FBF7060EE1D8D4E917D6070EEF06EE131C
:1060100057030CEA12EEC305F4F225F721F2ECFE69
:10602000FEEBECDC1AD612CDFD0BED4FF1D20AF4EB
:1060300002E7E644A2CFF7FC1F23F3D02FD3EA2ECA
:10604000130807FDE5DE36C508D2FD2F051A2D0D14
:1060500018D7D316F366FF07F80D30C3FD04E9DA4D
:10606000341E1C0600D7FBEAF30A12D9070ED71B11
:10607000B9E44D16008119E5F04DFEEF0FC6050C91
:106080000A91F1CCF309E3100B2933DB1BEAC6E6D6
:10609000DF00EE23F41AFF11EC36C8050A0B1EEFE1
:1060A000E01BD8CE34F7FFF1D7074CE3ECF903122D
:1060B0002248220DE401D7B903CFC4612BF4D7E9FC
:1060C00024D72F0324FD18141338EF0F20E9100BE9
:1060D000E2EB19E55ACDDED62002C2EAE3E02EEB70
:1060E0000FCCF937FF13EAE923F00AF8D3D6E032F0
:1060F000FA1CFDF301D3FE17EB181BF9FEB540E5C2
:1061000015B6D0D415ECFAFF2BDE1A0F24E7E517ED
:10611000F9DB011EF7DD2DFFF60C08F90BE1441940
:106120001521F0C7DB0201D1FB170BFFE0F6F644A7
:10613000280BF80BDBF801E81D0041F33115F8D30B
:106140001EEE0AE4020CF424CDD6DC17E6DD0F1DAA
:10615000D1CCE5C5C1BFB1C80DDC231EE2EBD8F33D
:10616000ED20BDECD70E7F06E24D1ADEF3D8EAC96A
:10617000F334FDE60C35CF481026ECFCE40234F392
:10618000AE1021DCF4350C0EA5E437FCD6FA0EFC7B
:1061900002ECBAF9F90A0827E0D7BE020BC3ED01F9
:1061A0003BB31BB018FDF7F5CF5237E9050611EEEA
:1061B0004FF8D1FB4CF80AD90FBA122BEB2E99E904
:1061C000E335050C29CEC4E61737FF37FF14DE0F81
:1061D000483D0EE31EBDCB46F2F80D0A0A0862FFE9
:1061E000FCD7CE0B3CF11BD581FE9AF2310806E1BB
:1061F0002520D0FAD2F30525EA50E7C509E106F3D8
:10620000D5F2CD3AF1EA13DCEB16DD1600F91157A1
:10621000E01506EAFD41F027E5C202FE03CEDAC929
:106220000E243561FFB3C3AEC80C0E1CFFFC113B3E
:10623000D3FD00CDC9ED1E05EDE12BF9CEE42F16FF
:1062400016D3D31E17F2384CC0DB49FDFA0D26C118
:10625000E82DCE2422FFA4D4E319D966D12CE2F490
:10626000E7404CF10B61D8F9394007F034D2EE0B1E
:10627000F211ED0B31EEEDF8DFC503E70E0DCED8D0
:1062800016D83B09DDDBEAED49531E0C290F34DE3D
:106290005739F6E7D542D8C103040DD7F3EF84167A
:1062A000F01D1D490608FB17FB185AE8E5DBEE0B4D
:1062B0003F91371C553D14B2ECE1120E9EDB3E516E
:1062C000CAC1013FE8190340DE0CFD3F17380F1F1C
:1062D000CD142F06D61E30C7DE12482302100B172E
:1062E000331DFC041553EC191106012ACFF3217F4D
:1062F000DD47E8BE07DCD60B1DEDF6136D0AFF0384
:10630000E3C6BE15EE1CF518F92014BBBEDEF6215F
:10631000F2F8F8FED300C9A829EF2A02FFEB2B38C8
:10632000ED2ED62DF1231A1F8FF30B17F937E43812
:10633000DAF8F1E425FFEFD9480EFE07C528482614
:10634000FAF0A9C1F9DC38FC26ED3BDB18EA1202B1
:1063500000FECF3AE7EE0819CC0F0CBBFD8D140EF2
:106360000810D61EB2611AC0FF032CFB1B3D23246C
:10637000EA13E6160C97FB0E15A9DB090916D89B44
:10638000D6F855F8F12A4EEDBCD21C8301FC4E40E4
:10639000F4FFFC19D92FD318A7CEF2FF42B4C5FEE3
:1063A000EBF1F610FCDF081D01D92D33ADDB0A251A
:1063B000F80551011011B4ECB1CE463CD94613009A
:1063C00017E43AC710F6E83454D51FF1EB98D1C260
:1063D000A11FC5DDF42A0CEA3A283B1A063929F533
:1063E0005CEBCAFF0A07EC022C8D225200EE1AE584
:1063F0002FDF46CA160C04BEF30BE72C40DCB1DBE2
:106400005FF65E19C4E43D107F02FA1FAE1DE21F65
:10641000C7050732BED31118EBF4DC602FE11AF583
:106420000BD90E3EF2C8ED2DC01EFC220CD8FD1873
:10643000F015942E6A06D20E0F1EF926EA0823E8FC
:10644000321F1B061F1315DAE7D4F8359166F6CC18
:10645000A912F3D82C18052315D881D00BF539B221
:10646000152C10EE2EDC14FCEA15DCF0F32AF3E513
:10647000EE0C9B091B64DBFABAE00DD3EB2FD213B1
:106480001CEFCE009F1AFCFC10B4EE2E1312D3D9D1
:106490000516E41A31EAE7F531F7CF400FCEF007E1
:1064A000F845FE0238D2CC0CE6F018FDEB190619BF
:1064B0000FE8F9DD15EE120E1D0EE82B2B340AFF46
:1064C000F2A8DCFBA6E004F0E314D71FFD01FCED0D
:1064D0002F1706CE052483E70207F9E55C2019E0B3
:1064E000F236D017D744F919EFF41DAB107BEA2F21
:1064F000C0F4D03244AC020212DEAAD5E5BCF3C728
:10650000EFABF6E31AE0EC00E335E515FACC0EE666
:10651000385C15C0DB40CF27EBF1E1D9E80FFEDC9A
:10652000260C0DD0E308DE1803394805F8F4EDF623
:106530005A3108B0CEF413E12453B0B501E6FDCED4
:10654000F81FCAD602EB3703BAF01FDAB52B5C91FD
:10655000EE16E21B0F214602F105EEDF0A0D363B77
:106560000A33E8EA8C0630F84FB2C70D0617E20E80
:10657000E1F62A21E5EFD1A02EE7CE413FA303EAC1
:10658000AE0C61E7CCF9E6E602FA55EED0C6280873
:10659000061142D6E6D951E2386AE85429DB02FEF8
:1065A000E91A301BE7D43F341E3EEEE8EDB318D1B4
:1065B00081B6E07F0918F6BD076FEBFA26D4DCEA56
:1065C000EC7AD9F808351E000843D826083EF2C6F2
:1065D000B93B01F4DC1B0F9DFEDE52E22AD2EA0633
:1065E00048E240FBE2E50A70FA4CD606C9E3D5BBA7
:1065F0000B07FADA403102FDFD01C1FC4AC22AE371
:10660000D6EF1A9DEBDA2B150E0027C260E3F918BE
:106610001B10B8F727D9BCD37AF12AEC1ECDBBC822
:10662000FD0A03D921F92BDD34EF070D0922FF12F2
:1066300032CEF0BED281D710FAC00C0529E5CD2AA2
:10664000E43E0426E6E60E16F10C270FC2B0133A1C
:10665000E3F612D913DFD0453C4A650A0B2F12032B
:106660003F0DE02CC6E7BBFFD929CD2E269AD8F7DF
:10667000E1E8F7FAEF21FBED271BE8E02B1CEFFF29
:10668000EB050CD304E1B2E014A00ECFFA1BDC370B
:10669000EA20EF030E1A209FFD26FEF7D4D799EAD1
:1066A0003CDE04FF091008D7E33BDB0C15D2E5ED17
:1066B000DFE8710AEA190CFCB731F12B1DF1C5F6C0
:1066C000E9D134E9FA07F70305084EDCE7DA22B727
:1066D00024F1A70622EFFB23C414E5D2FA0434B256
:1066E0003BB4FFED4A0B1832D82C38F9ECF0D4CD7E
:1066F000EFCE2EE0D50816D7F20933F403DB020DF6
:106700000D1427051BEBF13FECF729E5E2CACF0793
:10671000F30EED2CEF40CF2AFF263CC566EBFB06BF
:106720002501F12413E9100424270D0EB1FA0A25DE
:10673000D4EC4E1F1922E7FC290740F3FAE8CFD426
:1067400023CC2539CC01BAD2CEFE17D9C017E31419
:10675000F0101AF1C80DCDF61C232451E40FBFF739
:1067600008ED43DFFF17ED120AF50C2100C9E7E33E
:10677000E8BE0916CE2BF194020041DD0281FA3900
:106780001517EB36E50DCE0101F319CB05DFEFE868
:10679000071807BFDD1C281DCADDF5CF050DFDCA92
:1067A0005C05F62CE51921DCD71F9527D1094C444F
:1067B000C508050EFFC2031426350ED6CBE23F1CDA
:1067C000EC38EC2E1E01FBCF36B823CD0E14430659
:1067D000F41CD3231E19E5411305C71CE74D13070D
:1067E0007F3DDDD3EFFECDF4C7CD19F3EBE42212EC
:1067F000EE282D0719144AF9F23E1F0F0AD016038E
:10680000EB18E2DF1CEEC054F2E4E93CEB20D9E1E6
:1068100000C6EC140105F9D1DDFBDFF228EF1BFE09
:10682000342802C7CD0F20DF22CEF9E03116600DEB
:10683000F0243ECC134127DF303E29C5B6F7D6DA27
:10684000031DE730050F3D451A11F10FD8F409CDAE
:106850001FFDEDFF4E1AE0FD0A20D0C2F54FECFA05
:10686000DC36169311E427F41108E6BB7609EDFB3C
:106870000441EEEB19E2DE3E44D64ADA08E4FF2991
:1068800041F402E2F5092B3E27483922260CE23A70
:10689000C6EC66DF09C21A081CE7F56A19E0023C7B
:1068A0004BFD1C8EF108D4E0F01344C101CFF2453A
:1068B0003740260E12C7071DC1580402E224F4DF38
:1068C0001715F5FC0004D5F310EEFBF23403000CB1
:1068D0004304F0362840AF81070DE50B041EBB11C1
:1068E000D8C7C321C723111D18D9F140D3FB0ED43B
:1068F00011D837140349E4232617D72004F3D130E5
:10690000E3D3D72600E3F7C63DD4FEFA0908F0FE2C
:10691000EFA9F101AEE824E03E09F9611FD347F584
:106920001C200120CFE212F1281695062D11EAC095
:10693000E502EF002EDDF7FD28FF01E01E18E6FC62
:106940000C06CF30EDAECD13EB11E504D7E8E5F83A
:10695000EEF7D15BCAFC01165616E8F8D861F60CC2
:106960000AF8E71C251B20D000E14ECE1B7EB8A400
:106970002E47023409110DAEF2D6FC21E5E3E1E821
:106980000007B72F1CDFE2F20B37E1BA09E8E9E0B4
:1069900014ED293A0CE4440DFAEB00EAF3EDDB8C3C
:1069A000EB06FDCC25ED291903ED23E4CDE0F30141
:1069B000FCDEE8167DFFF70DEBF7F44ADCE03EDD88
:1069C000D5D63A19F5D128F50102F9D9FEEE25DF21
:1069D0002CFFF51841F9C66EF307EBDBED2A6A0CC4
:1069E00026FD062EF9302B470523F105C2E7CCF131
:1069F000CC26FAF5050A9620020E12102C1CFF4731
:106A0000DFD201A9FF8112381DA4FA0DB5FEF8BE30
:106A1000FE1F9F0D47E4AEAFDEA91152F41D94C0D6
:106A2000FFEE2B11F40C3AD37100E800D21325EBE2
:106A30002529F610341828ADBA24552400C4DEF1F7
:106A4000E4F2D460CC26BF13FDF93564F41217F5D7
:106A50000DF5D3C9E9220B2BB1D116C442F7B52CE1
:106A60005D27D50163F2E7F307E602CBE639D7D419
:106A7000C700FEF7E9D9C3EE160702EF42FFE4E1D3
:106A8000150E1424ED1613F3EBF5C0F9AFCEDAE2D0
:106A90007F45E511031CDE18F8BFE9CD17E609E4D0
:106AA00008F6082A700CE51FF4DD4FDC19F91AF21C
:106AB000352DED02BBEF291E073773C5D408ED0055
:106AC0002C33141DCFE4F3E81E41EA2109CF360927
:106AD0003DF3F1E86423B9BEE10DCC0CE535372E6A
:106AE00018F234C28FE45AD8CAD23D26179EF175E7
:106AF0003C05ECD80EE002EDAEEC210DEA02D948DF
:106B00004607D6DB1B3700F5160C16E8A6FB3B0D37
:106B10001E2CFC1718E52E220914D44CCC721DF43F
:106B2000DAED0D51A4CCFCF0FD105EF00CC2E6F8DD
:106B300031B70CD52DA005FEFAF30609AAD1D6DC93
:106B40002E3B5ACAEB28183DEDF21E2ADB1904FA37
:106B5000B7D54DDEF31B3CF9EBF745B3B426FADBB2
:106B6000D6E61211D00BEADAF9E71632C1000803B3
:106B7000F7CACBEBEAF619A50ADCE128F918B3F558
:106B800008E3E4033CC514EE4505F5461FE0440E5A
:106B9000023296D18186075CE0FCD4F6F70F0D191E
:106BA000EC3E1422F199D0CFEBECEE4B16122DF106
:106BB00008ECC2EBCE1CFB0FDDBAB936D4C8F90A1B
:106BC000D6F8F5F9CBC4340AAAE345D31D0C30122C
:106BD000CD25FA4D1A4747F62B63060A360DF2F417
:106BE0000394CCF3FE59B716EB08DD11BB442A0918
:106BF000DEC3D5F624F004F6D843E028ECEDEFF937
:106C00001F1B57040712E0C723CEFEF110D436D164
:106C1000F927E9F4FF6417AAB7E500070D2FF4B4CC
:106C20003DB9E4FAED0025FAB0E2DBE81DE1EE182B
:106C30000B34DC2C0DA4F6DE053A29F6E8F5110438
:106C40000C0625D8FE1F190324C0E6FA1E40372182
:106C5000EDC03FD810C6EC1210172D0303D6E3EC9D
:106C6000093EF7FA1EBD18F61A0005EAD03DD7080E
:106C7000F1DD17DEF326E404F51E70CCF3001306F5
:106C800032E41905D12CFB0EF73D64E81322E2A58E
:106C900000DF1CF5E9F5CAC62408ED131FA3089010
:106CA000DE0701BD24F83834EC2A0F7F08C8323BD8
:106CB000041F062C00FA3FAA0CD7DF28FBE9DAD71D
:106CC000FFF42F1C10E124CA6D3607EFDFF6FA1B24
:106CD00010C2E21AE9212720F7D2CA07C817B4FE6A
:106CE0000CE2EA40E6350BEDCEF4D85F0408C32988
:106CF000D4069734F016B73214F812F2CBD5410708
:106D0000FBE829EC2BD13615FAFD542F02FF2B019D
:106D1000D11A1CE41BFAFEBBE0DE27DB0A0020AA26
:106D200002B1D1DCE72033CCF506DC1E01EAF730F6
:106D3000F9BDE7231214E5CCF4FCE8010505ECCC21
:106D4000E20342041721140918FA140B021603FB7C
:106D5000F8090D22FECF2026E60F10FA0D31DE08CD
:106D60000130141D2EFEF316220FE83BF40B0C032A
:106D7000E501110D060C2BD506FB2311F7FFE400EE
:106D800012B1FE07DB81EF1DF2D51BF1D2E009D471
:106D9000152208E818E4C3DCDA1F2B2DF9FA120CCF
:106DA000121F430BC417D4E413152DF1DEFC0D069E
:106DB000EA14010A0BCB0ED40CF90C310AEC24F3C3
:106DC000ECF702F214E3FDEE030FFEFAEF15011DDE
:106DD000F201FCFBF4FAEEF0D1FF1C270101F1E413
:106DE0000B1235E60A0BC9F8E10ED5FDC61E24EFDD
:106DF000EDAF2CC023F711A9340C16DA2AC711D134
:106E000028001E10D9E70B250450C7F93A0C24E9D5
:106E1000DF02D0F7B80944C6932730F420051B1CC5
:106E2000050BF4A3FD1CD9F8F42DFBE734DB21029C
:106E3000BA202098930410E414C0E6D61BF755043A
:106E4000132000092B9BBF2227F60E2D1C02DF2CDE
:106E50002D32C3EEC9C64ACFB88BCF15BA1CD8198C
:106E60003BEABD02E223D90BCFCEAFCFC28103CC28
:106E70002D36D5E4D644EB1124F8A3C212D7B70BB4
:106E8000CD311AFD065620E9FAB72210A75E2F165B
:106E9000CE0722B6F217F66ACBEFD2FEB7A6B7F24C
:106EA000E44AE50F24FFE1CA25CD97FCEB090C0E5F
:106EB00015EED4FEC74B0DF005EACBD6B108C7F4EA
:106EC000120028B0EA0DDEB6BB9407119912AA1B76
:106ED000D3F01016D41DF3F3040B2FDEE5DEE8FA31
:106EE000E4DFF1074121E6DFF9DF41E5E7DE070FE7
:106EF0001317D3CA3708EDFB03E62706F70BBDFAD5
:106F0000DAF502071FD9FB20E21C0C27F3EB27FE62
:106F1000EF0C01DE0DE2E30DDF3EF1FACFD109CB3C
:106F2000FC030309BC09FDEAD3E20BEBDBECED0D3E
:106F30000C0D37E4DDD5FEFEFFFAEBE6180EEFE2AE
:106F40001F00FCD8FCF3FFFBE70D27FFAF372B0238
:106F5000FEE4E2E31DDC05B20603FDEC1AFFFF1EB2
:106F6000E9F0ED2A00FDAC02FE2003DFACF626DDE1
:106F7000C2CF33EFDC0A21FEF1EA071C1ADBFF0A5D
:106F80001AFBCBF70C6CD2C4E0341A2125EF25FA9A
:106F900003F3FFFEEFDDE316E8FEEFDC1A2AF3EF62
:106FA0003E2DCB1EFC1E19FD2FF581C99E12E1EF6F
:106FB000E8E63C0B272DE702D3D01D2A34EABEC6F3
:106FC000F906D8E82EF256D8F10FE3DA272525BCCA
:106FD00011251B08022B241117C3FC11F549B3E539
:106FE000F4CE29C3242C5547E88E26DFF236BECDD9
:106FF000462EFAA5EED6F5E0F4E4DA0603CF9C2798
:10700000DB06FB1111EEFEE903E8D0C22F1C16F6D9
:107010000B190102326036DFCDFD11E20244EDFAB8
:10702000DC290819F0E9F5F6E248F3F30AE61B7FDC
:1070300050E7D0161AF8D7F60451FC32BE45F117C6
:107040001DDE1CE400D9D02230EBFFED0AF1E7F29F
:1070500007C8286902CDFB18F6203708EAF1DED20E
:10706000ECCBDC352DF8DCE9C21AE6C7FAEAD6F833
:10707000E9B614E5E6041E1B00C91D160A4AFBC545
:10708000EF0619089EFDEE052AD612609C06D62F43
:10709000E719E811BF0A17DAC416E548D6254036C5
:1070A000020B16E236EA5705F7F73324C537E30932
:1070B000D2CBBE17E3615EDFF6D0FD2FFDD3AB0769
:1070C000E941B1F6FCCDF8EBAFEC1F21B6B2FD08FB
:1070D000DA1409DF06FF1ADABDE01444BEC5DB4A44
:1070E000E227DDF9FBF34BE620832DB31509F2E32C
:1070F000EBD7D30742070EDA234C290022B7F90257
:107100000FB659F3E2E6E4230DFB0843022011F029
:107110002E17C9E01A00C823F2B6B5190BE3DCFA42
:10712000D41EFCF7CBE9E7230F1AF43208BD13EDA8
:10713000C5DAEAE0F0CA8100EE04E0D0D7300DD520
:10714000241518124D0805D91EBA1A0D12FC194043
:107150000B6A0C6220F4F418EE0FFE1C0AE85922A8
:10716000EE210629B02DF4EBD212063AF20ACEFD3A
:10717000EFE0EEF5B18509147EE2AFD34A09DEC334
:107180004FF712E91E1BEB0B1201130B0E05E8EE75
:10719000F61C1495116213FCD8C8E9D90FD2360237
:1071A0002957112AD1CB4AFEE9CFE7BF1509E8F0EC
:1071B000E9E407CEE704F9E5F435FF23010A18F105
:1071C000DB5BF6E804AADDA0004D010F11150EC629
:1071D00024E557A7255A3DC1E519DA2F24D8F92906
:1071E00030FA11C3F8F763060D15FFF8CB094AB85A
:1071F0001FF735BF3E233AC32CD02F0EE8F7EE1D04
:10720000E60BE8C84B3CFA93CDF0FED306ED0CFD3F
:107210007F2AC457DDFC51F2F11AB32217435806F6
:10722000DE05334AD4CE0A1778F4F4CC031912E6FB
:10723000532C28EEE3E10516E7EC48DF16DA27C900
:10724000F716EFF3091E2E6111111600E516241230
:1072500062FF1AF7062E0BC2F5171B9DFD0912C916
:10726000FD1200EDF61FF30A1DD926F8E2FCE30734
:107270006EFDC4CE1704FEFE0C2F2E22E305130F65
:107280001B05210A1C1C1029FA32FF3D23BF18EFF1
:107290001A3C18183E230F0005EA0A07D2E719F630
:1072A0001E0417FA2CE1D31F55E6EBF408E99411FC
:1072B000522A0E19CD8E3CFC16D9F1CF11B77FEAB8
:1072C000CD23F61ECC4CCF5C0DBCF81E30FE1A1B35
:1072D00092D4A99FC92021F4FB082083E1ECB5EAF0
:1072E000C730D1F6F59B183FFBEB26D70CDDD3B0AA
:1072F000CB28D6760B2E1CC636DFE016B1D3E5F3CD
:10730000409FE98B1FF321D6311CDE0DE627480F85
:1073100049C915071CFFBCCA171ED8EC2151FAEE4B
:10732000AAF9B8EC17ADF5D7130D49CC28EB3EEF11
:1073300035F8D32BE4D7E3E812CB0BCF0EFACEEF20
:10734000DF4105D10D36B1FA02CF2ADADF06EAFEB7
:107350001C08D5EDFFE706144FC64BD226E7D9FD32
:10736000195BDAE1FADC122E37C4D40CF243C848B8
:107370002F0626A2FFDE1113B823D4022AEFF01045
:10738000E202C4F9DD0B22E7D8D310DFEEFD1120B5
:1073900010FD1BF8D9E5D5092E43E5BD08BF04F75C
:1073A00032041FC8C6FFD7F913EE0BE3E70517F445
:1073B000F6ACD6E859322022FE56C6FE1CE11E1855
:1073C00005E812EDF1F61535D2C03EE119F9199D27
:1073D0001301290BCB0013DC30E018E247D709F981
:1073E0002A393DF21537E362F131F3272D2EDB0AFE
:1073F0000FFEF31CBE0ACEFC5707814512D319F6C7
:10740000DBC9ACD3FE143EFEF6E044D8FBD415FE37
:107410001CE9F9180440B926FA1437DB45FB43BDD3
:10742000F059D2051BEDF5D92ADFF5E9AFF5F3ECFC
:107430001F1DD63D1F07EFEA00E4CA2412B10DD08C
:107440001812F0EA2F07091F023924FB0A0C2F0338
:1074500020AC14B2250B95E1E701D3DBFBE1A7C813
:10746000D4E5DA31D6EF382CF6C8270C4510E3CC3A
:10747000E0E21A0281E51F21E72DF7F4D4EB07CDF6
:107480002BEFF0D7F4D6F7F15E0601FBD90C71D4DF
:10749000FDCFECD53B1ED11D98CBF90BF3F2FE20AE
:1074A0003DE5AF172889AAF8ECF9E2149CCC3DCB56
:1074B000D5EAF1F7CC0C0047FF15EF27082307B7F3
:1074C00025020A29D918C3BEA5FFF3381822F929C5
:1074D000F01B1719D1BBADB742242FEAD8361713CA
:1074E0000FDBD0F4D12906D569F3EDEA01F52611B9
:1074F0000DF4B2DD5A200FF000D346D4FB21C0CFEB
:1075000032DB0D05C0DC0908B9EECD52C6DE25140C
:10751000364412EBFB0910E5B96BE7524B06E8FD68
:10752000E2EFFF64CBE2F67C0E3FDC04D8F511EF0E
:10753000EBDD1318E724CFFBE52619F5280C04F43E
:10754000BB1DF52DC309CA1F0E2ECDE6F9FAE70FB4
:10755000F820D5DBF00A3DF1EA0310F8FFEA150642
:10756000EE1BCA701181C62D04F1D328F0F1DCC9DD
:10757000EC3408D62BE104D20ADE30EFF0CAFFE487
:107580000604DF2FE20320B9090A27CED5E633F23D
:10759000D536F21DF9DE03FC9A173026FAFFF7F80C
:1075A0002DD7DFE20626D400DAF23933E80AF819DB
:1075B0001F182ED4E5F1B3E8EEEA2F1DFD21C3120A
:1075C000DD211DF011EEA7C228E4DAF009F3D4F5AD
:1075D00065E8E9B20FE0BEB305F310E34CC2CEBAE2
:1075E000B9F9DDC54502FF28A73DE90215F64611A8
:1075F0006AECF71AD1120BF7B6251AE6C8CC1B3F76
:10760000C3FA1B0F1C27E8E66272E90AC004EA1FEE
:10761000D10E0A9F5B26CBD61CDADDF412E3CCD860
:10762000F110E5BF31B99A4323AAF2F83D05A8014C
:10763000EF01CBE5D5E7F80BE20CF3D2BBD9C402DE
:107640000057F81D0732EA2F1F81F11BAFEB07A58A
:10765000ECCEF2E70DC004F7EEF9DC05F6C7F7ED66
:107660004FF122FF0FD2F02A8BD3E600D0B0F8D032
:10767000F0D532BFAE2B00EB063732FD3FBD071A07
:10768000D60CEF93FBE2E1300BF933BDDAE1D91709
:10769000B6F9D5B9E3F4FBB341B117D3E234C61C54
:1076A00059E8AE0D0DDB48F0EEEEE8208FEDA7CDEA
:1076B00020E54BEEBBFA454BA5ACCDD512DEBE8521
:1076C000D2201928E33147C80AD327FB57142FD7F4
:1076D0000A19BF31ECE5C6F122BE07F792D3321D7D
:1076E000012903C6FB000E1DEB1DF80BE9F306286C
:1076F000F1573A0EEE03FA4B0CA95A0CBBDFBED47D
:10770000C8E0FFD33174E40736E734BCFD07CF2867
:10771000A3EFA820ECAC1CE911E0D4F21BCF4F166C
:10772000F2B1453DDDC5067F10D1301C9911240210
:10773000DCE616441624E3E218203E2A1FC0DEEEE3
:107740000129C4CFFF2E1B2813DED244F0061E16DB
:107750001611D82A07EB2135EDF2127104F6F9DE85
:10776000E15D1049FEF1D301F1F3B5CFE7F3BEB30C
:107770000012E524254725E11BD4D6B22641FEA4FC
:1077800013E4E6F33FDB2C16BCE14DD51849269CEB
:107790005AF329F111FFEB2AC0080EEC1A14F5EE8A
:1077A000ED002AEA0023E412F2FA071EEB381EE28B
:1077B000DC1AD427D7DDEFE1D3322DF6BBDEFC0592
:1077C000ED01EBF1EC32F3E61CEF2C13D0214D066A
:1077D0002C5E19B23CFEFEECE8D8F70C0E38DEE465
:1077E000F5C5D9EE1C111F047706F4990418D41CB2
:1077F000D308DF3DE9A30B0CEC060A0114810F034B
:107800002DF8F510C2EFE66329F4DF06FAD2C15273
:10781000AB12D60DF300D2F7FB1F0615080109AC19
:10782000D918000B14FAFD1C23E1EEFBE9F530E258
:10783000FA1C0C15D610E0F9FBF60827EFECE95717
:107840001076291700E1AFFEEB0132F2D2C1BEE49F
:10785000CCF1EFFBF4EEEDDA69F017FBCE0ADED2E5
:1078600010E490D1D75156FBF02DF8FFD5B7EF02B9
:10787000F2F401DC24232505FEFD11F522EBFBFFCC
:1078800007D8EBF7FDF9F701C3E411CB0BFD3A0183
:10789000F43715EEF3F50405071320E08105F11820
:1078A00006D108E33AD0EAE8DDF8E8FB060501E98D
:1078B000EA0A0BDE1102F6E5ECEA05FAFE0E00CE4E
:1078C000D407DFEC00E5221401CD16F4111CF21CE4
:1078D0000C1A14FE34E30B03A8D8CCD5E8ECEB2E3D
:1078E000F4FA03F31FF6081F01DF1CF80B29320717
:1078F000E30C141FF72FF70103FAF7E4E4F8220072
:10790000E524F90F29140B25F9E8F3EBC4FA04F880
:107910002CEDDCE8E90BBF19DAF61925F8E7DF22D0
:10792000D5F20A0807CEC8EF2BF408DF08F1C12111
:10793000200A0F0412E21A120805F5EBFEDD45E5F8
:10794000DA040DF5CBF60A0F1CDBA7FFE9F71436B6
:10795000EF01FD0A1F05F0E7F6E907E2F606D90D8B
:107960000941E116E3EA312033F2E71DF817FDE59E
:107970001AF2BCFC35D915ECF301FADF0E05E2BEB4
:107980000E08CDE309DE10FAD9E7F60F09161BE859
:107990001AF3E42690F549D8D0B6CD8104F5F82C39
:1079A000080B4A09F9F4441CE1DB1DF6EACB25EE8D
:1079B000F8ED04FDF266270DE926E40B0026EEED56
:1079C0001FD414F0E8DBEAB9CF0205140819F90E48
:1079D000E804060F42C9EACBFF08F3221416F4C6E6
:1079E000D0AFF705E30911202906F72AF1D60F03D6
:1079F000D2F6D3EB1CF7FFEC11E2EA20041422F6D6
:107A0000264BDC1CF6F1100EE8F31518400FFBF5C1
:107A10001C09FAEDE705FE1BC3C4F52A09241DCE97
:107A200039053225FFD3B817E4C2F1FF36F9060451
:107A300016EC07EBB7300F18CC430EDD0FC4E8D7B8
:107A4000040FD117180EB213D917A4F30A44D32781
:107A5000263728D40B6DE133BE230EF05515F207FF
:107A60001CF12EEFE919E6F9E50EF6E7ADBF482166
:107A700005AFBA1411BB03E0F6F8EA172327F3E2C7
:107A8000CFDEC9C8393119E00DF5B00F0E44C21F61
:107A9000BF0013C9E125DC150E1F3AE0F81F2403CF
:107AA000FEF6D231F0F8DF25EC29EBB385152EF583
:107AB000D9EC0A35020421BD2E2F16EC2602F7A7B9
:107AC000D236EF6300FEDCA9C616D72730F4BF0715
:107AD000071DECD8F4DAD2CFF30E24D646C8F71639
:107AE000F8E4C7FADD53EEE12BF51A0AEA4C0FEA87
:107AF000737FCECC9D2E21EBE9D83F1A1629DA09E7
:107B0000E709DAFC03B5F2AE50F9ABAB264BCCD0AB
:107B100000F71C18FFC4E8F1EA460E1F0DCDE32A5A
:107B2000F9B3E9FCBE79F8EEE1F6EADEF7FEF9F624
:107B3000F6FEFFFBD4EBEE04FCF803A8130D0C2BB0
:107B40001C15DCC3F7D21B9B1218171C1BE3370F45
:107B5000E16809F903F37F30D902F4F5F31E361515
:107B600007084430C911F122EAE9E8FCA6B4F20D95
:107B70001DBFDCFD16DA14DDE4E2BC26270108D2C5
:107B8000FEC2DB17126004F909EB05DBE6122403E1
:107B900019870F11062A07F803DF19147B1A02ED63
:107BA000F21E1EF1C7F15006EADB3735BA1FEE1C94
:107BB000FD14E8FED1E2C43AE703E8FF092C3C1BC0
:107BC00001DF4218EB2008D9120310BF18F916CCB8
:107BD00000230DF0020AEEFD19D5C9D1D70709DB44
:107BE0000EF0F3C7073CB4F7C606CCEED3D1E51EC2
:107BF0001BD35AD93AF8C608CD69170F26CE11EB18
:107C0000E8D3E61BE88D0FF51125F4A2E0C237B6E4
:107C10001D332211E208C3DBE1ED55AE08EAB334AF
:107C20001B523AE402F127E4DDDAEBD50D10CD4F1B
:107C3000310A4609C62AECFFF9E6051BDE22B9EB3C
:107C4000E9F9272FEBF2BD1CD1C120BB1A2AC3CD05
:107C5000D1D3F67DD5BF284BF54E211C161024C973
:107C600011E21E2E150EE117F54D66C447CAF2E368
:107C7000CA370204AE05EF1B09CC062FDB120A142B
:107C8000D21E1C14D0B2B153970E1B2704053FF629
:107C9000FCDB15F7F6FE097F1A253BC12CEB3A00F9
:107CA0002C20D7E1A2F2E7B3DFE70E59F8F4FE2C5F
:107CB0000E03F70BEEFEFBE42853F6EFE3573AEB27
:107CC000A0D28BFFE6F4F9F0F0E430F2FBD1FBF246
:107CD000E84832200DACDE2A1ECDD5F0F3FD42017E
:107CE000CEBDD904E802EFDE0BC116FB03FC0BD9B5
:107CF0000EF5F7160319FEF11CDC09FDEBC128EAAD
:107D0000CC240707DBF17FDC15DB400B0435F0F5F5
:107D1000F3C31CFC000E0BF1EC0C13D80C17EFFB9B
:107D2000FD2303FD44FA07DAFD0531D93BD132E9E1
:107D3000B1DE15EB1716E4C9ED0EDD09F315D40B12
:107D4000FA0C13F314D9EA27E5EDFD192411F6EB2B
:107D500009080F130EDB01D2CDE7256D0514DBF406
:107D60005CEEF40321FA19340A19FDEF0FF1DE017C
:107D7000D1FA15F7BA1E0F02DE2E3AEAFDF2412BB8
:107D800020042BF1F2EC1CDFDAE21CF20C02DC0323
:107D9000F610C4EF120B1CFBF11200120600250FA7
:107DA000FF0E25C708F868F3EFE60719CCF6E80FD1
:107DB000050616F3C5F3FF370101F0FF1E1281AF70
:107DC00010DFE7290ED60104E6EB12EDF5F5E0FE33
:107DD000260AFE01100DF46003F60DE305E2E2252C
:107DE000FD11F73021F5F903DCF5F7E838EF26E768
:107DF000DB0B152928E91E08E602E1E20AD104FBA3
:107E0000FC26E5D8F90600E8D7FE360FD60E04E0CA
:107E10003C27EAF90A32FAED11F2E7030E0E0D15CE
:107E200009EDFDFBEFE947B1DF08D303E01522EFD1
:107E300002BA12C7F4ECE2E21ED50903E1FA03D05C
:107E4000FAF020E507E70CD900DA2A1BFAEFF01A5E
:107E50002AF2DF08F0FEEBD4F31802F913171A0F19
:107E6000E4C22701F00DF01612E815D1F6F811E77B
:107E7000210414DCEB0B1FFC020306083AD8F006C1
:107E8000210C15DEEA07BBFF46FBD6E628052D29A7
:107E9000FD10031B0C04CEF3CE1031C1D40DB6B5CA
:107EA000C97008FDDD10D0A9F7C435353028E11BB5
:107EB000F401D5101C2202FF3E282026241E76F154
:107EC0003604131387F7023DDCCD42DFF1EB1724B4
:107ED0001635FEC33F0C17C1EBF0E32EEF133EEC5B
:107EE000C9ECD4340600FFF42F1F2CCBF0E3F0E6EE
:107EF000A008DD25E5AFE20AE2EBCDCE02FB3318A8
:107F0000EE340F48CAACF43A2481D8F2FE0DF30ADD
:107F1000CC13E78F24C0D7D5D12037D91D3422D731
:107F2000E628FF22FDEAF1DEB42F111ECDD535ED96
:107F3000CB2DB522F1C9ECD6FF1801240441111252
:107F40002203EFC8148C12E5DA102224F0F1FD1F91
:107F500052CCE3D7FC22F3D354DE3B074AFAE8E6DF
:107F60004851DBC5003FE600061D63DEE3E7D4F7BA
:107F70002014F72604C9E90A2BC30F00D66F02F9B3
:107F800027C8EE42EAE416D41BEAFCEAF30AF6D963
:107F9000F1CCF8D82409E3F6FD16F44108471F8117
:107FA00017F10315E4DF060ED21FC604EF1D2AA247
:107FB0000CC91300F60906F4FBE5E30017EBDC2619
:107FC000DCD3FF11FA26F30B1452DC00E0EF184863
:107FD0002F17ED0AF416F6EBF3FEFB181ECC0E334A
:107FE000EE01C8F407BF2A242148CD152112FD0057
:107FF000FE0C2D2D1BBE50BCFAEF34CD08390FE717
:10800000FDE9D5040F03B0F0F4FC1A1FBC2CFF11DE
:1080100034F2E4181917330EF10AE36800ACE62BCA
:1080200011F5F31CED0511DB00010914F01AEADC6F
:1080300003CFD1EE860901D9C7DBF50E4BDC2DADA0
:1080400023EBFBF50C07461BF20A03DBF6000DFEE3
:10805000B60FFADAF700EA2FE404F9310023E3F16E
:10806000F719D1CFD3E5E1E2F7C4F139EA200B1CCF
:10807000E2EC81240E060EDEBE070C19FFEEDA00DC
:1080800006F01323D9F7EFFDDC08EF2BF0CCFBF261
:10809000091FA20DC8B80CFB06030DC207041F0977
:1080A0000C0E180D05E0471DF717E7E5F4E64C0E3A
:1080B000DEFEFAFD21301DEED3FD030005F2ECFBE0
:1080C00023F80704970AF9E1D80300C92C0AFBEE4C
:1080D000FE172DF92FCB29E3F40FFAE91711E6F477
:1080E000EBF30BF8FE59F8F9E90EF2ED131CF5DA93
:1080F000E9E3F0F207D7F5DBF00CF5271EE5F0E336
:1081000004F41209031C08DAE7041F13ECFEF7E27B
:10811000170A1D0FFC15D9FFDBE7E620F02D1BFC2D
:10812000250C34EE1AD1F3161314FCB924EC01E338
:1081300047F2D1F12008F1F13D193C0A7F15A8134F
:108140004DFE15162D3C5118EEE2DA23D700E90951
:1081500024100EF1C6DD32F2B9EE28DDD6DFCF07EE
:10816000D1E4E704310349FAE6F9FCE9E6E421E861
:10817000351A0DD9F5BD15E0F7F2EFFE10CE083B2C
:108180000E0FF8F8F3E9D6DEDD19BDCC19DAFACF17
:1081900019DFD1045BE103ECED321F172ADD380F44
:1081A000BFD6042AD48D21F2FAF118EFDEC9FD37CB
:1081B000E1D68E2C33FFF1D0EEEF0BD202FEF51498
:1081C000BDBA55F9DDFFA80511E6C905E1FF60203C
:1081D000E4F7052C1333FCE920F40217F5D033E162
:1081E0000B101B3EFDA9DD003BF7E909FED5E011B0
:1081F00002FD26EEE2D90B11E909E5B328050909CC
:10820000CFD0EFDED4F4E8E0BBDBC21CDDD0F30F4F
:10821000F421F3BE224EBAE0F919EB1E439D27D29A
:108220000104E60EDF09C209D7B3D0FE8601D516D8
:1082300000FF36D6FDCAF44CC8F63125BF680ACB1C
:1082400015F1FA63E0431DB1E8F7D331243BEC2686
:1082500097D9B9EEEEF0D50381EA9128491F0E16A1
:10826000BC40A0E805DCF0E9C5FAF5FC4116EE1FBC
:108270001DF7DE5C11F41C062BC529A2BE2E0ADDFB
:10828000CF214310E8FAC087085700D7A404ED3F78
:10829000FFFD0AF02AE4F92ED7DD2FF11C4033F45C
:1082A000FFF911DE48D9C4F4D625E8FEBF00FEDF91
:1082B000191C1A0908E4C5F52C0A15E3380E2D33EC
:1082C000DCF43DC50826BCD6F610FA0509CF96F5B4
:1082D0002F49D2F31821D2FEDBBAD11227F2DCBE2D
:1082E000E40CF7F0E6FBE508552E0013F3BAC5C819
:1082F000F1E0ED16F5EDF6B2128CE1F9FAD2E4BE3A
:1083000023FBF5C91023FD0FF24F058BEAD67FDA68
:10831000FF3746EA4A00F6AEF9220BC51B25ECD81A
:10832000E9E92908D324F2DB0121FCE0D40DEBDEDE
:108330001F11F5DB24EBC4661813E70114CA0FBB49
:1083400001432319CCE9E43BE3C8CFFF2E2BFBC448
:108350000ADBE5F7311419F90CE1D11317360F12C6
:10836000261CC11806350BFDCB13EC8C2722201AD6
:10837000F8FB2813294907F5DF1D22EAD8072C0E40
:108380000810DF01C90B0D2E3E051501B836D7F5D3
:10839000141FFDC437F6232ADDE7D14FDEE2D8EC07
:1083A000FBE9C33FF81AD6F7E8F4DDFED4D0EA00C3
:1083B0000006F808E0F1FBEEE8DD09D4E8EFD6EAC4
:1083C000E543D42783E62300C7F6F8DFB128331549
:1083D000C615F43734E0E744DEEE4CD926DC33C46E
:1083E00036F8A70A4FD9D252535B0DECEF96EE3D0B
:1083F0002640AF25F0E716FD301131EA23F6C80A12
:108400001D1C32C311BC0CFE1A30050B07E6FAEB3B
:10841000BBC7FE2FEBD310D41E6907D194FA1BD231
:10842000ECBCED1F351B9C11F0F8E767FD33F5053B
:10843000E2080C2BB718F5080C142A02F72BED1ADA
:10844000DE0312DDDFC7E71523ED0AF40B2EEDD5B1
:10845000C002BCE2DAA217D6E915050901F0F37FE4
:1084600023CC026018CF07E3E5240EDE2FFBDECA23
:1084700009F91A18F5392D232DC1E511BDE205CBF7
:10848000281A9FE70E60F404FD08F63B6A15FC47C6
:10849000FDFB074BC4F0D80FEB2B1FE4CDFFF7F12A
:1084A0002CC8E30DDEF910DEB608E1EF0215CF129D
:1084B00007F8D7FE06080B36D6DFFF40AD24C8BC50
:1084C0000224ABDD01F260DCE72EDA03BC23C5B782
:1084D000DBDBB55A04F9210F88E0D04DDEF7AE237F
:1084E000FDDAE9E817C7EE1D0F27BE1519506B0E10
:1084F000DFF7C4001989A70A02D0C0C521BBAEF3BB
:10850000E34C4D2EE0EAEAA4CE3231C0E2A92007C6
:10851000E50A05F86531DEA2DB15D3DCFCEBE1E909
:1085200009A706F1C9EC02FCBD4AEDD2ED2A0FBA4B
:1085300006D2E3EA0E0381BBC962FF1E34BAFBDF39
:10854000EABC37CF2026F3F4CD386DC4DF9FE5AF0A
:10855000BB28B246C02BD341236C1D0CD7C902C324
:10856000B324923CFD0FAB1000381AF2BF2FBBB4FE
:10857000ED006BF1EB16F5FCB9E2D176EEF1F4F714
:108580001AEC37DAAB0495DAE2E8ED1EB0D8275DD5
:10859000C71E2FD310EFFFF80449270311BC2FF398
:1085A00000CB00E631E6CFC20C0EDC12192817F121
:1085B00025181921E7081B2EE5E5E14B31D3D4300E
:1085C0001B2D12E9DBF3D135E22711EBE3C7F6A44B
:1085D000F1E335F4E11F26301FE135EA40E59DD790
:1085E000F3E83400ED1ED5D73BF39ED01210EA9885
:1085F00006F1E237B5181CCADB213DB5164397E2F8
:10860000A7E6E606F4EC3D20EF33CDF37F08F5F95D
:10861000C6D21EF7FED4151534E3E5CCD828BCF13C
:10862000E022FBF61EC2C1E82B390CF11937CB0151
:10863000DCF24405FFF8E91CE349E9B8122DBF3D1F
:10864000CCFE1EE217FCDF36D6E81223DD13BA7229
:10865000E1FC161AD9CBE61F09F42D05DFE7DAF2A3
:10866000BF0DED03FE25F2EAFC1FBAE0C00221FABD
:10867000CC1BDA0A05E31628E6DBDF01ED22B6D8CB
:10868000D1C7DBFFF446FB18D0FB1EFA16FBC5046E
:1086900006CA0D29037F0C1C0FA4ED0A0F0B05D190
:1086A000EF6C2EEE3727FFCC330302FCD20CCED377
:1086B0000DFB5B09E7E12CDEF81BE000080E090169
:1086C000E80E12010DEDBF0DDBE4173129E8F91FAB
:1086D000CDF025FC1D0221E722FF060DC235E40482
:1086E000C9E1F60E12EFDEF40E0A27E9A3FFEE143D
:1086F00013B8E507E32EE9C82D1D391457F10C1105
:108700001CE015FBEB020B0506F72D07F704DB0B4E
:108710000DD5F021E9E02AB0D4F61604160751056C
:1087200031BFD8CD0F0120E70B10E9FC27D5E2F1CE
:108730001755EBF4081603E2F4E4BC0CED06200C2C
:10874000031109DCDEF31C0C06F22141F466080F6C
:1087500000E6F5F5E13AD7C7032AEA1C041DADE0AF
:10876000DC05F30917DC2C1D05E4E1BC020F0F301A
:10877000F2CDD6143704D8ED0BC71C493FECF1FFFE
:1087800043DE0945E3F9E704CA3229E3ECFE4E2D46
:10879000E348E91E4131DAF6EEECDB22083206F856
:1087A000F6D7212B992A1A1CE132F717EC1FFF2567
:1087B000EF04D63814FEEC1F11F62CE11E17CEEC98
:1087C000F8D7E601B0EDA6DF0A092902FD380E034D
:1087D0000F13EDDE05BE2BF5FF1B1DFEE2DB2BFEAE
:1087E00004F6C2E5DFF6E706ED06E41FDF262B0000
:1087F00024E7140FF6ED0B1FDFE9BB1E030CC0F9D5
:108800000BDFE3E7DFE8FC26CDF7F105C8F37FFBDC
:1088100013E3A5C214E0CA15CED43220E717D2BEA6
:10882000ECF10DF0FC2FEDFD3EFCC9DB2E000C2918
:10883000EE01E919CA07D816F8EBDA0BD023DE0CE3
:10884000CDBDE0F8CE35D8E61AC61C161F1BFBE6D8
:10885000C21427AC04C4F83722C8DBD3D9FBF1E13A
:10886000F6D7012604223EFA12CC08F502CBFE030D
:108870001CECC6F6F6CD7E10E6E4E0141C1C052EBA
:10888000F0C1295AF9BD36D4FB5BC3F5B5F1F7C683
:108890003D0CFE43FED61FF5152F1018EB154200B8
:1088A000122803EDF5A800393A05D3D913EBE31CE0
:1088B000FEEDEBA515DA3BEC0ADAFE1EDDFE9A238F
:1088C00006ED2DBA011CD700FE1A2417F2DCFFD9E1
:1088D000A7E0F7AF1FEDDDA7ED1CF7664EF24F00E6
:1088E000DB300BA7FFCF24D2F34BFF290C03D8D0EA
:1088F000F5AB1BF10301C5B3DDEFE40B280EC2CFCE
:10890000E6D403D176E60F1A1BE9F17FE0DBDBDA70
:10891000055AFBB5F1F51D16B53203E933CFF6D98B
:10892000F50213E3EEF0B604FAF233F8F7D0DF0104
:10893000381928FCD4D43A2EC91E1E10F2FC38195E
:10894000E2E5EB4400F91ECB0D0943ECDD07F759D6
:10895000BF00DE0D95F3101D07E9F2560FE1100E72
:10896000D1B702F00F31C418FA3003E69BEE31C5DF
:10897000F0F70BD8F227ADEB27F1C036E1F812097A
:108980001715161DF5F102F18F0147D309C4F1D770
:10899000C0DF2BF7EA14E02DEABB2CC5D8DAE90FCB
:1089A0000BF9212209BC6FFC7F08FEE4FCCEE9E351
:1089B00041FB8EE1DBEDEFFFF01760CD6D4AEEC5B8
:1089C000D7FE0C39BCFAEBD30AF91735EEE2D50B1A
:1089D0005FC5D8D9421FB8F0F11CE64ACACEF0E212
:1089E000D9010322AEF79FB900CA28386D4105EBC3
:1089F00012C2EC0D1F100BE7D80E22E4DF0D1B890D
:108A0000F6E4C64BE4019A3DC6F7D2F3BCD6C60ADB
:108A10001DEBDB1DF3F13FEE1E2CF2F6DF0C1AFB13
:108A20000EEBA4161AEC2A2F7D200123EC091F1946
:108A3000AFD01BC6AAD0A027202829DDD82E96CFDC
:108A40000010022508F1FD1F0BF7242005CB00289C
:108A5000EDF6EA0BF102F708C222C804F8D4D8C92F
:108A6000F22CEF10EB26340E191C301B06FC231CD5
:108A70009BB4B7EF35340DE9F1B7E906E2E50B1425
:108A8000F0B2D432050AE7F6CAEB223711C2CCECB9
:108A9000FEB000F51C7FFBC41FE9DD03D12D46119C
:108AA000562BF3E5160CFDDB28EDBFE7F73EFC0A7D
:108AB000CA3802CEB0C7E0FA2E2118C0EBE40F0B83
:108AC0002003F8DBBADE02FD1FAA17D7E8E5F9217B
:108AD0001FEF100CE804E8BA11F8171EE3FB1CCED8
:108AE0003C2C041D14D67BE2EC4CC6FD07ECE7FEE3
:108AF00020D20AF0ED1FC3D60C07450032DB25213A
:108B000007222813CDFF03F616DA11E416DA811ACC
:108B1000D4263ADA03F1F5F9100D0C320CFCBD281D
:108B2000F0FEE0E7E1FAFE09E6ABFC23F80CE3F027
:108B3000DDDA2AF955EC09FB301A5223E3DEC7309F
:108B40001A1A0E03FD0AD514200ADC2610F418EDBB
:108B5000E70E1F1834EEE0B02207F5DEDC17061929
:108B6000FF2431FEC3DC0DDCE729040D4ACFB81722
:108B7000EEF32D03DA0C100BFCF6C9E8130BF0171B
:108B800036362BDE061BF210EEFBFDFAF001040F69
:108B9000CE3D41081BF5F91AAE4708F704184D0001
:108BA000051BE7EE0D0321F4DC103DF2E13B0FF76E
:108BB000FAEEE6161DE4F005090F17FBF0D9C22501
:108BC00023FCE43406E31DF2E33ACFD01C0AFD1681
:108BD000CCECF3E0F40D0309E8FA07BED8F84D0C2D
:108BE000EC1E0BCFE2E80BD32BF0F901DC1B0A08DB
:108BF000E82CFEBC2D01DFECFC3F18F33F0AE40C2F
:108C0000B618F60EFD000E1EF7BEEEC90CF8F6FA09
:108C1000EDC0FF0EDFF9F7E3EFE7E912E5200434DA
:108C2000ADFDD736FDF5EEF006F68AE90B293700E3
:108C3000180634E8E0182004F2F8F3EC053620CEEC
:108C4000FAC73E7F01120910F806CCEF0817F600AC
:108C500024E2F0F7D8F1F807F2F618D61013060A56
:108C6000D5BA03FFE4F6DD0FCCD80B1C16E2E91DE4
:108C700004F6E830FBFD37FC121403DCDAE2F7FC03
:108C8000C84009E2ED0A17FAF90EE53B9D37E80006
:108C90009901C529D524E5282DB3A9BCFCF9E8C55F
:108CA00044F70D2F1A101DD349095031FD16F9EF65
:108CB0004CFDB22218021A22309AEDFF4BDD2DDF57
:108CC000F7E1FA03EAD7D2EEEAC9E9FFFFDF3BD8C2
:108CD00014F1F41434CBCEE830D90D0D01810B42E0
:108CE0000F1E36FDD042DAE1FC26FB20C92EF10C26
:108CF0001B08EECCEBDEFD01F4E707E6B736FCE639
:108D0000C0C4EBC8DED1FAD7DBF10C5BE2ECF12793
:108D1000B00C9F0B08EAB1DDE4CCFA143700B3FACB
:108D2000A6EDF9DB0B2420E2400406EFBE3403D3AA
:108D30000B081AEC1A111CD409C4E82ADFC0E0F4AD
:108D400042C1D307F4D5DAF4ED14FA0A32D03FE485
:108D5000EA2714DFD742F0DF083129EB3115F2CCD6
:108D600038FD36E11326E5EC00000AE3023EF42A62
:108D7000D6D11311DFEDFCDD2417D0FC1027E21350
:108D8000FCF200F34F3F0418D2ED0B063A25ED1F1D
:108D9000DAE1FCBE1E00EE24EE0905D0262645C40D
:108DA000EE7F475803FB7FFE02121017C8FC4E04EB
:108DB000C7EA160611F30EFD42DBDE011BF70EEDCE
:108DC000C5F32CE6EFD82CEE144435D2B4E72EF1DF
:108DD000FD0C45D5EC2ADDF2F9F9DF16DDDFE30CF9
:108DE000E8EE39F00CEEE22004B802FAFDE3EFBA47
:108DF00002E1D20DF802199D49EB25F812DCA1DA47
:108E000003313FEF052601F5DE2D2000EDF6C818F1
:108E1000C0EB1CFA03E61A13CDFDFC4E1505CF0E70
:108E20003512DD2BFDE0E30CFC21E605C2EE06D990
:108E3000FEFAF7F10DED1C5932F8E1C0F01A1800F6
:108E40001DC105AE19F62E0DCFD8E13CFAEC31A4C8
:108E5000EC44112307F41FDBEEDC05EEE9D418E83F
:108E60002E04FEF32130F1F82116EFE7EBEDE511CA
:108E7000FDE0A3F000F5DF1AD81A10B203EB1510CD
:108E8000DAF004BB03E637EF032927EFE9CED90F69
:108E900001E6E421FAF31405C91D14FFFFFDFD06E8
:108EA000454BFC0106E4E1E6ED1E16EEF9F10A126F
:108EB000D30E182F1209DADBD5E7FFEE111632ECCC
:108EC000038108D7BF14D305E2FF22E5E1DDFFD21D
:108ED00030F7D7F4B205851DE90F162810CAE6F45D
:108EE00019FCE50AE852122501FC0FD91B241A28A7
:108EF000EE110D3AECCF2C1228CAF208050900C475
:108F00001A03F0E1EE9A0007DC4BE61400CF1909D2
:108F10001FADC61E021AB719092C0D17052502C26E
:108F200018EF10E71322F5E6EA223CF10304384972
:108F3000FCBC1B1210C1A3B3E2CD413D24DDD9011D
:108F4000F798002501E8EDA9C6E5C40662C2DDBBBD
:108F5000F585BC081E4526D2DF1DD2B6C8A7180A63
:108F6000FAC62840DB5E86DFFECEA5EB58F5BE8D47
:108F7000CAAC1DF3E63E3F0B942F22FD0590223E26
:108F8000EA0B95011DC9E10DD9524B26E83932EBA8
:108F9000112ED60CA2BCAFF51BB7C9F9C8E39003DC
:108FA0001DACC4D2D79F23E112CAB0D8ED3145D24F
:108FB000601C165BDEFB00F1EC052DD70E0C0803E0
:108FC000665B57D801E7F6E606ABDFE200D0C5D115
:108FD000153CE3C5EDD4FC0E2D6BB901E3EBE2D0FB
:108FE000A8CA32247F8CD1ECE8193DF40A4252A57C
:108FF000B738DD23F6281B0FDDFEDC49EB16CE6704
:10900000B119CB050BF79CFE1923E055CE49E3407F
:10901000140E1E0B300F0E36D0E7FAB3E3F90BEB4C
:1090200039EDF93738F70810EBF5253AFDD7D906B1
:1090300007FA4353F2EF28F9EFE0FF0DB5B813E953
:10904000F6230BEE21D43BF32E1FE7CA212608DBC3
:10905000DBD6F9ECF2E60604C3000508C801193BAB
:10906000210EC4F93ABEF2D5EBE6151E0AE2FECE99
:1090700003AD0421C3F7F92CC31FDB06E9FD6BDF49
:10908000F0B331C914ECD121D2E32109D82C1BBD96
:10909000F4ECCEFB15DBB30D45E2FBE9F8D70CF69B
:1090A000E5B9CEF0074A07FB09291E2DA6C6E9033C
:1090B0003507E07FDDF5060521D5D423E73A16C450
:1090C000172018272EF9F5C6E6EDE213FA0FF61E63
:1090D0001C1112F5011AD8EDFB1B1002FD473613C7
:1090E00034E4FE22DDD60EDE07EAE22EF5EA28168B
:1090F0000EEDAAE6F500D0CACC91F6E562C7BAED4E
:10910000C1AEF31AD48505FC1D7A0DAC34F7061FE9
:109110001BB1D90DA6F9C9D5190C30EFDEC8B6C8F8
:10912000DD5504F801DAE1951304F53ACCAFF113FB
:1091300048E81D21E6FF666624074B4FEEFCE4CDB0
:10914000F5EC2C49322DB22F1A380BFB9D27B0E6D7
:10915000D014DFD5DE26B608D2F30AD7BF401227D7
:10916000E115C00E06DE0AF9F6D2D1171EAEC0D93F
:10917000FFE908C19AFFE3962F17121912EFF6D6EE
:109180003CD24823DDAEE1B8ACE17FB813E215393B
:10919000EC98FE19C324C92CFB15361F0A0E20E7D4
:1091A00002E0D9C0EE0C0D0042EEFBECDAD2E9157C
:1091B000E313A71FF41CFDE80847CCE6F70E15D70C
:1091C00049C4F2E915DA0DEC12F97A54922D1FA276
:1091D0003005EFEB1FF213F70F3208C131BEF01468
:1091E0001FE40F0BF508DF04D432C508F50504EDC4
:1091F000F61B1F0EA5E2FCC722DE200AE73DE8F1C0
:10920000CCF91F0AE825C1FF3038E005A5C54E445A
:10921000F0F8E39C334134FFF2ED16CE0C10F0F879
:10922000E7E2F421C9DC2C21D202E418DCFFEE10C5
:1092300018B9B9E4DEFD112115D8F6F0E0EED0E65C
:1092400000E3812BDF10ABFD59FDFB02FCCEEAFBF6
:10925000F4F3D3E14502EB16FABDFAEB220400CA9F
:10926000C831FCFA0EE02DD712E9219FEC2C22F830
:10927000D90DD4E40D01C612FE0105F825E4D2D0C3
:10928000000412F0E7FDD0E2B6BAD1E5E923A9F572
:1092900007F633E0AA1DDB0624EB09F6C8AAD0CDF9
:1092A000B62AEFCFB2D80AD320C3B3FFD514BD0B73
:1092B0000AEB02E644F8E7F8E0E50B29CFFAE1CC47
:1092C000D5F524030FDEEAFD03FCEED8060DDFE939
:1092D0000E0726CD0609F9C7DBF1CA07FDCEC9DCAA
:1092E000F7FE10F5F8133016D5FB3D0923B4DFFB6C
:1092F00016CB0616E4F00EE614FC07150D10ECCFA5
:109300002C1C030C10D8010EFA17F4E6FEFE1F24E5
:109310000C2CEC412FF741F104E8CBF5DCF7F0E73A
:10932000F401D0F50ED70D3012CD0B1E1AEA1157ED
:10933000F7FA130CECFC04D4F4E5153C191FD6EF36
:1093400043FDD9D40E2C0729FEFC11EFD21CF4FDED
:10935000F72B2714FFE8E8028116DB2FA6FF0C0984
:10936000FA11020DFA0116DFEDD503FB09C8F90960
:10937000F721FB04E6E9BDF2F3070E16DCF9F6C8A7
:109380002D1619D915FD2502ED0D141BEF0708FA4E
:109390009BD100EDAFD020FE0144F10328F801CCB1
:1093A000F50CEADC1CDD1300E0F1F51F0EF6D31816
:1093B0000417C60FFA24257FFFF719D028F5EF0A06
:1093C0003B38F305EBDCFE0DB01000EDF7F5F8F8D7
:1093D000E6EDEA2D1CD1FFDCE5E7D9E2F93D15F712
:1093E000ABFC39EF0D19F2E1CBFCF0FBF8F505F21F
:1093F000EAEB12FF3F0910F1E5E2FE102EF0F7DB79
:10940000F5EE1C1FC9D805CFD0F8070BF71312E2F1
:1094100031FD1211C7DAFEE1F7F3E6023A3718DF41
:10942000253BFBD1192E10D91C24172327013226E6
:109430000E13FDE4ECF428D1D7DB09E828F6001080
:1094400015EAEE0C051B09150718CDD820ADE5FA75
:1094500042E2EBD82002FD0DFCB2FED231D5302F16
:1094600006FD13020B07D92C3CE207D200FADFE716
:109470000BE1FD1AB9F6EE4700E42ADD0FE8F40D22
:1094800017232D16F71DF21E00101DFBF5281A18C4
:10949000F8E0F303D6FBF6F2F206FDC4EC3EFFF96A
:1094A000F519F501C7EEF84519E4F7D5EE26FD21CB
:1094B00010162D05CE2C121F19D9F8FB0DFCD5EE78
:1094C000F0D5DBC8F5E1CFF028EB3ADC05F9D21195
:1094D000F01EDF2EF9CC142916F4E60FD403111C6C
:1094E000E42929050BEB1A3F430ADE061407F7218E
:1094F000DAF101EDF23162D2203006F9011A03E20D
:10950000E9EC0403DDE818070025CCE62A1905CFAD
:109510001216F3A3C6E8F11ED9EDEB3304F1ED22E8
:10952000023CDC37EDEDE21DF227B648F3E625FDFF
:1095300019CDFC01DA18FF17130844F31816DCD311
:10954000FFEE8104E1240FFF2BC6160B160CF82842
:10955000021711E5F101F7F429FE0708BDEB2DDA3A
:10956000E281E9F6B6192DF211FE0EC829E852047F
:10957000F44713DBDDEBE218F9F318AF31F8EDAA8D
:109580000DF7F104E6F7D2A622F3E7F913F2EF01A3
:10959000EA0FF51AFEEF390C2B04EE26070C10C962
:1095A000E9E817160EFE1608ED33D8272EECE52F46
:1095B000182407DBE9DC35ECE60DECF5E0061315C5
:1095C0003FCAEFFBEDF7060B0AF21BE4CBFF12F3E9
:1095D0000E4DFBE3CC18F7C1F01AFEE8EAFBF70AE0
:1095E0001304E9EA04E5F932E1C631E3FCF7F705D3
:1095F000FDFD00FBC802F45AEB2D10FC1B05170102
:10960000EF253FB0EF03FCB32548FADA1C0B1FC867
:10961000E4EBF01A0001F0DEE50DCAE6F3190213DF
:10962000FDC204F723000712D52818F9AC0500F392
:109630003708F81FFDD7CDECFE3922E1F8D6F41833
:10964000D6081C28102AD3DE0FF6F0A336F8000D3A
:109650003EEA2A0FE525D1C0ECDB18EE39D501FC36
:10966000D5F3CD06FADD230802EE37F41C16367F5B
:1096700023EE2A11C928081F05F43EF4C520F5126F
:109680002EFBCC2F51E58923F4F11D11231DF49FEE
:10969000B8D721E7B2F3D6F4010AFBF41DCF13F0DB
:1096A000EB09F5D6EECC22D3015074ECCCF80EF0D9
:1096B000DC341421480C05D603C4081B14D31CE465
:1096C000C9C0D3FE06E5F70118E8EAF5C3E9232A85
:1096D00025E3FC4318FA2017EE0D19EE02230BAF19
:1096E0004101D6E303D509FDE6BA5320F14421F048
:1096F000142C872DC8DFCE04FA1D52FDDC040FBFE9
:10970000D108F622C6231A271D13DEF70976EC0FBF
:109710003CBE3DC84BF250D2A90C2904D720CA0444
:1097200015A81F23ECFFAFEAFA01AF06361ED5F6E7
:109730000DEC0632180D31D4B039B70A08F3D7430F
:10974000FDB015371C20FDF41E700C54E2ED1E56C2
:1097500003DDF2EF0B1258EFE2D6F6F720331FD2FB
:1097600050FBAB2FC8140C3F3BFDF7C7CE20175B57
:1097700011261C12B5F632EA08CE06F24FD749F28E
:1097800012DE8147122109E3160BE9D4F021D0FE45
:10979000D4F0A52FCC08C702C7D947111AD9AAC23D
:1097A0001D9DC013EC1B1BE3061713BA2A26D5F622
:1097B000EE14D8DE48EEC9FBC027F507EF0BCCACA2
:1097C000AAE6F6DD4404341EE507D93BDCE31D2898
:1097D000C62122F4E71FF916F8E706241DD8F90B75
:1097E00071EC14E416CBA0E23EE8F9EC06D02501BA
:1097F0000CC8EC04F32006F3F6C5FFFBFB15D4E719
:10980000F1DAF4EFE9FDDE1124B327E2C6FF81129D
:10981000281BC401231323D0E8ED08ACD0E7FB1FBD
:10982000C41DFA02F20E17C6FFF1FF43E2D5100184
:10983000122C085E15C422E6D33B01BCF424C821D7
:10984000E82B0029F6F0CE05FF03D317CBF42DD378
:1098500000F134D9DA04F6FB60090045BD1C04347C
:109860001F1A1E0C0CEDE1F00F0A420ADB2D2850E6
:1098700001C6274FCD0BEAA9FB0420163EFDDA4CAA
:10988000EEECEEEEE6E2ED18D69122EEF206FDFDEC
:10989000CAE9E530C80C483CF6DA223E371C421FC4
:1098A0000BF130DF112223BCFB3A06C116281C1233
:1098B000EA1F1D3601DF1DE0DC06035519101BF4FD
:1098C000143AE80D2F2006C0D01215FEB2D741F78A
:1098D000D2E9CFD80F0211B626DE1C0041D416FE05
:1098E0002727FDAF39CFEEF30749B3E63C1E14E658
:1098F0000B1CC7CAE2E30DF310064C0AE7E2D536AB
:10990000FF002DADFC3D09ECE9F525F0DDFEB318B7
:1099100036CB2DBCE4C6EF4E181A17042A14CF001C
:109920001055191CDBE4FE4EFFF21781171825E9CC
:10993000170BF3FB15E62320B1F4FA00ECE3291131
:10994000E6F8C507DEEF0300ED1A0DA9E2BC1CB175
:10995000FB0A0938F5105FEA5F29060B0AB0D964E3
:10996000BF26FFEC1C2AFFDA0EE5E3C31CBCBBAC30
:1099700014E1FAEBF5D41F0AF53FDBFC3303CEC04C
:1099800010B213E507DAB9EA2700C325B9261B246C
:10999000F2FF143BC0BC1B1510074B10B2FF32EF97
:1099A0008B19DAEDE6C42A0AF2EC481DD6D0115123
:1099B000E62BC8F51C072924F4EDC8D80B20AFE32B
:1099C000F9D6DBCC17F5EB19B1EEE80E1BF9CF0B8E
:1099D000C507A848D5C76619310F1600DA1929ED51
:1099E000EED7D7ED06DFED1DC23BFAF5D9C91ADB7C
:1099F00025F92407CF0CEBA2520D0C0E4EF448D7DC
:109A000000DF6EF91713350BBEE60526B818F232E3
:109A10001401C9C45E14E3E581A7D6BBD94E0DFE7F
:109A2000C55C13120A10FD1AD9CBDA121403000315
:109A3000FE1103FAE23A18B31311EDF019E21DFF1B
:109A40001E5220851C03F6E70FCF2B01F14A24D0CC
:109A500021ECE4E53B1CC9C6C111453423BBCFFA58
:109A600035D636C89CEFF833032C0C210AFAE704EC
:109A7000111008A4A36A3047E593E70EEEFEE53F18
:109A8000BAF433F21AEBA9AB49C9001313B8C3F502
:109A9000C60313F2171729EABCEE2111EB0C32149E
:109AA0002A23FF17EC0B04FAD343172CDABFDEFA94
:109AB000F1CBAD00FEDB15C30D2B1A180404E91120
:109AC00024FDE41FBD171044D5CF1EF005E732E09A
:109AD000D8DB030DBCBAEE273D03E32001F707CD29
:109AE000E71DF7FC0EE2D0EEF8FADE1DAD62251E92
:109AF000FB101D1A0EEDFAF5F6C20FEEE51AED1A7F
:109B000012E11B1AD9E32AD3C10231F8FF27E1146D
:109B1000F718CD0FEBF5CCF7E1F7F3292AE0D7FDE5
:109B2000E7FFF0040C26F5F1022611D7460ECDBB57
:109B300014FBF7F0F8D43CCF01D619DA3CFE81FAD9
:109B40003BFADEFEF7FB2315B511010B2839111B7B
:109B500005D005070AE5F102040DFA2FE0EBE3FC5E
:109B600022C808F414F6D30AE8E40CE3D9C7EB31B1
:109B700002220DF3DB2F1323D2F52DFB22010C045F
:109B80000AEE4230F51081F92C3A1AE5F62AE22560
:109B90001AF80C132B1E0421072BF53BF3B8F0CA5F
:109BA000C6F8FDFE1BE6D602CAD3E9E8F1DBDB2CE2
:109BB000D82ECBECFC08F213E82B160FE2F2A23BF6
:109BC0000606F61AF9DB150CEB04DD35F33400025A
:109BD000DB201C1BF5E51E16ACE811E4DCF7EC17E6
:109BE000CEFE9BFDD515FBF21EE43FEE1D6217E194
:109BF000DBF9F60109EDC91D09C6FCEDFFC123180B
:109C000026070F2C3EDEF605F1003104D32E05D6D3
:109C1000FE282D16EB11C6ED1412EAA506521139D5
:109C2000E2EAF9F0151C03FFDA130FFD111A2CEC10
:109C300023F2E600B3F0055AE929F90E15F3C90439
:109C4000CFEFD2EFDB18B103FA11DFBAE85FF4F817
:109C5000E90FF8FCD833F48A1245110218F9FBC653
:109C600013071893EF121107E702F0F3033DCCE955
:109C700020E5E0E1CDC90E010B0E0A370110F8FE18
:109C80001EDBCD3D29C2F91304F30CC53907166E4E
:109C9000E4EAB3D10DF203E20CACDC0411CB1AEF11
:109CA000F4CADB164732E020A728441CCA2427F850
:109CB0000C1A05041E39B632F70403EAF9F6AE2E83
:109CC000F8D738E6250823A095411A3012E9280173
:109CD000370915CAEEE9FAC62AE210DA01500E2851
:109CE000B80F2ADCE41213F9FFF62D7F06F0D60830
:109CF00044FC07DEFEDB380B1820FBCE1B16FA36C1
:109D0000F7C20BF7CA0AE70320DC0E372A4FF1EA45
:109D100005D7C6E315E4F91BFEF7FC05D5EAC7FF36
:109D2000C9EC6308CCDDF2F5FF9EE50B54DADE22C8
:109D3000EEDB191FD8DF1D1EE4F31E0FFA03F6A990
:109D400007E2FED9FCDE0101E4D8F2C9DE1A0BF30A
:109D5000D1240C250F17CEECFADE00C618DD06D78D
:109D600005FAE7F803F206FAE3C133A5E4D61ADFF1
:109D700034F3E30BF303F81EE4F6FD1522251E145D
:109D8000FE31EFFC24F9F9FE0533FADFED16F5E3B9
:109D90000916DE29283D2017E312FD14141218338A
:109DA000ECF222D612F92BF10A9CE3F7EADA36FB41
:109DB0001E44F9EDF5FC06052418F227BEF0E9FC77
:109DC00017FD11DFE516FEF324D7F00DDB3516E5A0
:109DD0003A1711020CD51060C50211F705EDE9EF35
:109DE000ECDF197FD608E81AE1FDF9F1041D210D19
:109DF000160909E9E10720EBD5E6332DF2FFD5027C
:109E0000422AE1CF190FE51DFAFEE3FFF1F8C8FA87
:109E100011FA12A84745F4E3F8FAF21BF927DC28F7
:109E2000D505053159ED0CC7582AA5D45CDEDE44B2
:109E3000DEF7DEDC20374312E3141419C226D64EB7
:109E40002B36BCB7B841CFAAD2E4AC2A1BB3D3FEA1
:109E50005448C938F7F269EECEDCC8F40C1AF8069B
:109E6000CB21C30E26240BEAD7ED5E2C1FE110D2C6
:109E7000C901101200BDF8FE0EC47FA6DCE3FE98F7
:109E8000FB0CDF472107DCF306EFCEB5B8D6121383
:109E9000DDBF26FB42C2EFD4FE04FC3A2CC43CD406
:109EA000251A2114ECED1FE1D32201AC27CEFBEDE6
:109EB000A8BCBEC0CDDFC3EC0645D24ABCF5FC054C
:109EC000CCB9BCB507C63410C694F1D91D0DDB5111
:109ED000026CB3E32153AF54F9E604BE0A0D32C855
:109EE000E7FB2B12C30655C9FF2DFFF0DB69F28893
:109EF0001710FA3902DA12041EE21608ED0FF133D8
:109F00005B06FC0A43F4F6FE30C905B118F5E6EB32
:109F100005DC27CCE4A20320EEFD08192713040674
:109F200011EBCDE8ED0F0ADE1913E3F2020312E89C
:109F3000254AF24412132C15531F0200D6B6FE1EFA
:109F4000FFD524F4280108DCDF0F140BFB0339F5DF
:109F500013FDF72EFEE1F3E6381B134111CF28C4A1
:109F6000E2EDD1DE020410B0F9FFD7F9DDD0ED0D3E
:109F70001607F1E5C81C20FA11061BFDDC1AFEE6E7
:109F8000EDFBD9F5FCF811F1EC07F8092FEFEF1C08
:109F900010F6151D2B0E1BB50D13F2CB01E617CDD8
:109FA00010CBDF0301FFC60B1A81F23B11FE00C785
:109FB000C4EB25F4CDE2DEFF021026F11B010BF904
:109FC000EDFF317AC307E600F7E3C31314CAEC0FC1
:109FD0000FE0AAA8A209C6E62340DF186317E20033
:109FE00012CE1C193A0F31C9F40CF5D4CBFBC43690
:109FF000180040E12C47FA19DAF2E0E3D1F4231417
:10A00000F8E22FE4C3FA2A01D6060408DA32273B25
:10A01000DEEEC8CCC1B3E117F1FB0634DB1F26D757
:10A02000213BEC37F9BE17F60B11E8EDC4F0A54A59
:10A03000FAEAE6E37FE3CABFEFCFA3660018FA416E
:10A04000DD01E00CF000ED0BEFDB0084D00F08FC2D
:10A05000D7E71624F1DBFFDC1219C1FA142B4BF001
:10A060000BEBDC271AEBEF16D91920000BEF06E6F5
:10A070003B9D0019160E0F252020D6EB02EF1ADBB0
:10A08000FA08F410B8E238E115B2CF010E000ACC9C
:10A0900079F5C805ADFB11CFCBED0001FFD2DBBADE
:10A0A000E51C8D159A504E2709D301FE0A1236166B
:10A0B000081C09CDCBEFE408E4F2E2FADE10ADFFB4
:10A0C000A9D27F25FF324F16FDF2262434FEC801A7
:10A0D000010019F803F4D401E5BAED2C25B21AE217
:10A0E000EE122DF425D80CE6164425F63A13175A2D
:10A0F00006071119F0F20F38EDF050E4DA41F4B62A
:10A100001C0E2E17F6EBFFFE1D03BD16FBB91F2D0F
:10A11000D6FE1FE903FE28231D001E1D421208D68D
:10A12000F008F9F219B9CFE0DDFF5A250D2DF9E954
:10A13000E6221A1705F0D8D832232CF522C6DCF116
:10A1400033CF181EEC1D06BC0F07E0F6E10222E536
:10A1500012EADB0F1CEC3015BA04132E15290E126F
:10A16000EDED2345F828E2E411F921E5F6C927D001
:10A17000F4FEFC1FD90028C9FD1E0525D6420E108D
:10A18000080C24F8F50A010CDBF9C7BE001D23F901
:10A1900059EE0147A8E026F4EEEA36EF29F829D572
:10A1A000F381E5C726F0A7D00BF2E10334DA1C4EA9
:10A1B000F6E549FFFD02E52B270DE10B282D32DCEA
:10A1C000EB1A25F51F0F2C0FB8CC5437180CB4F52B
:10A1D000FCB8EE50C4FCBAD50DE3E8010237FCCF61
:10A1E000BDB4D0C82117D1085763F5F1F51D1B097F
:10A1F000042212E7C9CFD7E901D821EA0512ECF20F
:10A20000A7C6EFD42E0006DCF0F7E5D4F21002CF9B
:10A21000111A06EE73E72342EDEC53F3F3450719E9
:10A220000CFC190E44DAECC403EBCB0610B7B9E012
:10A23000F8D1FF3E10F4C0D41AEF1F11D6ECB7EEE0
:10A240000847F2E6BFE0E9421808D2CBCC12F6E9A3
:10A2500030E1EEF4B6D6E52F19EDF5F1F9D828B3D3
:10A2600024EBD220E8EFEBDABB31102F56FC0C15B3
:10A2700007ED09FDF2FA7F19D9F8172FD9D2ABE50E
:10A28000D7FE52780A60322CE72200425D05C6F5FF
:10A29000D9EEE31117C3FDF70EDA441F0DCEFAD83D
:10A2A0002AE31FF8191C28051B0C1DF23E1DFF197F
:10A2B000024049B429D106A7B7F014E8E3E3101A25
:10A2C000F1FCE03CAD2C15F41DAEB6EBEFDF26D56E
:10A2D0000208D55902DFDEE54EEA2C0FDDBEF7E7B6
:10A2E000C2060CBEE613291B0508D0EDF8FA2402BD
:10A2F00035D426DA25010E4770F9EE263D26C44FE7
:10A30000EC013CF1C1C5EDDB081603F139EB3C254E
:10A310004BAA17C12EBA0B39BEDC012DF7F2E4258A
:10A32000F9DC1D09122EC824E9C5F2CCE4A9E7A185
:10A33000E325FA38F54FEA02A609FEFEC2CEE22C6A
:10A340003DE0040956E7170125E1FC06AF38E4AE0D
:10A35000E615FCF3D3EDE5D72215FCFCD91BEBDFAA
:10A36000F1FDEB09260B2BD001CEFAF914D0170919
:10A37000DFB9B7D5D2F213E4EB37541F1AEFFB283D
:10A38000DFE0090AE3F9D700C307FDE30BEC393F2F
:10A39000E105E4FE24E902F30C031010EEED2F01B9
:10A3A000F6E61EC5073C1ED9AE26ED26E7EF0E06E3
:10A3B000DC1B08042FFDDEF124D700EFDF37D5E9E1
:10A3C00016D5EB00BE41F0E2E481FF0AD5F8B2A653
:10A3D00003FE0BE90200DA92F11C1FBAEF9FF105B0
:10A3E0006D18FB2D172F0A24E7DFFD2E161FF5131E
:10A3F0000A28F20AE5E1FBE5E5F4FA2C18D1AC12E3
:10A4000000250405E7DFD32100F4C2E6FAE9FBD119
:10A410000B0D010FFA140117D3F61808170F2708B0
:10A42000E6CD481720E6DBF3FCD4F9EB3A0E11C772
:10A43000ED597005CDF4FD0AB101FD0E3DD493B286
:10A44000B833F9E5F5ADD9D99BFD3DA0F0B7CB3ACE
:10A45000DD39F527ED00EE3FF517392925B1291A29
:10A46000D8162E14D4163F49D0DAE60C33CE2F0A74
:10A4700001181A1BFD34DBF5033DFEF1B627F30886
:10A48000C2CD01E82936DEBCEC2CE711F41B05DA5D
:10A49000811CD22EF6DEE6E43CDB03D4EEDBCC01FD
:10A4A00009DF15F6FCEAFB02F2E91535B1000FEA07
:10A4B000CD11056804B4EABE08DF0435F9A61B0F08
:10A4C000643B05D10038F2EDD2D7C804F1D721F0B2
:10A4D000234503E7F8E9FFF4C11C21091B41D2E33E
:10A4E00037182A3FF034C34CAB080AE020F3E1CE22
:10A4F000D60DBF2AFFF50700F1F10BE108021602A5
:10A500002ED323DC2913070D181E26F928521DE827
:10A51000F6DCED92FCA7F74B1728333E1DF5DE075E
:10A52000F54C3C07F7F70F03183FB7F93C18072D18
:10A53000E727C4FDCFC20313F28E1C0622E00C06EF
:10A54000FB0FBDD3F62D1015D9F6B8EE28E250FF5B
:10A55000ED34B60766F2D70607B1E7B1495825F0E2
:10A56000F9D3E8B4F1E76FC40829F1B01BFE0CF78A
:10A5700030E3B33BFE49C7B772EA64F143D9ED0358
:10A58000241249E5ECE7F0E6E204CEFA990AD12A72
:10A59000242B15D29DAE20AE7F1C17E4B323F82DDB
:10A5A000C9DEEBF626F1C0E40315A8D50B0D341473
:10A5B000CBD4F8DAC3E0ED0FDE51CFE33B17EF5A0F
:10A5C000C90B13FCBA30FD45E2D5C8CABFF93ED469
:10A5D000EEF7DA24F313E70F11FCFFE231065326FE
:10A5E000D0D550BA38010A293A114011B306C5E74F
:10A5F000E60A7404EDDAF5FE28E0E005EE0FF9C195
:10A60000D2294ED443223614010FF2E03336ADE4A2
:10A6100034DEF0DF124AE8221FDDD2EE300558E8C2
:10A62000DAEF1E5DDDC7C902E4CA1DD410DBBAE64D
:10A63000B519FFD7F20A16F9CD151540BAFFFCF689
:10A6400009FBE9D04737B315F72110CF967FF14EBC
:10A65000AB1F68D901B6CEA1C1D08418E617156327
:10A66000E5430ACA012DDD47245DF3C92259211AA9
:10A67000DED826310F051FCBE5DAB5702DFEF610BA
:10A68000ED1D043BE1264D44429925D0EBC2FB4928
:10A690003F33F9EBBDFCEF34FB0114DEFFE6DEFADD
:10A6A00024DF001EEFB6060FE660283279F1724211
:10A6B0004B57BB66F5612D52422F3CE4A2D221EBF1
:10A6C000E963A50C1D27E90FCE0B11D58C343BF7A0
:10A6D000DAF0E9060915EED6EC04081DC421B3D260
:10A6E00004502D0C1D40F3E42143C20EFDE9274F19
:10A6F000F82604D9E216F50DEDDF06DD25D6FBF5CB
:10A70000D81B10210EF9CF27F2F7E547E4D4052531
:10A710003F03D1C8C9E30C1FF7EE30FD15F9A2FCC9
:10A720000BDCEBB0260AD2E30FFBE5CA1CF883185A
:10A7300014EBC9D303341627F840F1DF3EC6C3FF3C
:10A74000FE242EE904FAE2342FE601C401FA183C93
:10A750000DE9104239F47FBBDDAC85D8E600FFF08F
:10A760000936AD2EECECF4FEAAD7F0FA02AEF2C731
:10A7700006FA2CC80D0E1702082C10021C473A26A8
:10A78000FBFCDBFDDF0E05E5CA1EFCF5C01812E37D
:10A7900019E5C0C293EFFAC4FF08EFD2C73A2215F9
:10A7A000D607EBFC27361EFE35F118D5D533F1C997
:10A7B000E3EF19F91CDDCDE911F7DB0BFA43F9BD25
:10A7C0002DC3F9CE27D43BE018E112D3F1D9B11D46
:10A7D000E4EE37E3EBD40910F91C080B1EE92FC394
:10A7E000160ED0E8EAFFF9C6F72BFCF2093ED52198
:10A7F000E2F2220F062213DF2BECF5F1DED820FA6D
:10A800002CDF20FDDADBCECFFD10072A0CBD1B1498
:10A810001AF411180DF9FDDE09E72329F51AE4D71A
:10A82000EB17E7E21F12DCFDE6E4EB19DECDF0E802
:10A83000E60CF6F9D3D6F481E3FD49D5F506421DC1
:10A84000D805C39500100431C024FB2DE4EF0107A7
:10A850003E1DFDF10812420210F9CD251205F50347
:10A86000011DE338E5DF31E8E72028FF1EF3FBFB9D
:10A87000C643132DC5FF06F1D4E6C9E820F7C9ACDD
:10A8800021D134190314063FC91912000CC21B0749
:10A89000EF17D4B53BD7EFD422BD3753FA0C0EE5F2
:10A8A000730402E1DDDED2FDD3D5E834EAC2290328
:10A8B0004E0C360F00FAAAC9BB220EB914061C387A
:10A8C00027E62DF13E0607052008D101D51CC00E54
:10A8D0004FE5EF39E00704630BEAFBAF1D3C2F5057
:10A8E000D0FFE7F72510DEF716E91DCB4CD25A2C26
:10A8F000E99EB811B3221721E2C0061EF5811D435F
:10A900000EDAD14714E8B92728C74DF6F7000CC274
:10A91000C442DB9C65F158E4101D09E0D00C373DC2
:10A92000C1EDFC17304211E9FFE7D4FEB50BFD2B5A
:10A93000F22705E91DD4021CDD6BEAE1D7FA2BEA08
:10A94000FF580608B7010BF3F7E709F4EEB7C9FEA5
:10A9500043C3AAED0ACDD1F341AAF34BFD43D4F989
:10A960004A0CE6B1FFB0FD2EDE17022617119D0F2F
:10A970001AA34522FFE75FD3171420FC0A363B2CAD
:10A98000533411CEE71AA82DC52A0813D40921F48F
:10A99000F6D63CD6090907D3FC2F5203F1471E090E
:10A9A0000EE6E5DA060F03F6FEFD110A0311012A91
:10A9B000D5F9E7D6BBC215E739199325049A04D215
:10A9C000CC0CDFEFF9F0EEDB16FC11E3DC1905C966
:10A9D0002D1023B80DEA3AC5F9D8E152F00EEF4236
:10A9E000DF39FAF51DEF310AD32FB3C1E6C600DE19
:10A9F0001447D1F44127F71503F9F3E4CB0C0AFE11
:10AA000003F4FEEC1130F7CDDF28E01AFEFFE3D6A9
:10AA10001B20E6CF2C32FFF9F1BB19F8051401E435
:10AA20001D00FA21CFB1062E76E10944C050141161
:10AA3000DEDF23CFEAF97FFBFF093EEFD6B609E759
:10AA4000FAF90C89A3011C051CB02B0F10C11619B3
:10AA500028C736C100B63FF1EF2A310E41A7EC46B8
:10AA6000C5D2D6D0DCA831F4F7EBF2D5A3EC41CBBC
:10AA70000E02D4DE150FD9CBB62A1728F307CA1851
:10AA8000DCAAE009BFE61F0D3D05D1ACF70CEB32A7
:10AA90001015F4D326DF0223E5CDFF13F33C1DB5DB
:10AAA0001A65FB14021728D40B1F0CD6D415DAEA4A
:10AAB000D4F721E20EECEC2DEB05E90A6EFE003432
:10AAC0003ABAF5D7F113BE004105163533E137EC3C
:10AAD0000BE9C40A260BBCE2DAE881F1E7E83BD3D4
:10AAE0001D35CEEB0351DF12C3E5E508F104C80EB6
:10AAF000FFE6BBE4000D26F4DE1B3FEADB4114DB7E
:10AB0000F814D21E03EF043726F7C716D0271934DE
:10AB10001009EFCB0FD936330F0C07E807DC20BC48
:10AB2000E8F80B33E30EEBC83BA8F51FDBCF39E1A8
:10AB3000270B56069BE23D10BC4917E532B7C9B258
:10AB4000FCFCD3EEF1D0E2E1C1AB03FAE9F6CE04AE
:10AB500033251911E332E27F1AE925335B39F60216
:10AB6000F134BEFA120516F6F5F10D291DC527C8F8
:10AB7000E3F214033AE3AE1BEAD3FDE6C5D7E3EEF6
:10AB80000E0E4CF62201CFD532CF24FD3438E42C02
:10AB90000701DAF3F9D30E89F030DEFD6ABF1EFB40
:10ABA000E5D40A08E9EB1E28162ED00EE4F1EE1EBD
:10ABB000D2E9FE31FA5CF5DD1B1D2BF9060916B64C
:10ABC000D926E616F60EDEC8E6F8FB0711E7C00444
:10ABD000F413FF2F03EF000A001C01DC3AEAD91638
:10ABE0002AD4E9F2F7B9022515ECEDE7FDBE0EE334
:10ABF000003FFB161B760EE3E7EFCBE10EFDF3B74C
:10AC0000FC0EF60634E9E6E5F802C7FC37F1E42865
:10AC1000230CFCE43003F418FAF3D6F7DDE8CF3860
:10AC20004AAEE3CADC35E121F1D609C40BD4D51410
:10AC30003827FEEE20DBDA02E35545F6DAD74BD8AB
:10AC400010E042FF28D419C8EEF816081F1C08E4CB
:10AC5000D2FF28B04E127F29B60A96E9DBDD0177D4
:10AC6000DD1BFFC9019FF64621B0CB3101F7CD2492
:10AC700017E0D81CF6281B1A20AAE7D0BAE2ECF39A
:10AC8000DC44F23D27CDE9341A000409E0ECCF9F03
:10AC9000F4AC2D0D0CE220E2F7CBC5D7FCE5F33187
:10ACA000A200EC1034ED2A2F20E572FE17C8D1C6A1
:10ACB0005B250026D62FE2823FB2D1E8FDDD564467
:10ACC000D2E4110FF2C4F03CDF2826F0060E672212
:10ACD0000B1237FE1AABE3D1D80515F010C9A43C0E
:10ACE000061FD2C1F2BD2F324005193EB8E5182427
:10ACF000EDC6D1C803CA1A1552E3F0320502EECAF6
:10AD000012302AD41F07D62718DFCCC8F61A160827
:10AD1000F2E5C7EAF931E90BA7F022025CA3FB01D7
:10AD20003FE3E80FFD35B10BF6E2C722D5BB024D7C
:10AD30001ED51F022F3C0CD626CC4DF436CB26EF69
:10AD40004B1A1F31B5BCEA1BE3FF230103DA2CEFDA
:10AD50004AD3CFEEED42120EFC0DFA3907FABC12BF
:10AD6000F908376CF2F7ED2008C91522C0D1FEBEF4
:10AD7000FF2069EC1736D6B0E620B0C0C7940DF1BD
:10AD8000CE0125F71F1CFADF0828D9E771E222EC73
:10AD90001CF602811B6DC6BDF733D02144FB390878
:10ADA000BEC90BF1E6B1CCF8CABFD305B8F6410E67
:10ADB000D20307D4F4F60CFE04FAECEC18D81DE527
:10ADC000990CE2021AAC0512098D18F7081DD81B60
:10ADD000EF1C1808C013DAB8D76134F2DB0724FB84
:10ADE000F804B153022AF3FEF0FC20E83DC2B5900E
:10ADF00027D85041ACCD26FE19E5D749FA2967F08E
:10AE000012D9B8EA29D4DB911244C0E7082F5323A2
:10AE1000FB58071EC71923DF32DDF3FC39B0F8E613
:10AE2000FEA80803F80DE617CFF0E13412812444A0
:10AE3000F010D40AEE315717300D642541E82AE5A9
:10AE400000282BF6F9FC10ECD54004A0C6E4C1E8BC
:10AE5000F256CFD903A548F3F3E956D4E711E7E852
:10AE6000BDFED8C019C645101419F551FCF13BCCF4
:10AE70000709F10A430AEB024124180CCB1129C23D
:10AE8000D0D5D5D2F6F3E9B0FFF9FAE018DACE0C56
:10AE900003F51DF3E20924F5DAE8B6A6F3EEDFD3F5
:10AEA00026DB2443CA16B011CDEDEDF625C7F6E436
:10AEB000FD2E2FE7FC15FBEEB508D31AFC1003ECB2
:10AEC000D81E0EC4EB16FBCB3006041E151ACECFCF
:10AED000F62DFB3F0ED8D312EF21122301D851D308
:10AEE000090423D6F904E80FCF110A2C4A14CB0920
:10AEF00017181B07F6EA0D4936FF072C002BD3FA6B
:10AF0000F3EC060FD00F12201BB80BDF10FACD4D5B
:10AF1000BF23F23005DB2721140D04E9B700F8E563
:10AF200012110027FFEED216EAD7FD81C7CCF1C57A
:10AF30001900C244EBF70FE6EFF715FCDEA4C4D30B
:10AF40001E3CE6EAF319EA363DFC06E0D522FF1284
:10AF5000FBFED3FB1EF00CDFED03F3670DF3DC0DFE
:10AF600017381D2923E9EDE9CD56CD260222EEF64C
:10AF70000F0C3ECAD40803F003D807CAE605DEF476
:10AF8000D425D0F408D4FAEEF50F1703FEFA30DB1F
:10AF9000FC032D429812E510E5F6302D02D3F1CDD9
:10AFA000E2F312F81AF4B4FE1FFAE3E3DFF5FA1D38
:10AFB000C1171F02F53800ECEFC31EBAE5CE000E34
:10AFC000EF02F3F22FE7264208DF163D1F0428F5B3
:10AFD000ECDE0F2FE606422FE90A0CC7F54E121BD6
:10AFE00017EEDD0306FFE0041CCFD1D0FD2E0FEDE0
:10AFF000F0E7EB1EE106D3F706191DE048C3DB2698
:10B00000FE332C04FA08FFF61AD047FBDA10F922B7
:10B010000FC8373305E5E5D1D8E0FC38FD14EDFA6B
:10B0200006FBD9E129A4B42803DDFF0728E704DFE4
:10B030000DE14306DFE6FED5E5171C08F6027FE8C2
:10B04000D6E61D14E1F007F4F8FAEECA1504050C73
:10B05000E20ED5FAD0E3EFF1D2D8E4370403F813C7
:10B06000160FF3F515E90F0242F9361AD90CF53A25
:10B0700033AE4809E33E0F16100324F40C15C2BD8D
:10B08000E005FA030FD7A9ED1BF3DF0AC8390CEC72
:10B090004C0323A70024EB0F4BC102AB013440D774
:10B0A00004FAB7F7211C611C3A841243C92311E446
:10B0B000EE04C5D45803D151FAE9EAFC1FEBA1FA1A
:10B0C000FA0400D745C0F210F812220057E61B33ED
:10B0D000EA0C1E04E5D6F10ECC9EA92713F93A60BE
:10B0E000FCBFD2F9F0072A161222360C46E421568C
:10B0F000DDC1B708C44B0203DD2A1206D0490CEDAE
:10B10000ED17C7F612C0DA0E08ECF532DDD0EB2DE4
:10B110000DC7EC427112EE0711FA22222CFC0B1E15
:10B1200043DB1C13F3FE0EC77F1F060408F408065A
:10B13000F5E5EAD5D2EF17D42E490BEA2BFD36DF21
:10B140001007C7BDD4451C38D6C0442918E3DEF922
:10B15000E9042B0EC103ECFFF92F310B0202F2C8F8
:10B1600000210D07D5F043EA0BE636E73505052B40
:10B170000AFAE1FB101DE4207FD5F9252A0D0240D3
:10B18000FDF3E1F608D6032410EF02FDF7F01C18DA
:10B19000FAF114CC16EAECE735BDF4450819FE24A3
:10B1A000FC0C2F12111303F50AF012061024E423ED
:10B1B000F9FBF0B71CD102FF08DCF30DF2130A0112
:10B1C00009E0050AB90119220A09F80605C3F4DCE9
:10B1D000E6E3EDB12B0108C421200EDC05CE2ABD2B
:10B1E000F1EDEBF4EEEB1F2A0AF6F5DB1603FEF0A9
:10B1F0002522EFE6F1EEF503082910FC113AC2DB37
:10B2000008352DD0D7BE08FD3ADCEA0D35FF171FF3
:10B21000301C0F2E1B34480F32210BE8FCE6CFCC3C
:10B22000EA35FC01DE1AFCD5C4D1E3DE0CF81DF4CE
:10B2300062F114D3DDD1DB03D2611CD0F9A8E4CCD8
:10B240003D17CAFB2AF6FA0AF5FDFFD7E8EF160B01
:10B250002B2334143C401CFB121850C0282F2FF510
:10B26000E5D947BBE6CCFAD32DCE08E1D0081809C2
:10B27000F23EF69F1E1DE716EEF70CDC29D4F01502
:10B28000E7D84237A5FA19192EB8D50303FEAAC389
:10B29000591BF9D4C60727C60D0611301C2A1B1DE1
:10B2A000BCF7DA4E00E9D61FD12ED0EAFDF7CE0862
:10B2B000E5161503FC21F81F1F21EABAE12DF3F171
:10B2C000AFD475EE13AB071C1C37E825EBE3FCCEBF
:10B2D000B850F7490EFE250B2F03F09C1E8102EBA0
:10B2E000FCCEF2F80538F807F0F13A240A15E50F1C
:10B2F000FB0B20D0D50E362C09A1FE19ED24DCF174
:10B30000C12DC218FE24CE271DF4FE06BA5ADDEA6E
:10B310007D172CBD0BE620D4F03127B6EDFFF5F6F6
:10B32000EDDE3CF7EC0EE42DFAE2DDD1D60BE9E2DE
:10B33000E9F00909DCBDFEE4F9E90F1C15F640212E
:10B34000E0D2D1CD061EE926179B2DF241E1BF3F89
:10B350003402EDE5CA363DDA15DC473331E4FAFC58
:10B3600031F9EAE6070CE7E1DF090FDEDC45F81CFE
:10B37000F91009FEE3F81335D60EF1F20A17FB3F78
:10B38000D5F9E3D5101B1619EA0631B2F2D3FD0F39
:10B39000302DF569EB7FF78DFFE42128C2A6DEF69C
:10B3A000332CCBD5F632E71923C8D806F75CE10D6C
:10B3B000070CE6BD29FFAC0DF0EB15FD3EE1E4FA0C
:10B3C00002EEF9E0C72312FCEFF8CB4406F848136D
:10B3D0002CBC07D1EDEA5654DA1CF7CAD6070ADDB1
:10B3E000F9DED6B51627E4EBF1944DF70CB7E91565
:10B3F000390CF9F850E9E4D3F9C565E2A7C10217A1
:10B40000CFE80CB0D8E23B0C11B41E9E0E1FBF2536
:10B41000DB0602E2F303C5BB080FE5210D1CB843B0
:10B420001B35C931FCC4CB812B3DD51BE601400740
:10B43000D0060749C1F41111FD00E926F7CC0EE84A
:10B44000FBDBCD13EFBE15A45BEFF60239F01FBB9B
:10B450004DC3F84BF697F4C9FD0824E40785FF981F
:10B46000E9D728C812033C452320C2011539DE382C
:10B47000C2F4EFFC15FEBCDA47DB170C3DE6DA241C
:10B48000F9D8BED5D11CEF2DF414F9180DDD111B20
:10B49000C7AB2B32021804FDCEEF9923DDF2151451
:10B4A000F84EFC0C1FCE481C03E0D906142044457E
:10B4B000D5DD032106FEF608F8FDE43714F3CBC210
:10B4C000DFC5B71D351F5D17EA1805EDBCE233D6A1
:10B4D000E8DFEBE037290906221356C52BFC08FAF2
:10B4E000DB00CF5623D2F3F601FC1AFDD70500E9A5
:10B4F0001606B2C9EF0A0A9617ED3433D9D8D0FF31
:10B5000000E2E129FE1E42EAF6DDED1A0A2E29EFDD
:10B5100014D623E32835DDEDCDB3F90D2EFB221033
:10B52000020CF82710ECFFE3D5F62102F30D05B667
:10B5300012C62F101A1208EDF2F702F6EF14DB0311
:10B540001AD85CC1BEE2E22B0CA6CE3516EF0A0477
:10B55000E340ECE5E3E9CFFFF20F9CD9E19D89FFE1
:10B560003213CAD81FF6160F2F1628EEE02055FA10
:10B5700001DEC5FE0B28EA0BCB14DF24DE2DF3D34E
:10B58000A5CF33FD7FEE09AC07E3ECE5E92943FCE9
:10B59000EA300BFF2BFDDADC0313210603081D1C28
:10B5A000F9F1F82D5DFAF7F614C5F81FDBF11B84ED
:10B5B000E30EFF1726FAD2022304E904BC1B0FF99D
:10B5C000EC113435E6150B0436FE08320A05CD1DA4
:10B5D000FD3B1508EFE903EF36DEE6045228FEEFE7
:10B5E0000918B81616D6DBC6C4F61F2554DD0807A1
:10B5F00010012511EC0B5A1EF3467FC4CFEC17F84F
:10B600004EED1D051BE8FAD811F2B729D91B1ED63D
:10B6100024FAC9FFEE11E7EBBCF818D8DC0B0FF9E0
:10B62000430504E505212FB40E05EF1B5B17EAEA7D
:10B6300023F049C10901FFD80BF208F0E8CF1EEB57
:10B6400010D0F2D2F6E4D420DBFDF61497281D5773
:10B650002AFAFD10D8E3F406101FDD23010813DFDA
:10B66000DBED1CFFC3F75FF3E0EF3B0D1F47381620
:10B67000C3D6DB4FF01F3106F332DCF9BFD2EB3F0C
:10B68000E5E422202318F027000BBC04D6ED053397
:10B69000EC1D2542CBFCC1F033DC17D1B1F9E1FF41
:10B6A000C9B4041EEE0901FD63F41FE510E69331F1
:10B6B0001C1DF900A9FAFEEC110E30AEF30B46F199
:10B6C0007F0BFB3B00D70FED07AEED4D4D2C221B42
:10B6D000C7FA07FDE50D5607D7403207F217F75DA9
:10B6E000F3F5F81316F02F00EEF93703D725064FC0
:10B6F0002238B3D8BBD8C3EA44ECE5ED2D0EB8E24E
:10B700001B3B373A10E804E6DB26E43C08F0EEC6C3
:10B710000CF91955E2F11EF8FD211FDF34080C1059
:10B720000F09F3BCD5DF0F59109A35D3EAAF09FAE8
:10B73000FC25ED15D9F21C222614D1F8DA0B1830AD
:10B74000EDCF5ABFE10B42DB23260E0FF9F50FB701
:10B75000F6FBEC0A010462DFD1E8BDD5DA10DCCFDC
:10B7600011EF1A060BFCFE22EA67F221DC04EE045C
:10B77000D224E2E12E1A0E99E4AA0BCBF824FDE7BD
:10B78000E0FCA50D110CD6262CBC0301CDAEFD4D61
:10B7900005F90F2B0DCED7D82F761FF9C1FE6CBF40
:10B7A000CCD2B8B21BD1D5F81C21F4192D03CBF2A1
:10B7B0000EC9E81412B43B53F3ED1B17FF00554BB1
:10B7C000241BF2EF56FD1A0EF218294CD7F41D1364
:10B7D000C823E4C9E31AB6380DEA1A17FD2F0AD4B4
:10B7E0006CDCEC0F0125C9FC0ABB2ED5BD1201F1A2
:10B7F000CFFAFBF12ECD0AD4D53DCFB3D98108DFE6
:10B800004C043C12D3F73515E5D128E8E660F00981
:10B810001322FA180605270055CD0611FF0CE12466
:10B82000EE1EECCAFF07FA160F4CEE1911FD11FEC1
:10B8300008CDA3E51E0D04142434D7C5F748D7F767
:10B8400022B127003016DDB0B336F0D125D6F00393
:10B850005C3D0DF005E5F321F845FBA234F0E0D2A4
:10B860002DD816FBECFCEF18FEDF02E7B8C8D7189E
:10B87000490FD0C6E2D8E1325B1221E6DEF7F9F6D5
:10B8800007FDD7DD4B271AE013F4031305070F2834
:10B89000033312E9C241140F077F0CD6FABACDA9BF
:10B8A00002A73CCCFE14EF0003EF14F2A30EFA0C37
:10B8B00018F1220AE7051BD01A31F0FA2FE1E2D382
:10B8C000014F07F2B929E02CEB23320D0D032221A1
:10B8D00023F6D6E8E213EFB8F522CAC4DEE907681A
:10B8E000EB0C1203C7BBC5E81010F2F13B2D25F994
:10B8F000E8EED733FE542BFB0AC62DE9F51D40496F
:10B900001CF6FEF3C945DED01008F7F76F1AC8F031
:10B91000D4BFF50518E8121DC5B1FBE8EBE809171F
:10B92000C3F1DC1FB60C072D42F6D8D70B0C0A402A
:10B93000DDFAEFB821E9FBDC1CE33A382BD6D2C0A4
:10B940000DB2FB2A06E8FEF71631DBE62504F134DA
:10B95000ECDFE8AFD315EA9DD6F95839D0D803F615
:10B960000901F60808E4179C0702F1F2F8B80A6822
:10B97000F40B12CE07DCCF44F1E40A052C3209FEA9
:10B980001D3DB10E11B7F7CE4DFD51D427DF05C5D2
:10B9900054DDF8331FD9C7E1FCF521EECFDC29DFF8
:10B9A00061B011FE1CC8F55120C7FAB1B9E22AE610
:10B9B000F3E6F5DED00BFBEAE1D509B47F230BEB10
:10B9C000C82516E4E40ED9FFBB09FAF5D20229F81E
:10B9D00009D33C08C50BE471F1DAE31EF5FF031F40
:10B9E00013293AFFED192DC0F0FFD713D3FC2AEB32
:10B9F0002818AC0704E7CBF0FB14EF03BFC73EE306
:10BA00000BD606231FEAE124DD26CB09BD2015183D
:10BA1000D3FF0BC5F5041232082400F00809EAF739
:10BA20000204FE04E5F311CD21F9D009D512EC1D75
:10BA3000FEDD820CF81CD81E94FF28F0E9021217D4
:10BA4000200BE8E7EA0702EAF00DEEE7E7FAF82252
:10BA5000C8FCE8FBE5FAEEFC1F0BF8130F402AEADE
:10BA6000F9200FFA1903EEE4F102DEDDFEE130FA0F
:10BA70001C000F170FF81BF9F7E72615180B430CDE
:10BA8000F3A9ECE78CE4F6E3C0FCF4E7F71AC5E5AC
:10BA90001707240BD4FE81F0CF10FD0BEF0BD5312F
:10BAA000D32DFEF9154119ECFEFDFFE60A2F0D1C02
:10BAB000011DE0160CBBF5090414F2E903DFE5FBF8
:10BAC000C6FD03FEFD080EFDF80926EFEDE6D304E2
:10BAD000050EE1ED290AE628F30B1B230805F9A062
:10BAE00018193C00F305B51B073318D1E912F70804
:10BAF000E009D09D25F6FDFF0616B18FD713F60F8E
:10BB0000DA0360221BD628EBFE1F13CF08B8FA2BEE
:10BB1000F6E9CE15E13FE05C2E3B40D701FEFB6528
:10BB2000C7EB9E01A528FEFF5045F440E3F2045AFE
:10BB3000DC44F2E5406130D1C61E2054D1F93EC448
:10BB4000084A03C32BDBC1CEB0E857ECC2068E18FF
:10BB5000B41EFF97E9AFD51BECEFDC0252152CE2C7
:10BB6000D5E837BBFFA801CDCA01F72622462BB97D
:10BB7000180223A7D9ED44B1E7B3D89F0C8144350F
:10BB80002158E901A53A1D25B103E9FCED656901DC
:10BB9000CC03C408EFCF1ED537EE3BD714F20DFE11
:10BBA000F393A8D91F2065301A160C0CDD2125CD82
:10BBB00041BDE79FDD00C762041DE2FFB743FF0BF5
:10BBC000D300C326E611DEE2FA33E7E6A91B2CCF49
:10BBD0000AE200E1D5060BF5F817F8054924DEC79F
:10BBE000F40AD91AD9D519E32115B827CFE9F1DB21
:10BBF000F5EDB5170327BA1FAD0E1FFEEBDD19D803
:10BC000012FCF531C21D20FCF109EC01FA332504C8
:10BC1000E4E3E1EFF215F538F8F8EA18FF21F5E36F
:10BC2000F8570208F3E9FDF2F1D00FEFF9FE3613F1
:10BC3000151700EB0B0F072AFFF2010D04F0DC08CB
:10BC400010E61303D2D8D3E4FF30E7F4F00DE70A8F
:10BC5000FC1AEA7F04F0C1FADFC0010D10FDCAD75B
:10BC6000FEE9233EFD15EA11031109061810EA1F2B
:10BC700018FFF610F7E5F3F22A12092FF425D0FE8B
:10BC8000060D190726F3DC050E05D3E3DD12FCF0E3
:10BC9000DA391ACF19EE1EDF22461BFAEE0E0F0715
:10BCA000031808FE2DDBD90624ED2A4A28E82204D1
:10BCB000E432032AF7C6A34C2ADFEFF63402C0E1D0
:10BCC00009D42ECC192524E51BDB2AE0C0FCAFEEFD
:10BCD000DB110F1E184AFD0E14E1D01AFFF7D2F641
:10BCE000682A3203F1046CEB092445DEB630F10317
:10BCF000D7FD2E1B25E929D515E8FDDEC1FBF03463
:10BD00001CC80634C492F6F3F81317FCFAB4ECDA44
:10BD100015151E6AD11814D632012AFE6D01E7D519
:10BD2000FDF1BDE5ECC1B3F6E72F30E51F19F317C0
:10BD3000DFD6EFE300DB41D7ABD8DD38EFEBD3053F
:10BD4000D9D5360DF5B7DC1739250CEA20DB16C33B
:10BD5000EA02077FDC3F17D8B9B5E0282AE20B0BCF
:10BD600038BC20072EE42B29E13BEDF20121E11E36
:10BD7000E812F63CD5FED233E4E7F70F0B2843ED8B
:10BD8000FF0AFDD3FB07305C0F2CB407D1EE48EB64
:10BD90002B153BEB37F0F703C4EDA81215D615EFC2
:10BDA000FBED17C81524210A1DFAE6FC0DF305DB8F
:10BDB000163E4A10421FF66AE818D708030003D758
:10BDC00041EC0F9837D7152FB71202E330BDB6DE1E
:10BDD00005E431ECF32FE4F4C937DD2410D506E592
:10BDE000D8D64D0B2318DA7F1CFA1E132FF3E90A5D
:10BDF000DC1BDB730430392605E355DEF0D41EC6A8
:10BE0000B6EFEF3C1D9A100CEDBB0FFDE8CC061908
:10BE1000CAF43129359F3CBB0B184240EDF5BA32CC
:10BE2000D30E4339DFD4080764F0B30517C4D7E352
:10BE30001D6A2EF1D8EAF4D7EDD5EA35530B171267
:10BE4000371AC930D23CC51CC92807F503E1AD5CDF
:10BE500024EE0EFC1D06050231D9CD0DEC11CAD021
:10BE6000E717D52748C022E9EF03FBE2661ED000A2
:10BE7000D210513DF011F5FAE1EBE206F92F124133
:10BE8000CEF01C0AC2F702F32CEE1732F5EF040BCA
:10BE90000AE6F128DD1FFF04F7D3C42BD0D6F2F752
:10BEA000C6DE050F1A07DE41FDF91E1712040CE568
:10BEB0000DF5E11B1C1C3FD51E0E007FF21BFF0879
:10BEC00015F3194262102DD2C3022FE8EA1DD52FB7
:10BED000C7FE19EE26EA261DC71132E126F5F9F054
:10BEE0002DE4FC18BD08EEDEFEF3E2E7ECE0F3091A
:10BEF0000DFBFA97D0F5EFE229EED3350110E812E9
:10BF00000330C935D8D509FA2C363BBF2B3C00F895
:10BF1000C50E1212201ABDBE192104F1F50719052C
:10BF20000BDC22031DFC169E051BFFF0E4F7CF255A
:10BF3000D430EB04FD2806E24831CF02E00114E9D9
:10BF4000D01BD2F2F009E2BECB0BD707C4E6EA1849
:10BF5000F3FF07D9D55312E430CD23CD0DD70DC251
:10BF6000DCD737F5FA26DC08E5B2283A9B16F5CE81
:10BF70000AF414AD482D20F109E5CF11DADCDAC559
:10BF80005E2446D01BE52547FFCB141CF826B417CA
:10BF900004D20FEBE91C00B8CEEA2BF514BCDEE5A9
:10BFA00018FFEBF2F9EC240FF3B068090CDB20F773
:10BFB00026E55CE81109FC15F525A4E046EDE3163D
:10BFC000FE2E00011707F02AE410311D0107541D51
:10BFD000FE04FFE927442ECCBD0718B403C4E230A9
:10BFE000AA19BB0B0915FE2801280CB7B7E02CFDD8
:10BFF000E8F6000AAA3EC619EEEACB4817FF195E1A
:10C0000016AE180468E8B8AF311101E01019D8DB9A
:10C0100027D41CF0F6BED1FAF10DFFFA27237FF7E3
:10C02000130EFDCDC430F776E0E3C8CAF8084A31F4
:10C030001320AA079A45B0A925070C11BCF03617A2
:10C040002203D8C7CCECDE462199CC58ACE90824B1
:10C05000E9151E301A01F5F8D761EC150B35CE67DE
:10C06000DA140007272ADA9FC3F5A72ED2F117B1F9
:10C07000DFE814E7F544F40901EC16BAE5F0B13352
:10C080001ED2702AD41A59DBCEDC17192B1E1CF9CC
:10C090006CF2D301F000ECECFAF2E6DDF0C2B4E6AB
:10C0A000271C072414D7DEF75D0B001307DB82097A
:10C0B000EB2B1038DA1E1234F53A2BEF08EDCD1CBD
:10C0C00022F3CFEE0FD6FC3FDA1BE6D828B73DE8C7
:10C0D0004D1CDED2D318BBBB20B44429DFE4EDCA2B
:10C0E000300A4BC1DFF2D72CDA41F100F0CDF2CDAE
:10C0F000CAFDF82B00B3E13500B205072BC1CA37E2
:10C100008ADFFAF52FD128F151F3F325DF0081FD05
:10C11000EDECEF93FCF3F3DF34EB25F531E009DED2
:10C12000F2D22F0107321CD348DC29F1F6E4F70BD9
:10C130000432FEA71DD90A04E21D05E2E5FAD6F293
:10C140002C0012EB19D70EE1EC131C0416D71705BF
:10C15000BDFAFECCF7DB134AC12929F1FFE8B70489
:10C160002643051D32B8FDF52FBB0A1D2AEBE11F42
:10C1700037D149150620DDEFF4DDEDD5F5FCAF0E26
:10C18000EEF8F6E830FD151BE0001BCCFC5E27C77F
:10C19000E8FCFDE21FF6DE04FE032DCB07EACFD755
:10C1A000DDE105FAF4F40C0315D703E9C40DF11928
:10C1B0000A17F715CAF51A3F01F6195003F0DA10FD
:10C1C000EF4134F23D2F39E57F270C01DB2E370894
:10C1D000FFDBDA3FE9E30102ED0CFE0EF11EF0FB9E
:10C1E000E715351500E8035CDA20CC04A8E04548E3
:10C1F000FDF5D2DCE1FE01C20E103726433CD7200C
:10C20000B6EE09ED100AFA282B261DC3E8EC0E093C
:10C21000F218F2DDD81741EEC909E2281505C1E58B
:10C2200001FAC728EDFEF3D4F0061905D72F09202F
:10C230001DFDDBDE00D9EEBA08F2E92DFAFD13FF91
:10C240001CFE080702CEC0C0E15975E0DEDCFED658
:10C25000F6BBD9162CF2C12805322630FCF1E1F2EA
:10C2600028D6E316CF00D80FD2FC1FE401EA00382D
:10C2700006B7070846CDEA04DE02CC43FDDD61DEE9
:10C2800043B9D4CEB4F1BC2BC70DE700DF04F8EFFF
:10C2900015CAFCEB1F2808D90800E9173DFE002A43
:10C2A00007D4D1ECE2DBEFF2F0F70A32EB06F6024C
:10C2B000FBF0D8EF3626B2B00613B8F806F459DE14
:10C2C000D8B7080CD20AF0E9E2E5BC7F21B80CF738
:10C2D0002FECE14C3E4C460BCCE3C0F1DF17A8FD40
:10C2E00016ABCFDB36D4EBD4D51C49A7F7C1F60A81
:10C2F000F0383509EB9EF2F8E6BB5EF1070FE0E996
:10C30000EBCBECCFE919DBF881031EE803EFD1B3E7
:10C310002ABF4E2DF739035615D2DA1CF1E122A3BC
:10C32000C5A02D02E6DEEC19FAEC1EF0FB0DDCFCDC
:10C33000D6C522D42CBCF44E5B0D3A3FF90DE2E792
:10C34000B91AD2F71FDCEC0A04D1C0459EC0050A19
:10C35000031A2137F3DA0B5711CD3701381AB324FA
:10C36000F5CA24CD4DE062CBDEEEFD54A9FA272BB1
:10C37000D8DDC1FAC4DF0F5A16EA4D5196A1032C3D
:10C380002BF23EE1DB6CA3D4099EF62F07BBAEDE99
:10C39000A41EE2DC2C2BFD0788BC0796B2490DD009
:10C3A000E2051638FD346AE30C1408F76A1506F145
:10C3B000ECF1C4D71921CEEF65C74DFF05391B0538
:10C3C000F9E5BAA004D209E544FD07D7EFEBDB1588
:10C3D000E653EDDDFBEA01C4210E4CF0F406B90C86
:10C3E00017EA1FE1092DD60E03DCFFF3F291A1BB82
:10C3F000401E39FBBA11EDE4DC01A40AD0F2174764
:10C40000DDCD36C2DAE8F5D7C3622DDE35F9F7D9CE
:10C4100010E9D924D52212431BF93FFDE4D0E4D71B
:10C42000DF3BFF1CF01CC91829CED840083010B7DC
:10C43000F75F29F615EB1EB8F32BE5B401BFDE5DFF
:10C44000070CEEB324BFBCFFF80C1BB1E0FB18C80F
:10C450009CFCEFF0D8DBFF11FAF48F1B02BF4811F0
:10C46000DC36C3B6ECCF4223F9150939DFF528F9DC
:10C47000CEB036D9BEE8D620F0F98A02F72CA0ED6E
:10C48000C8AADAE0F4E92431E9FC14E781C2D2E574
:10C490002319DCFBFB0FF50925F41CBF1FBEAF8180
:10C4A0003BC406A8FC0AF5F0DC76209AE5BA43D82E
:10C4B00002E7240B021C1ED00718E799F200E7E1FF
:10C4C0000AE550DBAB29F7D11C1C01E4E05EF93032
:10C4D000021DA6EB0BEAE5033AECE91311DB260A91
:10C4E000FD3F242FE6DBC62310D5FBECDAE9C3D3EE
:10C4F00012BE03E8FCCF1E12FED0D91EFD11FBF8C0
:10C50000E90403C6FA010A14D82B2A0A61B124EE01
:10C51000DCA0F8DBF80A2411CDFE1B1709D500F9C1
:10C52000F91C24CDF8211007D5FA1A1A252022FC6F
:10C5300037A5E8EC1B4A05E233161BEF0FF72B0E6D
:10C5400015FEE60D08D6D1B910D0021D02F909A3D7
:10C55000E6FF04F9A002E2D5FEF5FEF1EBCA0117F1
:10C56000E71FADD8D5DBFD1505DD02F39D0924FDE0
:10C57000E4F805D80BCDE366D919F4E066BB02DD1B
:10C5800016F922352050F0E4E40B1BE94228FD00A7
:10C5900031F820153F0853581FE3311202E512F716
:10C5A0000EFF4CDC07CA493FD7F8FE9025EBCC24A0
:10C5B000CDF135F3E3F5EA0517F106280103DD2493
:10C5C000F1EA2592D111E33CFECBFF06E11831C818
:10C5D000EB242D06260E21E7D4C91CF7AC2F150439
:10C5E000F3040DE032EF22120EED0E2A02DCF60704
:10C5F00011F3212503FCBFCD26F5E60BF9DE070775
:10C600000620461C0F07E2D43507B3C71F27A4E84E
:10C61000E3202D21E10606FBF30E0EC63F27F61A96
:10C620001401E8FADCDDE060E5F1350A05E0030E0F
:10C63000DAC7E1EE3A19047F111A4515F6E0BAD0CF
:10C640001A1C20DD1336280F6205221791FAFB3BD6
:10C650000510F4E6170A0941E933413E0405150BBC
:10C6600006331403E404E15937F5FBD52812F7E843
:10C67000DB2FBBEF31044DF5C32022FF3214CAF289
:10C680002BF50502B829E02F93F2AEF3F4030BD09B
:10C69000F5D503F80D02D6C3BB8DDB28D4DED3CA93
:10C6A00042F1E9E5EBF21521E1D60C3124F402DC8C
:10C6B000132523161D3B12E50F0910D41CF9D236A1
:10C6C000E3211601D6C933320D03F1DAE823131C36
:10C6D000D9DCE0F1200EFBE84628D506F324EE1263
:10C6E000CE33212913FE3239F4FF110A1CE4F2ED96
:10C6F00012EFD696E9F30601DFEFDB33E3A7EB2A6F
:10C7000016271B2EFAD00235EBE399DFFF02F2FD6C
:10C71000D2244C2F0F49211A0412C7EF19220A10F4
:10C720000E0410E2FED1F41510812D5417DF0EED2A
:10C73000F52135CE13CCEFEA3FDB14FCC7F838C047
:10C74000C6AF06FBDE22ED07D3043AE4F1C11A229C
:10C75000182503FCF21D2D1F2112F71FFAF76BDAC3
:10C76000B825C130F2D3E009FABCD13F3D07DD0066
:10C7700013D133F4181505D8E10518F6FB162E0170
:10C78000E71306EC3222CCDAF208970428E1FD29FF
:10C790001323DBBA21D4F2D7F8E0FFFAC1CAEFE8DD
:10C7A0001209E9192BE3F02219E9FC1B140EEAE344
:10C7B000F80724ECF620FDD130E111E425C9F3E2BD
:10C7C0006649DEF0143246D5F61A1FC1D0CD0BDA19
:10C7D000EA30F9CCF90EF3090111FF2CF3D4182D2E
:10C7E000D80E38F0DFFE13C303D802DFF8D544CBF0
:10C7F000C3438109FBEC3AEF1D11E21DE40CD92083
:10C8000013F20B13F4E40CEBD9ED09E0F141B6DEC1
:10C81000E536DFD9000C08E8192622E04CF91AD1D8
:10C8200000F5DB18E61BFCD8C2CE0BFB120BFE0298
:10C83000F44804D8C530E9F9E43D04C70F0EE51506
:10C84000DFCF1A01F7291AC9DAE6E018EB30EDC597
:10C85000160FEA1209057F03FAEF06013E12FEEDFC
:10C86000F0090BF93FE8F413F9D4D7070FE1F9EA1F
:10C87000D53111C3F4251EFB43D8E2F512EDF212B7
:10C8800028F80401FBEFE9E90E2318E300E7FAE5D5
:10C89000E6C5E6EDDE0FFADDFB1608210E2203E207
:10C8A000F72BE94025E5170D04A546D7D8E2FB1183
:10C8B000FA33F108B9BFDAF6FC0618E904F44029A6
:10C8C000DC2225EFE6FA003C1214F1E7EFE0EF1569
:10C8D0001F04D7100014D73006EE02CF1E0BE3E280
:10C8E0002E04DF8DE3F0F9E6D517D5ED11031C0614
:10C8F00019D72F1DFB221D341EDE20D60911FD1F66
:10C90000F00317AE071DE41857F0F239D22B27F3C6
:10C91000020F0C26FDE6E3C3100837CD172B05FDEB
:10C92000F1FAEF102525FD0D4902D5E5ECD8DABE68
:10C93000F7DC3EF834FBE9ED1FEC21D9DEF70613F6
:10C94000DAC40308F4FE3FFDE6FF3015FAC7D0FD58
:10C9500053D6EDE7E8F92709F21AFD5AE8EFE8F7B0
:10C96000DF040DE7E4EC0D4408DACB1BDFF012D254
:10C97000CEFEF6EF042DDE001B23FFE0CBF0D22A23
:10C98000FDF8B3EBE2BAE51B34F90AF20533E7230D
:10C99000E1022DD12255E7F112D70029FDC9D91A9C
:10C9A000E0102D54CAC7E3F40CEE9C08D30238D52E
:10C9B000E7D80506F0E97F002BFBEACD172FF1C57C
:10C9C000D714BAF82CD31500E9BC3A10FCDBE9F80F
:10C9D000D1BDFBDD0100F718FFD5D22561F60BA50F
:10C9E000E5CC14E11DE7F31D09DBF9812816DEFA19
:10C9F000F060F4BAF72CFF07ACEE01011FC5D3E0DD
:10CA0000241E0CF7FC0EED0FCDEB1BF3F7B5E1F692
:10CA1000200F1B1AFC03D8E9DDE90CEFF319EEFC3B
:10CA2000EA3F33CCE804BF250EE1DA0C24EE09E03E
:10CA30002A0925E35428190FE11CF8FADA060766DB
:10CA40001DF309EC18D4DFFBDCC53516BEFF2B093E
:10CA5000E3FE0624CEF7F1DCF220FFECEBEDDF0F76
:10CA6000C82027FF10030A345011ED09EA0AF72401
:10CA7000BF26DBEDF4010000B6F6B1E53B11E2FCA8
:10CA8000DFFF4D14FEDC0A07290EEF19FFE25C24DC
:10CA900016146319F50B33E6DC100104025C2C005C
:10CAA000E5160B161EF7F11E0CF6FBF8EAB334067A
:10CAB00043F44C4DFB22EF2DEA063DCEE8E11FD8B2
:10CAC0000DCE09FDC0030213F92F05EEEC03D7E3E9
:10CAD00003FB19050F2826D92BECDDFAAAE216EF85
:10CAE00004DC2E0155E917FF0BE2D7D74536EA0CD7
:10CAF000DFAFFBD5B9C8D71411ECCE10EA12EC0A9F
:10CB0000D924EB48F0F4252853E92CD7F57F252DBF
:10CB1000CEE227DAD6F0D4DE0B050C0C1CF8072485
:10CB2000CB16A6F3ECD9752F1D0512F2C8E235D449
:10CB3000F00EEF1522FB24FE4EAD0719F20C1CEA95
:10CB4000AEDCE6EB01E006CB2422FAEDE4D805D01A
:10CB500000D50614ECEE1DE145202CFDF2D612F5B1
:10CB600003081F0340E5D7C219EDE7290121E7E8D3
:10CB7000BF37CCFDF227EB2A232D3926EEB7F6007E
:10CB8000220FE3E8F3D129EE16D602F6D021F30BFB
:10CB900020291731B815E4EEB61D1D28BB183EF24A
:10CBA0002617D011EAC279FDD103F6E81ADA0CE0B3
:10CBB00029FDF6400D23F3221F16D000EC0CE543AF
:10CBC0008BCDCD4AFAE6ECF1304A16EA150411098C
:10CBD000040625FAC3D51E5214CF13FEA5D6E6953A
:10CBE000FAF12906271DE21B0B144C2FE54B10D838
:10CBF000A1EBFD154006F6EAB8FB19B7CBEBF5093A
:10CC0000F21212FD1DBDD20C0CF8E707F256E3FA42
:10CC1000ECF6E2080AD102A0D3ECC57932A9CDE343
:10CC200015CC00CDDE140DD0002A272CDFE337040D
:10CC300025D627FED61710D8FC2360E1E7C51613CA
:10CC40005609E8F3FC07C21AC82150FD2979A6FB52
:10CC5000ED202DD2282EA4F0EB2A06F62400FB614D
:10CC60001B34FCF321E33AC9D2D781F5EFF18BF500
:10CC7000DF231DC4BE2C1AF9B45B39DBEC25F6EBBF
:10CC800018B5CAFD27D204ECC3F3F1BD24FCDCDBEC
:10CC90000EFB07200B01210BF13C3610AF180D2CB9
:10CCA000E481153412BCDA360118C4B314E8380430
:10CCB000B8FD3B07EF33C72200DD07D721EC283A48
:10CCC0008AFDBBD5D11D0B4D1C1400F0F91DE6F5F6
:10CCD0002238F8C0ADE9F52AFFC72B1DB4CC1BF9EB
:10CCE000C1E7F6E13BADF2F2FD2DF72BE515C6CD20
:10CCF000CB62291C06AFF884D91CF3B4EE08DBEF35
:10CD0000F2F928E02FF812C565A1E1B4F00F020096
:10CD10000518FC2A0212E742CBDF3100E4F4951338
:10CD2000EBF0F70BF32FC745F014F8EBE4E5FC0943
:10CD3000ECEC11CDE32010510CD5EEF8E907BC174F
:10CD4000E00303E41412D9CA2C0DFB8A1C15B3FBB3
:10CD5000A200DD222C16031210100F13E016DEEFD6
:10CD600013F3FC2AF6D019E3F21AB31211FABDED4F
:10CD700087E3B2C9CAE1FBFDC9FD151C40D91B43BD
:10CD800014C6D21CD720E6CD51EFD7FE0BFB030211
:10CD9000ED0DEDEDF1D5073050F40F0EFFC7D8DFE4
:10CDA000FED4DE1226E32EF5E9250C29C9FAD904B2
:10CDB000F44143E4D501FCE60B0F113D05271AE3CE
:10CDC000095632D999BE10D8D8F80F0AFD170AAB08
:10CDD000EF180C05BD2F2BE9DEDEF0FBE701BF5C91
:10CDE000CBDDDF12061B35BD082A0DF04C5852FF73
:10CDF00017EB18EC0B5F06EAFC28F0080306EFB807
:10CE000006AC40D802071E037FCFEF24E24D0DEAA7
:10CE1000F62308F31F29EA11E5FC17021019EB2687
:10CE200026C8ED3212BB3DFE170FBDC8DDEAE2B7E2
:10CE3000FFFD3801FD101C1529B91CE5AA0ABEFC2E
:10CE400003FC1DCE0405E93525DFE91B07EA2808A8
:10CE5000259F11BF35EF7CF204FB4547C12539E61C
:10CE600007F12AE0F51CADEF9B0C03221BD1EFC7A5
:10CE70000F18D1FFF005B2E61915C1FC1A9302E6AE
:10CE800002D401FFF7042D1106EE05F0CFFF305755
:10CE9000E7381FF24D2ADC40A5B31FC012CB9D0A14
:10CEA000B91F03FD1FC3EF2AFC2619141A24B04032
:10CEB0000B1C2F1926F41AD8C1FB48B4C5381FF52E
:10CEC000CDE0F2DE410F1C010F0E1B243204E3C241
:10CED0001BEFDE0C1062DFB9FD24E73BD1C4F0018B
:10CEE0001505FC021425B3F82211F4DD21BFF2DF91
:10CEF000C7CBE7F004E5194401DEDF13E7FD3D048D
:10CF00001CEB08ADD0E03D7FF7F948EB26D91FF8C0
:10CF1000FEFF241903031904FDF414ED0F0022157C
:10CF2000D3E424EAFA0B0D0D29020B2DF808DCDC02
:10CF3000F4CEDD09EE04DEB3FDF5FF072FFB0FF4A1
:10CF4000FCAAF9F2EEEE3EEEF7F236FBEB18E50541
:10CF50000F02E10902F2362D2517ED00F505171431
:10CF600002DD54462705FECAF00BF4F2DBEF01F5B3
:10CF7000C9FBFE28F7D6D8FD07C30929200511E90A
:10CF80001FE8C8BE0DE9D0EF0616FA064C210D20A9
:10CF900011FCBF20F7F9F3CDE508E24027351B1659
:10CFA000F0F3E32B1214DBE1F0080BFDA902FB3ACE
:10CFB0001AD141E3F1D23900D8F10D10E431164B0A
:10CFC00029FEDE27E41910BED32A0AF60B16F4CD8B
:10CFD000F00A8112F8E41FEE180D0EF9F316F3F5BE
:10CFE0005AFEFA15D84EE71FFF13D7FBCFF40213F2
:10CFF00021E5D9180B0D2323EBD8FD90D3C49C1A3F
:10D0000003C9C3E8B308F55831F500E5D8D615FFD4
:10D0100007BFF2DD07167D0A20EED817D828FE35A7
:10D02000E404F6E30928D1EAF31DAE07F9DB20DAC0
:10D03000B65BFF33B00B2B82F8F4FFE11110130C39
:10D04000ED28E60523DDB815D649061804E827BB08
:10D050001F380E453645FFF40EE0F41BFA4315DE8B
:10D06000D007D5E9C410529D9B4DFF0EE00211116F
:10D070001920E77CFC3B1D5D16FA5E0A4306365418
:10D08000D3C5FBDF0F61690D34161644FA10BFCD0E
:10D09000FF3C10B8551CDC2FEE03DE07DDF7FDFF6B
:10D0A000F8103303EEF3DA1F11E00DD513FD0C3E3B
:10D0B00007D1FDE9F0032B7F49E93E3A5CEB1AB555
:10D0C000EE332C064029CA1A01EBB5126208E3427E
:10D0D0000AFF1DC617146EC8FC1D2806E71A0BEDC3
:10D0E000EFDEE7C3FAF713F016F128DD0BE21C467A
:10D0F000A6EC09CF10F72CE9CA4106ABFDFD292F9C
:10D100007F2BF0C8EACB0CE4D9160D2BE7DFD9EB67
:10D11000E834FE1C0CEB60E611E1E7D8BA320D0BE7
:10D12000DEFB20EB1535DC11F4F9B40110D42D1F12
:10D1300094BF4515210549D8F7F4231F44B2281799
:10D14000E8BDB9B80C03D92BC9E53308E7ECF7CE35
:10D150001C3505FFDF07C4EAAA17E805CEDFCD348A
:10D160000CD399F601587746100443D5EAFB1153C6
:10D17000FB32AD15C8174C3BE3E3E40007E8F4D8F5
:10D18000023D05EC03C129DF1AD5E1C7EDAB4A5FCB
:10D19000DEEDB627CFE931EDD1F9A63E22633DE7BA
:10D1A00022141F8E25ED0F13AB4D06EEC025539FA5
:10D1B0001D112CA53C06D4E50A03BC09E1C1E20916
:10D1C00023B40B2D2300E4F51ECCE3F8B1CD0FAE54
:10D1D0001101FAE532B714B5080F3034EEB4E9188E
:10D1E00055C4C2F201D4F1E511B1FDE9F31AED2203
:10D1F0000E1CD905DCD91CFA1912D3B201DDDE6F81
:10D2000008F3A9F603F81509F8BA3C14251B415296
:10D21000E7CCE47F02F0752F34D23742190A0C01B3
:10D2200026DCB1351F380C25C7FB02D9EBF9F04BD2
:10D230000312EC0BB8C2071CE9A956EEB3FAF616B6
:10D24000B8F4B50CE717EB45055BE91C0503CEE91F
:10D250000054E01621370DE7153DD83ED7F9D9D84F
:10D26000B13201D006D4FBA7038E440B0AD9DE28C5
:10D27000F5D8124AEDD2EB90DEDEFB261A1102D071
:10D28000001726C1BD0FE8565C3419E9D9FDFCEC46
:10D29000FDB8DCBEF93725E62B1D143CFE05152B29
:10D2A000EA28EA140106EB36320FC60E2A29E30CEF
:10D2B000D6F7DC20BCA87F1BCE0EEEDA18D3FD25F6
:10D2C0000CE3F143D40800000EF10B4FD2F212E947
:10D2D000191CBB430724E9C3FA9F2947E52B4F0ECE
:10D2E000F828DDC10FB8E4B6ED16120BFEF72418CE
:10D2F00044F7B926E926D9FAE194D0D8E5DBCBDEAC
:10D3000031060DDCBC15C6FCF2E1E1212D1407EA63
:10D310003BD01BF5DAFBD20BF1D6DEAECBAECCB5F3
:10D32000CA2E0F69DA28333429FAF6D52436EB28C9
:10D33000F0080786FE18BC39024BCA0FD863E4C850
:10D34000DB1715F706032B2E18069E350DF6FB503E
:10D35000EAFACAEEFE28F8311F644F01B712D91B52
:10D36000F31F46DC3418EB3F169F1719EB25C10B52
:10D370002214DC2010D324E4FC4400F136FABAEB8A
:10D38000EB1501B1000BBED5FA011DBE0F0D50FE0D
:10D390000E1B15FBC3C9D312F13D32CEF32B03FD97
:10D3A000DAFAE23C16F1D7E3E01723EFEFDBFE04F5
:10D3B00005DAEC66E2F5140D4925032AC710373269
:10D3C00011C3F7ECE2D7CD26126CE20C9747E5E6E5
:10D3D0000D03DAE105CF3303040BFEF3DDE125ECA9
:10D3E000EA3D06F70B02F2F1E6B9E845EECDE311AE
:10D3F000FB27B8DC89081BE222C303EBE1F9EAEB67
:10D4000046E80EF1E5120FE4F1BAC3FE12FDEB1A85
:10D410008120210154F41523EEE6EDF1E0E5D3126D
:10D42000FBDEF632BB35D2BE03C8DE3DDDA11DD723
:10D43000F5E9D61DE9300FC1EE29B1E5EC4904ED5F
:10D44000D4CA28F51FCB1CEA0D13E325F8CEFFC084
:10D45000E719EEF60E050126F6ED152225E319CDA6
:10D460003607FEE10BD40122C82DF2FAF5194AE085
:10D4700009D8071CF6FAC8E6D0F71B001213F7FB11
:10D48000F6360C0027F122D22DEE01BECB24F0CAD5
:10D490000AE8D40FFAE513EB3EF8172E0BDBF6394A
:10D4A00004F3371FF5E00428DD5E1FEDBFFCFE2FFF
:10D4B000F8FE013A194E26F50202F80FD82B0F0597
:10D4C00019DCEE05DF0E0EDAFD27FD0C21EFE9EC8D
:10D4D0002945D4FC81D5EA27FD090226D72D2DC088
:10D4E00001C4211AFE37E11A22FD26CD3A25D13991
:10D4F00018F01BE2E4FDED1FEAEB10A820A3C7CC57
:10D50000FC0402F8F7F3DEF5E9C9FE43F5F81B1D4C
:10D510000BD9E302D915FAD6CE360000C4FA0B08AF
:10D5200025EB0407F5F32D14CBDBE503E810EEFC47
:10D530001D4013EF2CECF325F401F819C91F061355
:10D540002D07CEDA23FEB0A725C401472B4223F1D5
:10D55000FC3BFE2DFECF1CFAD4F7FDDB4D0E1E0268
:10D5600027D4F2C324E8D30DDE0BED0DF7FF07EF50
:10D57000EDED32F0EF140BFD4E15D21FD5DDB74A9D
:10D58000F800102CBEEA2702F7CBC60BCEDA031F39
:10D59000C0F0D713F93E2D08121F5B0117D2EEE53C
:10D5A000D8F3E64B33D1D90A2A25E006DEA2D3060A
:10D5B000FEE8FD0EF6A802BFFF010FDFF1EBEF0E54
:10D5C00024FF18FAF81C22212800DAFA153506E79C
:10D5D0001A16112B0DDC48EAD809E83944EB98E714
:10D5E0000DF2F622DBE2FA202F32E91FC8D1C8F192
:10D5F00008D03CC9692A0A210BFE1EFAFC01C3E8C7
:10D60000ECCB3305FAE88144ED59C81604D8EA207A
:10D61000D7193425E8273535B9C2EC06DC073BD6E7
:10D62000262A44D33A270CF9219D33362C2FF1D6E4
:10D63000F73EF30E505E16D8082CE430AECB71AE38
:10D64000C0F94101F325F205E9D624F04C4200343B
:10D6500026FED14D36C836E455FA5925B3FD101FC4
:10D6600017DC4303C639F82A0C03D7DCD75DDF7F0C
:10D67000F0D914FC2EC113D717143D2A3902E5BF87
:10D680000CDBE271E11BE4F41AF1E8FA18E722EB93
:10D69000212632EC0CE318011F4AF03CB60229E1C6
:10D6A0001EEDDBF0F055563363E93800F7191C1214
:10D6B000E258F7EA11C425D73DDDDC45DDE1231250
:10D6C000161DC7F616B732F8DFC6040DE9D41107E8
:10D6D000C71EFC1BFA5F59D0DE28181FF2DDEED6FC
:10D6E000E159E011F8F12E04E5EBEBEDFA3A3912CD
:10D6F000191D35351A01460668E5ED21C8D314D247
:10D70000E7E751CDDF2F1131F510BBA9231E1CE82F
:10D71000CA0AF967E3021098D9B5FDD5E6023DECD7
:10D72000E5DBE1FDB82127E0F6C4E4622AF2ECBDB6
:10D730000A10370406EF5B1381BAF0434F140EC989
:10D74000EB17BB305BFBD40206D6E0CFBDF0D5FDB6
:10D75000383DF49DFBA609C5E0BDECE232E0FD20BA
:10D76000F11EA416E8E55D1D260D020BFF2F1DB26C
:10D7700037C5F705FB1FF1BE3BFC16125EEBD9FB6C
:10D780003356FAD5E11B1D04009EE411000FE4227C
:10D79000E83101C1E9B6D01140263A3B2DDF37F917
:10D7A000C0113902F4D10FC4FCED94F4E0F63DF25F
:10D7B000ED0E2DD2F33D061423200D18E4AF0AF12F
:10D7C000E9EDD81F0EF0FAD1F5810A4012ECD1E64E
:10D7D000DDF6FCFDFA10DB15040E14D70BE202FF98
:10D7E000FDEF101AE0E9E91602ECFA1FE4DAEF00A7
:10D7F00014E3D611FE0A4810F7FF4014FADA09FEC6
:10D8000021F2FEFCD1CFFBC6DF070E00F1F010FEC7
:10D81000EA18A430AE000EFAFDEF00A6D2FAF8EB3B
:10D82000012114FC04E31EF1E9080920020745F078
:10D8300015F21403EC1C020711F30DF4111BFCFE8E
:10D8400003FB04FB19F9FEB6C001092306F2FD052E
:10D85000C510F57F06FAF319DAD7F21428F1D808C3
:10D8600002E7010F0B0E18F00C2E130A00FC0CBF80
:10D87000F9F206FDC302FBDFF0E90501FC0A06E050
:10D880001CFC06000CD4E307F70BFACF09F9143699
:10D89000F634110131EEF20604DF0E3AF50DFCFD0F
:10D8A0000FF62BF510FEDCFD04180CDBFEEF06F87E
:10D8B00019E02395F13C133E81FDF60DD38622E657
:10D8C000E231BFF308F3432C92CEE6B63AD876D9CC
:10D8D000BBCBF7C1E6B0B9B603B3F926CA261A34F2
:10D8E00002AAD3B9E90617DD08F601DE1116E3EC4A
:10D8F000D54BFEE019CA11F8E9F3090736F60AE23A
:10D90000F0CC2525FCF3BD1302EE1CBCFB17DE306A
:10D91000C8D71C46D6C407E6DD10C6CCFF0C072BC3
:10D92000F3E4EF32FF29CCF0303CD413FCEB3707A3
:10D93000142E1EFD273D0AD30A00441DFC0144CECF
:10D94000E23CE20502100B2F3C000267D4E2D21940
:10D950000AD3EF141337CA14A110084BF902F614B6
:10D96000295513FD2BEBCADE1CB21731BFF2AD52A5
:10D97000E7D7CC011FFF56F0E522E81F19CD3990FB
:10D9800006DC1717AE154555E5F9F9D73FC2BF4577
:10D99000D9D2281ACC0AD4DC3BF4B1D49C3C16046E
:10D9A0005FCFC20CC506B6CB0E09E7F40422C2C88D
:10D9B000150D050FE2E303F104F5E413FB0FD2C7E5
:10D9C0006504FE33E9F7399151FBD60203D2E0C476
:10D9D000E7FE101E47DD0ADE1B98A11539D4160F8D
:10D9E000BF0DE04B15E73CCC150064A7AF2611DC5A
:10D9F000210038BB1915D674F67DEA1DFCE4F3EF5F
:10DA00007F1034C3DEC25F2719FFA6ED19D7532953
:10DA100030E904BDD35E12F19EF3C223E6F6F2F1C3
:10DA2000DF16E139FB2D0FD0C82EF142F80E202071
:10DA3000F6D5FCC7BE490CEF5036F70FF43120BACB
:10DA400022A14C38FDEFFDE2000FD7C7D83B1123D0
:10DA500006E942B41945FA0A6AF9610ACADC1E1FCE
:10DA60006955F71CADFF20DD0BCAF309D2FD0FF697
:10DA70001CD7281424283CE609E0DC23D2F5C2E2B6
:10DA8000021EEE0A27EADAEE0408B305B2F4F8FC47
:10DA90003402DC1B40C4FCF5FAFFF90401E5F32570
:10DAA00017C41E182F01C81C0315ED12465DF4E2C1
:10DAB000B1B440F0E507EA08D12006F917EFACF65B
:10DAC000FE06D5E52AE5074EE2DAF45CDAEE042438
:10DAD000DA1E05E9CD2CF07F10EAF9FE30FDD7EA19
:10DAE000C0470A0CA698E20F1A2D73EFEDFBFE1942
:10DAF000D70F196357C8FAE9BCE4DBC8F8C0D3E70D
:10DB0000F9FCCBFAE9CEC30DEAD6161F22D3B0A694
:10DB1000FB0B00F3D91D0EEA1AFBEDDCE4EFD31486
:10DB2000DD3FFCE7010B4043FE182C00FAE10D0C31
:10DB3000940AF1D711C31EDEEDFAE6C5E411D9113E
:10DB4000D6D50BF2C5B1E409FBE01927ECE4541576
:10DB50002913FE042B24D9259ABDEBFEC83BA189CD
:10DB60001818FDE2F7250F5B22CC16F045E5D21917
:10DB700016291D2C02BDD6AAFAD3F133A0BC7F1101
:10DB8000D5C0D5C151D8F80FA720D1D0F4C4093ED3
:10DB9000CC7B0F11DCEA9B4C2C2A0C49AC0202D244
:10DBA00019B33AE39D072CDA28AAEAFEA8F4EC653B
:10DBB000E434E11033CF30ED17B529C014B8150C9B
:10DBC00034B8F7780906DF5833E4FDD0E9CADC2D14
:10DBD0002E3ACCD139F5DFC63E004CC5C4B44278EC
:10DBE000D810E0EDF5D7D51A05F1E2E3DECEE73542
:10DBF0000DFCE2310A36D206BA35AA48AE03C53F5B
:10DC00000F77F635FCE009CAB55F00FF15EA0A1B7D
:10DC100012C6605F0CE2EBE96A03FF0FDD37A3BBBE
:10DC2000BB11B56B22150EB901D10E17D7F4562AC8
:10DC3000DCD8EAE3C3F1D3F50DE9DF1E06B902280B
:10DC4000D7020F0EEB2007C5C6151327FD2364F678
:10DC50000FECE2F1F6F815F4DF07F8F5FED3E4F186
:10DC6000F1F823C8E3FF131AC6F5EAF80129010AFF
:10DC7000390E96DC9CCE2DE3DFF418814926E4FAB8
:10DC8000D50D100E10070F19E9C7F2E001102CFB9B
:10DC9000090AFDC0EB3CCCFC37C1F20EF3FD260FA8
:10DCA000D1D805E5EE13E2BEA92AE1F52C110F1635
:10DCB000FA492D2E0E11BF2CD23CCCF9172447B8AF
:10DCC000FFA93BF3F004ED07F6E83E15F2101AD376
:10DCD00021E3E21CD795F1FD0C1D15E2DA1DE709E1
:10DCE000BD3E061C13D0F9310BB439C21C1CE7DD54
:10DCF000E8A0EE1BD41A051ADEADA615E1FD001E44
:10DD0000FD042116E510FC2D0C10F3DFFA3229E595
:10DD10001BF615EED1ED1B17EBFBF000F5194311C7
:10DD2000111413CAEFC2DA0CFAF90F12FAD804046C
:10DD3000E919E6F7EB15F0F0F4E93B0D2CD604F009
:10DD4000F0252ECE3BB607102DE71A24D7220D045E
:10DD5000D112E4BDFA12D5522302DDD9BDCC2AE995
:10DD6000DDCF184928ED12C41BCA07032FDEAF14FC
:10DD70001DDDC4D1B8FC0424E3AFC15AED05E83A77
:10DD80002CDF3F02034DFAF4EBE0FA1FEA2F36E5F1
:10DD900003F3EDFF2F361A3BD5F7810D1832181D0E
:10DDA0000AAC27C10AECE8FEFBFCDA1A1CC914EE27
:10DDB000EBE7DE17E62DF9CF34EE28E9D2EC291691
:10DDC00040F659C1F235FDAAF9E9383E23374DF442
:10DDD00027F2ECFAF3FAFCD9BE0F0209521EF8FF43
:10DDE000FC17BB1725F02CF929E6FA19C121C51635
:10DDF00043E806F6A2FA5983F7A2C34FADF0D6EF77
:10DE000004D200DAE409CBFEF4E2BB19FA28FA32B4
:10DE1000CCFD0EF8010920B7D7EAB93915FD0EE897
:10DE2000CFBB0D7FFF38FCF8FB4E34E810B0C9F6CD
:10DE3000B4BA0F0F050D1A4F1A00C41F3F0B44054B
:10DE4000F6E2000E0E16FEDE51F6E0E8B5D9E74721
:10DE5000227FEE1FED19B8EB55B60911FCF523E250
:10DE60006E09E61617E0F42D0CA9CFE4CDD9A81061
:10DE7000FA37D002C40E04F8ECF42BE2DA150AFCEF
:10DE8000CAFBD2EF07C4FED01FF930D6DF4CD2FE5A
:10DE9000F32502E0FB41C425EA05E521C4D5DDBE3A
:10DEA0005A3E1003D327EAD8CF0AC5CFE3A719D12A
:10DEB00007C8B8EDDDEC389F100B091E1DEED13000
:10DEC0004C05FC0410ECD948CA0CF9C027F4C5175E
:10DED0001AFCEFF2F73CF91539B0E2CB061B16013C
:10DEE000F8BAEE2413E32DF323DE180702FDE9311F
:10DEF0004950F6D4EE4CA360054FC903E6D531D3A3
:10DF0000E0EEEE1A1CFE1419F5DBEA2F08E0E9A298
:10DF1000120231FD2B23C1170E1604FBEE053AA8A1
:10DF2000F01105163EF5DBDC3AEA1E35140CCAE2A8
:10DF3000062D15F5B8DF1FE6E90E2DB2DDCA2AF46D
:10DF4000F60C04DBA30D29FDFAFCE376CE3624DCC7
:10DF5000D5F3F421F5D1F5D32AE42ADF23D8F7232A
:10DF60001031AA07E7EBE6E9D62A1500F2E9F70D2A
:10DF7000B003D8F9D114D2E016D60E49F7E2436EB9
:10DF8000F0070D810F1AE8A14B0A26E2061BE204F6
:10DF90000A3ED21608F7E5F3F8F3E6FFFB10DCD6ED
:10DFA0001C1EEF0423FF4D0D1E24F1921B42EFC9EE
:10DFB000AE5D021935EFCD06C3292129C8E131FA3A
:10DFC00058E8CC2DCBC7B7AE9E48D40526E6FFF364
:10DFD0009AE0BD1A0FF1CBF9019055FF08C50E105C
:10DFE000CFCC2C28170C7FD814D02204F3F7C235DD
:10DFF000B314C2211BC95119F2F30429FD1E06B343
:10E0000025EEA9F109F51EEFD0E22504C00BD1C21F
:10E01000DBFFFD0AE90731E047D6E7D3D0F10AEA92
:10E020001CDED2FC0A0BCCF90DD1E6A13333F8E8A3
:10E030000D0BD8A9EA290C26A0DCE720EDFD09FA92
:10E0400056E14714D020B423DC0D48FE0711073FEA
:10E05000EDD92C25A5070E09F6FF7103DCFB2D1069
:10E06000050E0DB0241B0A1ADA010B063B0B05E95D
:10E070003FFF1907F835AFE00630F6060CF7F9C791
:10E080003B13EEDF07091CB9F51BD7F4130D35F967
:10E09000E702EDCA06420CF9DE03EBF805FEC50601
:10E0A0000FFB2446052FDCFBE9E7E628DCEC04E364
:10E0B000EEF8FB09F54241DDF01319F9BE08E7FB64
:10E0C000E7E0E6F7BCBFED14370201FADA162A26BC
:10E0D000E01DD3B4E6FCEAC201041DD1060AD90C46
:10E0E000EC03C1201BBF02251BC941C112F117E47B
:10E0F0000B1017F620E4101D310B8500E5F00AD552
:10E100003E0E3AFDE9251C15F748FCF31EFE49EDCD
:10E11000EAF2ED00D64118DEE39FF5167FF5FFE742
:10E12000DF06CA52CB182F28F5F40506FCEA06B71D
:10E1300003DCC1F7EC4FE6551F28303FEF241708EA
:10E14000E832EC03092FB7F61DBEE824F00BC70434
:10E1500022321BCCECC8E2FB0F1C0B2BD1FF23EFB0
:10E1600015301609CC400C1713FBFCF5F10F1BE121
:10E17000031BCF35E5DD9336DEFCF2FD1FD808D05A
:10E18000D46229E0E93CD4311EE8420B8516207B9D
:10E19000EDC4F3ECE9C91AD21E1325FAF6D5042111
:10E1A000D006F025F5241F7A260E36F7D9DA33216A
:10E1B000072203D1E5360410F1F247F6C4F1F20D5F
:10E1C0000FB9EE1CBCF306D908EFC9080CD7EB0752
:10E1D00002E4B5D326C9FBD7072802FDDDC524021A
:10E1E000C938DCEB0D46EDFF5750BB0C350CE8F29F
:10E1F000EEF105C53ADF7FFE2BBD02CCDA54D3D158
:10E20000FE2E430205C4FFCF03103EF522E9CFA541
:10E21000DFE01405A6C41DF11BF7ECD424EBCFE519
:10E2200001E2F0D61518E00A12E508033BF82AE8E7
:10E230002AEBF22DDB03F2F7EAE6FCF9E23A0BC433
:10E24000C5B408BF160502FC15F20106DC07D3D4DD
:10E25000BC5D07DED93815FD0EFC2A0E2FE60FA691
:10E2600005DAF1FD1AD523DDDA2B4CF3F2DC11FCD3
:10E270001211EFE32FFF314ADE25250DF604A136FA
:10E28000D2F42CD863C1FD09EA14FAFA1BF865BA76
:10E29000E32AC9EB8AB01A13EBF70D8B29CF57DAB3
:10E2A000EB1FD02B3FB7F01CE8460BDD1AEF43FF06
:10E2B0001D39FF26C512EA5281D612C7E286D81E42
:10E2C000BCBFE7B0D3BD0EF8B9F2EAE5E9560DBD23
:10E2D000E42ECCEEB9D452AEE72BD7B7DBD0001981
:10E2E000F7BD23110352DA25C52805C83320F65996
:10E2F000F8E4F3FAD0079F3ADE2446B93AFBC00AA5
:10E30000C129E009280C023925F5F6CCCD0618EE16
:10E3100007F0E8F9EBB5EA171833E6EA2651EB35D2
:10E320001902C9C2000B1F0AF31105A80ACD074143
:10E33000DBF3053C920CFEF5EE3BFCBFE420C11C78
:10E34000F3FB2D06131A02C6DE1229DFF2E7EFC433
:10E35000E70FD7063729111D2A053ADA33EA09F201
:10E36000291C11E3FEED1D0DEBE942F5FAFE753BAC
:10E37000F909D103240D15EBE1EEFD50EF24002D3A
:10E38000FB050626E606FDEDD9F9C6E6E5EDFDEB53
:10E39000C7FF15E607C4F5431B4B000C067F00EDD5
:10E3A0003D0803D4D616D0CCF94518D2D22BE9F2C9
:10E3B000DC04E730E7FF30C0DBDFCE162314F6D6EF
:10E3C000ED241A40E212221AF70E15C11AF9DC0CDC
:10E3D000F21227E7FAEA06E00FF905B7302EFFD36D
:10E3E00026C3EA2600F4E914F35DFB0A00171005C2
:10E3F0001B3B2CDD07F1EC00FF1A09C30E0AF7D90D
:10E40000EA350536FB2DE0FA3EFF05B824DE1DF3A4
:10E41000C7F9F4D8C5FAF812CCE3462B5BE6E2D58F
:10E4200013C4097F1B1FF0F6ED2209C6FDD3ECE0F3
:10E43000FA592618D00F2C1E0DE509F73CF88ECAA4
:10E440000EF3EF281F19E1F6C710261EF6A81604D2
:10E4500012F205CCD7CDD112E6F62A0A8F25130A7F
:10E4600026FB00AEEA2313F4071DEADF04E5E2D43D
:10E470000F11E30563F521F8BDE312CDEA3DFCF190
:10E48000FAF2ADC11327CF0F99D534ECEF28EE4C3B
:10E49000C2DEE120ADEECCAD0CC6CC3029F3D3EA20
:10E4A000E71E1901F301A1FAF7FACEED0E0C00EF09
:10E4B000C2061ADBF20CECE5F1F40EDC3533111177
:10E4C00026E3DAF5F2E2052AEE1D1CE634F3E50C4C
:10E4D00013393CE1A1FE0029FD22E2A7C95B0AD65F
:10E4E000FEE41FF60E3F0EE81514BBDEC4DD0BF193
:10E4F000334157CC18A735F02C4C08F60AE806250E
:10E500000E9F12FF2A3CE7DF06DE51D7C40F1D160F
:10E510003C5AEE5D1BF1D8D706C72822DFFDFE5519
:10E52000E22BBAB62BF5C11FEFDB17EB28FFEFF993
:10E53000DA291F1ADAC30B003332B01807E1FA5B8D
:10E5400022EDD1EB0BD8E5FC41CDAB30251ABE81D5
:10E55000F1AE8EEC05C227F81F2B301508FF04031F
:10E56000B1F0F3D3D0302D0E05D30DFF38DFBD2F22
:10E57000AC08E6C8FB8F11EC1655352B122DDFFFCA
:10E580000C3CEA11E3ECECF62668CF0BC429AF95FE
:10E5900024E132C8500BDC1ADE20DCF9DD0CAB1CA8
:10E5A000062FED07D7134BFAA2C8210110EBDC5C54
:10E5B000E9E31A03D41E0F1E473525111FC1CBE115
:10E5C00042F992590B00184B010F0AE63318F2FC7E
:10E5D00012F8E96EF2F7C90F44EB0EE521F614B11B
:10E5E0004502F3AA0302F31126FA46E6A5D7104026
:10E5F0002A10C90AFDFFC5D55B083BE712F10017D9
:10E60000D3EFD4133F0F4A16F7D326F30BEAC4EC2B
:10E61000F02E6FED191EFF711B5AD6FE9AC4DF57FC
:10E6200008DCDF2AE700C020ECEEEF4F32EAD60725
:10E63000ADE3E0BF12FDFC2315F70B1A0AE9B4475E
:10E64000F5540DF09D10E1FA63E82E13F8D610BFD3
:10E650002629F3A6EBE9DAD2D9E01C1CF2B21B2F73
:10E66000FB0E181DDA811CC1111837C2DBFDCD016C
:10E6700020003856CAF444F9D8C700FCD30405DB9F
:10E6800049FBE415EABD0A0AE81A0B3E4D150FF2E4
:10E69000E6F809510E0236F6285A2CE5EBFD22F475
:10E6A000D1B0BA0AFB120BE8E515215EDE16E504CF
:10E6B00029181D43D4FEE52225CFE1F11042C1B84F
:10E6C000063C111EE4222204F3F30AF9FF100D2286
:10E6D000FEE2F7F11800FF2D0E15BAE8F5D720BBC2
:10E6E000AF1AF333E71DB8F8F6BA432000F119CD9D
:10E6F00029E410E50CE940F11104F422EF0FF6B81B
:10E70000261D1FFF2314BA260AF1DC30FA1FDCDEB7
:10E710000C3903BA6908F51312C6E9FD0EFFF1447E
:10E720001107FD1213D623080EFCE2150D22430635
:10E73000C7F12EEE521CEBD61513B748D71640D5AD
:10E74000FCE00AE1DE0FE1F7F9CF1D1ADCDCCA02BA
:10E7500013FB36EDE0F109AEE72A171C03FC10337A
:10E760001512E1F3BCE448D4FCEC4CDBFC3613E2BC
:10E77000FA11D8F5D92517812DF3054E0901F5E6D3
:10E780004412BFD207100FD5D3F1C1EE15E4E40354
:10E79000EBFDE23F0E051DE90BD7B2E59B2816E71E
:10E7A00021FA26FA0DF62BF61B2AFCFE1915DCDDE4
:10E7B000E6EE1EE3E02BDAEF13EED01BCFD6508F40
:10E7C00006271FFDF904320D1C1816E61F0CA72B97
:10E7D000E9BFF7111C0604361606FB180BF232D5FA
:10E7E00004DE2817EA3907F422CC4BF0DCFF047072
:10E7F000EA1E241F250408D92C2CDFD9EE26250F6C
:10E80000FB0AF30A0E0E0E1B2AF10616F43918D471
:10E810001B25F412FF410CC706FE0E09E8020C0985
:10E8200026FFC8FAEBF62713F51B030B7F16E31C34
:10E83000313F00DF03072508041B16FFFAF72A0DF6
:10E84000EE06D62C20FEE6DEF213F12002C71724D6
:10E85000EA042404CCF3D808121EF2E6FAEB26FDF3
:10E860000A001CCFEF0209F626F9FFF02D153A3DFC
:10E870001DF0F524D3EC10FC38E901D52ECCE6F1DF
:10E880000CF2D0D103E2C7DB15EB1F0DA242CD0085
:10E89000E80CFAC01ED5C5F1311AF3CBDFFFF63212
:10E8A00001D3FBE7EE074D472EEC0ED30710BEE673
:10E8B000FEBC24FC00E81FFA2CC7F430FCF6E21B77
:10E8C000D8F107BF2681D125111B09DEDCD3DBFD82
:10E8D000E3EC20FF31AFF718FF16FE382F31F3FDC0
:10E8E000DD1916E6F6FB353D2F2F21FCF9AAFA0FAC
:10E8F000ABC8E6F8D625F6A1D0171306E93CFB1BFA
:10E90000D531FCFBB71408FDF1E7DDEEF1D6F5F0EB
:10E91000E6E4E510203B0609FBEDE10E053CEE07C1
:10E92000FC12FCFDF5ADEB2F23F0DEEFD3FB07B9B6
:10E93000E4AD04F1C5DA0236DAF9EB101CEF12CDC2
:10E9400007FAECFEB30F1B42250A312D4DEF1620BE
:10E95000E2F9FA1EAEEB0E0415DC15E5B9F3C0E1E1
:10E96000FAD205F3E4410102C4F3FBEFF2F307F737
:10E97000BEDE080C2AFFD1AF14D5F109C7E81E1A74
:10E980000AE1FF3011C608CF29FF22C3B9373CDBAB
:10E99000F819F6D0221F0F3FE7FDEB0CD621222BF2
:10E9A000F1F7F3FF0CD3F636F5100A2BE8FCEF1E57
:10E9B000C1E8F70D0B02C1FCF2ACFF1C19DD03EC42
:10E9C0002AEFBCC4EBCF2AFFDDF316DEE242FFD014
:10E9D0001528F8C71C07FCD515D7211210E831D32C
:10E9E000FDDC0AD1F0FAFFDEE508D53E811D2C31B1
:10E9F00033BF1D44E1121808F3FA0C4DF02AF2134C
:10EA00000CE4093FF211FD14E919F4100B35D6039B
:10EA10001FD9ABE70EF5E02414E437D626FA244AD2
:10EA200034070822DCFB143D24F38BCDC30FE03503
:10EA300049300C19EF33EC151C2FF70DF617CAC12E
:10EA4000EDD61FEB0A17F6CDE7DA43E0F6FE14F039
:10EA5000FD1701CBD5AA2F2323E300D70BF1BB2A47
:10EA600019FDE3FFE1F1E20A30251DD4D81A7F58E1
:10EA7000DF0F130707F8FF09EBF91908FB0519F970
:10EA800057030AFBFAE8E612150F160211E809EE21
:10EA9000FAFF0028C7DAE3030006D0274024E7F393
:10EAA000F9E722B4E9F4F4121E0FFD2744480D3EA5
:10EAB0000FEBC848E324F6CAF006CD17F0F505F2CF
:10EAC000D31EF9FDF6B3E520F0200441C6F3F5D1DD
:10EAD0001DB918B0111EFE08FC5703E226CE201106
:10EAE000E7F8E5031113F512F5293FD72005F3F1F7
:10EAF000D208F81BF7F8E1E8F107D9E3D526FDEFD6
:10EB0000DDDBD8F7E811C90E25E39BADE4A82A2B7D
:10EB10000FFB342ECF01DDD0CFEE12D2FEF4170D55
:10EB200016FF1C1E0827F41A211A05EEF0F9F01240
:10EB3000E518F2FFFA11F02E131124C8FB05171582
:10EB4000EA0C200104EB29FEE72021DFCED2140BD2
:10EB5000F7D91FFD29E7E40705CD002DE115F3D511
:10EB60000B1706EF31A2EFF71EF42FF8FCE3F1D1FB
:10EB70000BE547F5E8FFD9BBD505B91932E8320BEB
:10EB800017C13381DD07F9130D0F1F0FEA631E0C48
:10EB90000AC6BE02FE38C2D501080621E4EED01234
:10EBA000F24B0839F1DEE4FD22060AE400CC010450
:10EBB0001ABAE547E1E461F2E9063EE5F219DBE85D
:10EBC00025B7DEFD0308F820F032EBFDDE61011908
:10EBD0000A0DDC211CE6F41C29513C00E51D2FE840
:10EBE000174CEC27EE051D0039E7D914FF1056FE2F
:10EBF0002022C8EF231C390AD81F46E0D70F0BF795
:10EC0000FD00FEEDDE4E11BE323E1E69B5DF102165
:10EC10000423EFF5BFC181F900D93ACE3A06AA0321
:10EC2000F3E1E9F8EDD301321E46074D25F7F13146
:10EC30004015B419F201F401EEEA1505F91A1BE7C3
:10EC400068FE245AB7050A20C5D6C83E2BAD9F538F
:10EC50000F4DD71CE8FF1EFD231DDBDBCD76EA023E
:10EC6000CB0AF8CDC4C30DE108E33AF2FFCC194852
:10EC7000F5B78EDCF254F913A511FF15406EFDFFB8
:10EC8000DD4CCE04FF21D7FFD7FC3922BCFF46EA7A
:10EC90000EF82AF31FE939DCBFD0F20E27FD550329
:10ECA00031B9F3E6D70416ACDF3CAD19F304F6FD39
:10ECB000F4FB10DCB4F9D21F9508C808DFD9C5E20F
:10ECC00006D7EF002DF102E609ABD3F1ACDDEB0185
:10ECD0004AE7A4FE04DCF6280AA7FB990816CABD79
:10ECE000E815FDDF17A6561A640CD6F2EBEED91D17
:10ECF0004DD5AB8D00E702AD283FCBFCE6E8F8062A
:10ED00003AF8C4E16AE4E8FE00BB12F031F1319B4D
:10ED1000FD2716E9A6132A0E0750F3021715E7E39D
:10ED2000E831350538F2C3172ECF2AF5E7EFC50ACB
:10ED3000D5D7E41B4616CBF0FCB5CBFAE0E745F19E
:10ED4000E917CB0595F9EF170D0C37F804360819BC
:10ED5000F30BF6231506F0E13214CABBEE023B2F8B
:10ED60002F0AB4FC09DDE90701EC252C1B5BC31657
:10ED70003AEFBC7FEF293442DEEE8C36FC0AFFDA34
:10ED8000E913EB29D3D8F9F1DF050702594B0D1729
:10ED900016C70409F3D1F3F003F5EAC5D3EB1CD988
:10EDA000B5CED4E5B60705F0F328F2E1DE2C351A2E
:10EDB000F6DDD3B5A5FE263ED8EEEDBDF0B22217A6
:10EDC000B5E44AEACF1BCAFAD8E5F64102BCCDFA4F
:10EDD000383017184A15F41E2033ECA313D50EEE65
:10EDE000ECDA471EE0DE02C6E90928E8177C353771
:10EDF000D1C2E644E8250931F7DD34F70D24C30319
:10EE000017291C2EE80568FEC0DD0905D71310F888
:10EE1000E50B55DDD9EEF7D3140EF1F12B2FF6E308
:10EE200005D01A1BE03AD187BB5016EA68C7E2E862
:10EE3000E4E90B25E2F2C90DD3FBE2E2CFE30C08D3
:10EE4000F1B6C63407C449061D1C2DFC479C35FF8E
:10EE50003F0381C2B80019FA04E028CEC62A31E87F
:10EE60000A0A04212700000CF1E5B909090C171062
:10EE7000142B19240CFCD40E10125106D103C821F6
:10EE80009C2EE51CE820FFCF5AC80CECF0387F0C14
:10EE90002BD421CD0512DE0D1BCCCEE01A21D7A735
:10EEA00008ECF41F13D3F5C925130EEA170DE90773
:10EEB0002813D8EF1D20EE16FC17C60DB50648D84E
:10EEC0000BE21917E4F230DFF9E4DFD8FB1300EEB0
:10EED000E2E60AF0E729E02C12E8FA1D1717F3150D
:10EEE000E22DF00A44A446EE091BF8EF2C2CE41B9B
:10EEF000F94527E9C4BF1B52F5E8DBE1E5F25136DD
:10EF000027A80054C401B61D0024F92ABE0415FF29
:10EF1000D40BBE1E072BB9D2F91DF8BD0D100D1C68
:10EF2000F0FBFB1D14F2C41EF6DAFBF9F6D0EFFE7F
:10EF30000E05D07FD4FF1F01FF48DE39E711F0F541
:10EF400016CDFF4022150003E106D9DF0AFF18FAAB
:10EF5000190226CA0BFBF2F744211C2BFA1618E003
:10EF60000725E008B1DDE814E1E603E8F117412BDD
:10EF700096DF8AA75C0732FDCDFB22091B01D32B4C
:10EF8000F2171C5504D537190126BC32F1471DE58F
:10EF900004FAAAE3EDE3AAB8FECE3308EBEEB5C15E
:10EFA000CBEB1D0212060CB2E4FA0BC1D61137C826
:10EFB000068DEFB5F3C4DD3E0C1926E81B2FD9FAF8
:10EFC000D9BE3D1D34211848C394DB3104F1E21D44
:10EFD000F4F8020DF906EAE5F9B526E5DE4510CDAF
:10EFE000ACB2E9FA821BA3CCD72BFCB40FD8B8AAD9
:10EFF00022F7FAFED3FBA3A57FB2BEDB1C1A3D0AA3
:10F00000BA12F8730809A4E1B8C020C7E48EDB3750
:10F01000E195FDE79EE1F566DB1FFB03EF2FA60FF1
:10F0200001DCF652E31447F1D3FAFB4C1BDCE41B82
:10F03000170CEFE3B6B3E003BD08EBE8CFF4E5D47B
:10F04000FE0C5B3DA2D2E80F13E28E0C985CFDD95A
:10F05000F2FB3B14E5F08AB2C8D6D4F3C83E2500D3
:10F060000C2405F0F12930FAEBD60408FA38FA1D21
:10F070001EE71EEFD5CF20E6E9E2010AEE170F0EDC
:10F080001820F7C517BBE2DE1804C8FAF2F0B30780
:10F0900035D955F315EB00DFFB1D330E3B1316DCA2
:10F0A000282EE72591EFE4143EBB21F8E1FF50182C
:10F0B00037050BE83727DFFEB430B665FDE12AF8E7
:10F0C000191D355C39E7401608ED3A3FC13074E44C
:10F0D000DCDA3312090402D34C6BEDDFDFF32DFFD2
:10F0E00021BBD8840336E02FAC03413827D213D29A
:10F0F000FAFE0B210F292F50F0ED2E2509070A28C3
:10F10000EE3304D20307FAD6300C3840D4E11B2B7F
:10F110001FFA23200B812DE4F6ECD96417F2340793
:10F1200009CC41C32DD0F6FE271D3DF713D5EE5671
:10F13000BA3CEF2AE168953A0F453541F72B44F088
:10F14000310443CBBB2D3A2325B0FDDCFACC48EA91
:10F15000F0F0B7F4BBF2F91C37D5DB1333E1CCD4B4
:10F16000C154D7B56EF3992DC09E4F50EAE5F618FD
:10F170001610FAEEDFCD263151363B0ED7A6CFB1B1
:10F180007CC11005F9151A3ABADA73B4813B22D161
:10F1900020EE3FCA02F628D7D93722CB33F618C55E
:10F1A000DA015FCB27C1FCBA810D21F863FCE309CA
:10F1B0002D15D1CA2A0BEABCED229E3A0825E1178B
:10F1C0000607CBDCD7F2D4F3096A43D0EAF14C034B
:10F1D000FDE069F03313F5D9D11D2B2042E8E3207F
:10F1E0001507E8850312F6CEFD560E37313CAC34D8
:10F1F000E3CB2BCD48E2F5A5EE17974BD423D3DD17
:10F20000F50D1B094B2C1B26EDE60F2AFBD1F39EB7
:10F210000A23C8131344D0B3E8D8D7140C24FB1422
:10F220003529FA0230F7D781290ED3E7E9D0D8D2B1
:10F23000C7369EEBCFEFE308D3302C0610D5D1F1C3
:10F240006CCA184FD32EDAF5060EF3F733E82BE429
:10F25000F4F7D20BCE1E29F8FD2FC8E3E5E9DC0355
:10F26000BDD5F618F70B2AA4B32A23FCDA2EE5271E
:10F2700006140E08DA04EB3006F4FBF2B930EEE2C5
:10F280000E2A3A19A3F40BAF60071BB604DD100772
:10F2900013F8010FC0E74411AAB7D4CFC3F30C038E
:10F2A0001D3702EE0304EF05E99C2E1D1BE217E853
:10F2B00012C9D7FDF7F319F14646C6D510533503E9
:10F2C000E8EA2C3607031BD6E4E310FED7471315F4
:10F2D000F42AFECEF197F1332DFC52A0D249F81555
:10F2E000FD220D04AFECEDED460E2DC9E0115ED20E
:10F2F00009030BE8FB2AF3E6E07F14C1E00F1F25AA
:10F300000511A5EFFAEC10D7FC0B05F7EBD2C81CE2
:10F31000382EC10C0F24B3FF10343CE9DEF912EA99
:10F3200031EDE2F6DEE9D031EC0FDCF12225EAFC2A
:10F33000000E1CE1F42E2F51EC4A1A11D03526F59F
:10F34000CD0420EC0C0FE6DECBBB342F21F8D5F832
:10F35000D20ED12505F92428DAF2ECF430D517EADB
:10F360001623F02BC128E8F5EF1304FBFBDAFDCDE3
:10F370001901172FFE1EDFC7DD2CF2DE02D0531756
:10F380001A42EFCF14F0DE0D0900FE1C07A12B007E
:10F3900010350207DFDC18F9145DEBC9DCCFE44B54
:10F3A000E6FDFB13E4F00518F91A42443136D61B8A
:10F3B00028E32DE613DA1806D709E2E20ECFEEFABB
:10F3C000C6F5E5EDFDC1C4E0323EF5D215FEFD0AFD
:10F3D000CC13C337AABD813E40DC270D2037EDF1A9
:10F3E000279ED2FA111810C8C306090D0AFCC5AA37
:10F3F000F2C839D627F5E53EED08DB4CCF2EFCEA06
:10F4000001E918560C0C01E7C3EAEADAE7FE10E559
:10F41000C74F6764FE03CE3BDD290D001C06DB36BB
:10F42000E00BCA0705DCD6E81E65E0331BDBDD3FD9
:10F43000133DC52F11DFE9E529E9F5DE101EFBCAF2
:10F44000BDE0942016CF2C0B22E4C604C252DBC0D0
:10F45000071AD848F8CCF32409F2680A1FF83217C3
:10F4600039E44FEEF1CAFDCEFA1ED4253F9FE5CB1D
:10F47000FA31F908190718F4E541E403B3EB2B2737
:10F48000E6E5C0E6D802065CDDFF68DD0AE32DEAAA
:10F490003A14FF3CB7AFE159EAE8254F4FBE19A92E
:10F4A00011E5E7A9BAFAE20DE1333F0E17F9DA1BCD
:10F4B0000915B3BDFC34DF12C1EAFB1357D4FD4874
:10F4C000C18122D0E729C9BDAE02C6EDEBD30A0245
:10F4D0001BFDC009C5A3A6F008D6F8BADC27F2EADE
:10F4E000CEC5F416B96AC5211CD54CF42E29152EAB
:10F4F000F0FBD4FE1D0B031515452EFF0944E0E477
:10F50000FA47E6CE20F0F0EB02403624F925F6F07B
:10F5100014CEDCE04104B715E3E9B9D3E619FA0AE1
:10F52000FAEFC7000CD31630F7CFCCCBFCF22A137E
:10F53000E8BF580B1C20FB1BFB3C2839ED031C9D2E
:10F540001C3EFBC4220F0415EEE9D6E9932CFE0302
:10F5500023D7F9D9149AE1ECC4EE242CF5E620ABBC
:10F56000C6EE227BFFD702F6FCE34E40D1CEF4E29A
:10F5700037BDFACD0A7614E0CCCDDE02D6CFECEB67
:10F58000F3F0040E10DC19DB0817D205EB03F4F4DA
:10F59000E206D721E1E6E0121F13CC0900B7EE2501
:10F5A0000AB315CB1406DF3A26D5FCEB301D0278E2
:10F5B000D3DDFAB24B11E3FCFF09260B2319FA0144
:10F5C000D62507BC040E2320F40A0D0B27C025C640
:10F5D000FE1F28011003DD19EF3D7FDBFA131CDF4E
:10F5E000F420EF3CE508D62B16F2E11E2F12D3CF04
:10F5F000429FBEE041D692B9FD080E140DE81FF0FF
:10F60000CB0AFEECFE2742ED1528D2202011D402B1
:10F61000FCDB1BDDC208EEF8312A2FFDE72AF204DD
:10F62000F7ED3AC5E0CFDDC4F4F9E9DC33DFBA3DEC
:10F63000EBE838DB3AF3FD04F7E2DCDF1E9E22DE66
:10F64000B8D904EBB70223D4FEC93140FAF936F732
:10F6500018FFF95ED0010941E8B1DB471EAB1BCBB7
:10F6600003F7FD296CFBFE0D485CFA51ED2601DC29
:10F67000F6EC1AF5000425F1E0E6AD13F50ADCD04E
:10F68000A524FAD4F01D400BDB3122C60732F82D39
:10F69000200D21202542102B27141BF8CDCA3C1C1D
:10F6A000FB4837DBE6E9DF07EDFC2D04FAE8AA07A3
:10F6B000241C32F3F5F2EE17E5B5CC5DF9F707E35C
:10F6C000CC34DB04E131B9D41A24F5F12A3612E046
:10F6D000C303F4B241222A090834EA1DD727FC22C9
:10F6E000E3EE1CF6C93C181D16A004D31B121AF237
:10F6F0002D32EBD16111F4C10E4237C52DD7C8E9C7
:10F7000046552FF9E93846EF1B0DE5CA173CE0389E
:10F71000200A3BC5B70AF1F8D5CA4C22F42FF23EB5
:10F72000E225F30E169EBF242336E2F8CCADEB0F94
:10F73000250BE4CF143914202300F1B5F3E3FDF8D1
:10F7400027263BA33012DDDEF0CD1C01F124E3813E
:10F75000CA1005E1D127F7D0E028F528ECFA45C01A
:10F76000D9AFC5BF1FBAF40735C61B0E03E320D5BA
:10F77000E5EDDE29411BF440AC292556372235FB47
:10F78000F4DDF72C17E2E9FED136DCF92DC7ED07E1
:10F790000CC0F0DDBEF9A4F513D82EF257FB03021E
:10F7A000C9EB2D07BA5AC40CC813110DF66B2AE623
:10F7B000FE2D1A221905F7CAC9AA2EB4A9EEB4F271
:10F7C00006F2B6BCDFF6F5F2C001EDD710EA024151
:10F7D000E440FC2803EF3EF1B6FAFEE0194CEB22C0
:10F7E000E6BCEE180C0602E87F29E1ED18CECF0446
:10F7F000EE24308D17E6EDFFF0063BFF25ABA94365
:10F80000C659FBFCF046DBE104244FEF45E6133616
:10F810003A36F303FDE4E60CCDDEDB04C7E0A8D402
:10F820005237FAD333F2D0E6272400DD29C2FFF4A1
:10F83000BE21A900DF1EDCC308711A2833DEC0D840
:10F84000E64D761A0B50BCCF1300F80CD7AADAB9E4
:10F8500015250D580E0AEE050ED920F2EB0608BB51
:10F86000F4EE20C91F1C22FFD53114012B2A1644A7
:10F8700039401BBE2148F2FAEB3C631DBF1A30E64B
:10F880002CFEB97F073B23EACF01C7360DC8C91547
:10F89000D1FE1C020C2410D9EC04E5D0190A09078A
:10F8A000EDD9E3EFF017E7E3E810719784BAF912A6
:10F8B0005816E9C92101D2E80BF7E101F7DD0A0D7D
:10F8C00011202307FEBD21090EEEEA05E4153017CD
:10F8D00048FF1504FB000B10F5C7FEB242ECF848D8
:10F8E0001BD1EA170AE0DFC0DF0CE9FB10E1F1E20F
:10F8F0003FEFD92BE10A2E02EAE82A9BC4EA00086E
:10F90000CD08EBF2C5FFCEFA3E25D50CA611450970
:10F91000E5EEF7051ACA24B46CFCD2E4DEFBD2A2F1
:10F920007F042C2EF0D70B5A19FD13D60814AB0701
:10F930000C04C7002964F9021D05204037FB01248F
:10F940001514F12DF3FCBAE3249CF4DBB041280537
:10F95000DED8FDF90C08DFE3614DEC1007912C6E49
:10F96000C21BDB2C9EEAF6F5F8000AE410C9D7EFBB
:10F97000F1C4F2EC15303D03F0F81644F4D7FD4C19
:10F98000F3DA220BF3E6C3F80520B405EDC9F6B3AC
:10F99000FF45EAE5CBB506CD1932E6974FCA151FEC
:10F9A000F005073DFBEB16C4C41AFCF8B9E9E323E4
:10F9B000FEF6180EF34F524030DAD261FB1901DE29
:10F9C00034A7DBD6FE4DCEE7F4E9F921ED06FAF3D4
:10F9D00020EFBFD035BCFEC2E6F305EB26F741E7CA
:10F9E000EC37F1270CFD260100FF1C1BCA26FB9AF1
:10F9F0002CF0C120345CF2C1DBE0F105C3E025C38B
:10FA0000EAD9E4F009C9E7194EAEBD99C3EEF6ECA8
:10FA100010B41133DC02D9CD02EE122E24EF16B849
:10FA2000FFF7CBB35ADE05B4CA201EE018E7CA0CB4
:10FA300038DDE827E1FD8BFEF365BF0EC2F6060A4E
:10FA400002CF54282111D9D09921B02BA70BFCCA81
:10FA5000D82D1FD5E848944E04B63AADECE317DC38
:10FA600011C4FFD9FCC7B7D6DB004109D2E0071E9D
:10FA700028FE2AF31E0DE2D2BB2428D1E707234D2E
:10FA800040FEA5EDEF22F025DBABCF209C48CF79DF
:10FA900026001E24E4E5EDDDDFC3D516381DB224B3
:10FAA000400AF3F1EDDAF3D5F6D9FC28D6E356DCBB
:10FAB000BEA781F2109E1818100314E23B01FEF855
:10FAC000EBCB3722A7280FC8E112F2490603EAF868
:10FAD0001310C6D804C7E9E81302020913F0C717C8
:10FAE0000CE6E42600F30BFBE722F319FCD809151A
:10FAF000381ECF30DE04F616F8102E030FC6D3F3EF
:10FB0000D4FBF729FBDE160BF6F62A090056EC317A
:10FB1000112901EDA8FBF04405F327E00518F5EDE8
:10FB20001E06E210F3F9D7E4F0060D19EEFA2B18D1
:10FB3000150AEDFBF61113EA22EBE614D700F10AE1
:10FB4000091400FD0A25209DE23E24E435DEEBE3A6
:10FB5000C8F30E1FFA0AECFD44E9F71917E4D70BB6
:10FB60000FC9FE180523FE0AEDF6FEB902F3F4E50F
:10FB700036F9FBD4E808F215F50A10A9F23CEB16A9
:10FB80001D2BEE0AEE5713E2BDEAD9F60DF70D1262
:10FB9000EB81EF060DD313E5EC0E1D18E5F6091009
:10FBA000FB0D1413FD3BE70AE1F1E814F5FCF31932
:10FBB000F7031B1321CA0318E442EEF7F5CB3DE22D
:10FBC000E904EE3AC41FE2B80C39C507D9F2320D88
:10FBD0001EE631B6C7DB1408B9B6EDC4011CF9F650
:10FBE000B368A8C7F41DC2F419C5CC1555119223EA
:10FBF000F1040C29CCD9FC3123CBE3E8D6DD044356
:10FC0000C9E6F4E658CFEC28D61B0840E1EA1ECC42
:10FC100008C5E4EAF646C5E125F4B5EFE97F101220
:10FC20000311422C0A281DD9F4E707FCFAE0E0167C
:10FC300002E7E0C4B438E4FAC9D21C10A85F2FF47C
:10FC4000F1072633FB34141FCC080E1D2DBBBFFD5E
:10FC5000DA02DE23122AE2B21014DDB73A10142CB5
:10FC6000D166F512FCF7FF0FE8E0F154F7BA01FA9C
:10FC7000D1DBA5A228090A25C4C5D1F3080D2B277D
:10FC8000329612F0CBE405CE532827E23112FC2F36
:10FC9000E62D35E9FEC8F402BA53EF2FDB12DDE89A
:10FCA000FC58591D442BE83132160A011A01810B08
:10FCB000D0F40A17D42EB224F9CF67A7261F19B3A0
:10FCC000FA4A03EB10E10E0FD63646E3E1C90D6C9C
:10FCD000AF370409ED2F261E01D31119DE1A2A09A8
:10FCE00002DBCB02F5152531150BFEAFEBB4E8CCEA
:10FCF00008D5EC020B1C2C0BEE5417D7BADD372CB1
:10FD0000011060031F9BFBF6E310260C07FE0AFCA4
:10FD10000D4F0019E9CF34DCFCCF1DCB03A6AF118A
:10FD2000F31DC615B80F401641002AC536D541E669
:10FD3000E92929F8D6ECBD021FB9E0E228140CDC51
:10FD4000130CE901011F3ADF0408FE18061727F219
:10FD50000839EE0B0836CD0BD511E209B12ECACF0A
:10FD6000EA2ACF3307F825C31F2764F20C3D10E4BD
:10FD70000E10F50FFD2BEC0B2FF6F20AD12F21D52B
:10FD80001006070EF1F3D704F436F0FBD702FF1C80
:10FD9000DE2F2101CE19F1EF0B1E05F51A2DE0CE55
:10FDA000CC010721E10D22F646C7E9221209E0C87D
:10FDB0002CFC21F1F9082CEF2214002C24CAD5FECA
:10FDC00004F1FC31E445F10D2105090F0EF7D4BA19
:10FDD0000217E9F819CC4C0927140222C7FCC31CEE
:10FDE0003036DCFAED23382BF933FA0A2AEDFCF130
:10FDF000F8C9F4F6241A042300F81AECF934E9538C
:10FE00001814F021FFFEDFDFDFF549F0F22BD5F803
:10FE1000C41F10FD2936F3E52CF90211EFF2760E1E
:10FE2000381F0AEB01F018B9F4DFEA2BFE1AE0C61E
:10FE3000024DFFDFC3E3B9812B3B12F2DFE901E2A0
:10FE400014F0DC1F07F70EEBD107D71A2029D50CC9
:10FE50001C00E6ED2E441CEDE0D9E70C2C0FC12A66
:10FE6000FFFFF70AFF17D0051106FF29070819043D
:10FE7000F1FB12F7F4FE35FAC1FB2AF90D2427181D
:10FE80002DCB271DF70DE452CA10F821FF040B04F7
:10FE900009F11E2F0E047FF338FDF02E04DCD6008E
:10FEA000F5181E56EF2EF9F4D3F8ECF9A50D1A69E2
:10FEB000011E310C02032625E3BB12F3CDBCF63242
:10FEC000E725F457030F30ED11F10DC4DDE3F22700
:10FED000FDCBE3254AD8F314F0131CC80FFB03E055
:10FEE000FC3BC9131700040B14D73FFD2BFAE1F1BB
:10FEF0000249EEEA162001EDE1ECD61CF606DEC35F
:10FF0000191BDCDBDCD60BFA25EBEF110701F20A3B
:10FF1000D12129FAABDBD911FDFAF9F8F2ECD3F0D3
:10FF2000EC014CFDE2D3F60F3DE12328D5210E2153
:10FF30000828EBECD2C1EC272426F1F20EBAEBB97B
:10FF40001BD4F4DFFAD7DEFD00EF11F6E9165CE012
:10FF5000C87F4ED5E3B6D618EEE21A9B2420F2B342
:10FF6000376CE0EF27F223F721D1F1C8DDFEFC97D3
:10FF7000140507FBD904371D2B1CE5F4FEDAF51335
:10FF8000F7F655D9EAF9E2B9F759141B4F03EB0C10
:10FF9000CDD6D508F4304CF3D51CF637EA0919FE56
:10FFA000280804FD0CE6302001000C1B02D0BCFF29
:10FFB000E56D0AF7D60615F813F9D9F4B21EF3EA7F
:10FFC000C205E7C314E3F336FDF1FD00E42FC91BBE
:10FFD000DE30DB111DF93539F9ECD3E14E1413F79E
:10FFE000FD0DEA0FD0B4F82815E91DF2F4C7F4D7D7
:10FFF00000F7CDEEDDE2F6F8DCDFCF9D3831DEDC58
:020000040803EF
:10000000E8F1FFC0BEF2E71FCC3AB010F9E4D71711
:10001000E312FFD7EC2BEAB1F2A50C1FF012A9B244
:10002000B1BDEBF302A73801FF3C1EF3F8CFD33C80
:1000300003D9F6F60ED73DC11412EE401607D69737
:10004000E9E9F11ED3D5D881102919F307DFF007AC
:10005000E62F082A12DF2FE4DBE6301BF600FE074E
:1000600019D62BF224F72EE1F7760F23E7014B1276
:10007000E316E9DACEFB05FE04EAEBEBED52D4FD24
:100080000F1CE8F10ED0CC1712F723F533D1D7DBD4
:10009000EE032C25EDF108C02D1E3E140D003ED2BE
:1000A000F609F3C61D0FE70AF62EE46DB2CC04CBB9
:1000B0000CD91CA3EBDFB40AF56C1317E1E2CE3FB9
:1000C000F916D7F030F6FDE3EBF312EC0FE8030D71
:1000D000E504C80DB91AE9C3D719DBE45635C9F2EE
:1000E00019EF4F0FE83EEED4CE48F9B5AFE117FA5D
:1000F0000A00C32923F4A611CCE9BED5D60BA4DF90
:10010000D9E22114280CE6F1020E58EBCA15E9EBEE
:10011000F6FEDFF4D1E020DF46C5191EC51D3AEA20
:10012000F3FBF035DDF32FE9E62AFCE6DC0609CB2C
:10013000124A21F9CC04E3DADADEEE151308D80E00
:10014000E2110BE5D2E922DB3102E20B1A1B220D90
:100150001CD6CB1F05D30E30262BD50F1B1B49F009
:10016000097B0FFECDCA26573BDB202505FBF63D5C
:100170001704E50FB3EA36B61A0C4CF9E1EB0F425F
:100180000243F7F9D0DC5326087FDE17D82E0CB0D7
:100190001E2AFAE91B1A1B15CA28B32FC2110C2FED
:1001A0001DC31F2EF42540BDD921F1E602D7DEEC98
:1001B0003314E901102115DF10EC161206FC12C8E9
:1001C000FB11FEE0DBFB072FE6E1E1EBE7DDF50CE1
:1001D000A5E73CEC15105637F30FFF27EEDCEBD00C
:1001E0001BC60FFEE805FFFBF901F70BD4173433EC
:1001F00010F4C1FE35181909E2CF11D6E32EE7DD60
:10020000E91325E181FDF7E4E60C101A07F5FDF886
:10021000D820B314E08C47012CB3F2D5CE0B1A09C9
:10022000D029C0EB231F0C50C8E8E32C0B211C4342
:10023000AD4420BB052A31E353F40509EC01E63651
:10024000E702D8C0A1CC19D5DDE4FAD6F2D6D2089F
:100250000D05D0FCF93E01D3BE03162AFC1EC8C210
:100260000B20D4001E2C03E601F4062DC9C909DFBA
:100270002AF4D6DAF10FF3C1C8F312D41A39241DC7
:10028000F229E2F0FC0FE42E1615A4F5CAB3E13210
:10029000D5053EB21742EF13B7CFF0F707D41423BA
:1002A000015426D6F71EE31000D1381FCC3F30E0B2
:1002B0001408C10802FCF3450D4272FC6CEFCB9DA3
:1002C000111067D7F512D31A01FD5CF3DA31F2C5CC
:1002D0003732E005ED04496DF11CD9FF32B5D0107D
:1002E0002DFFD8F90C36CE0DF6F8E1CC32D439FD1D
:1002F000F208D72557D7D4D8EDF1052AE001F71039
:100300002F2A2930C405E0D10522FB212F27EBE558
:10031000203BF00B03C81BDF01FB0FE749C9DCE002
:10032000F4F63606E42E30210DCB00D1F603FF495A
:10033000DE1DF1D6DD38C2C41816FBC803E92BDF79
:10034000BC340AE1E5F6AA07231EE31BEAD121C467
:10035000F5EF01B62094C7B2E90FFDF06910026114
:100360000626EE7FECB51F5F082702C73616E3F9B5
:10037000BBF13D2BE903071063192F0104FEF50AB9
:10038000041BCAEE0E1EA83820F8D5B2FEE7FD3DCC
:100390002511EB105716EC25C6D2D90CE9AAE800B6
:1003A000C40C17CE24339FFE15E5D0F9433C1A1335
:1003B000E9EB09BDE5D8B6C10BDFF6A40FE12214C5
:1003C0001ADFED11B0E8F2FA19D508331316E00A76
:1003D000E3CB0D16DED4044F99668703F2EBFCD411
:1003E0001D31FEE5F00200CE12ED0FE9FE14F8E635
:1003F00022B90811E4C5ABE90E0D0D00B3093DAA01
:10040000E2F62FF4E257F5233246D6B5BEDF3911B6
:1004100015BE001E18DFCED75411EE0C566526AD62
:10042000C010FEE10FEBFD0FC0CD1FF781DA2E1DCE
:10043000C3FAEA1CF1C417EA2147F6282F042C134B
:10044000F4EA35E7CAB8478C08172F14EE3B25F8B5
:1004500037EBE059265FBCEB1D0DC343E4E4D11933
:1004600009F6EE0C12B823120425453B0CA3E53522
:100470002855060B3D35AFF4150D2BD506C70ACC14
:10048000EAF8BEB8EEFC102BE9DB50F5C5E8E8FF52
:100490006AC5DE24040133C2151DE7F9F7E9FE063B
:1004A000D0DCE9FC03CDB530ED15F9441EF8D7DCFE
:1004B00003103724EAFFECD754EC2237C3C1DADD4E
:1004C0001DDAF40AFB14A4E61216F53EED50EB27F4
:1004D000D2FF32D2B5D3F90C4522ECF7F135D1D0A9
:1004E000D81620F4FDDFFF210A113D1740EB36320C
:1004F00098FFF71414DDD6EB1902E91F1DFDDC4D42
:10050000F802D9E034F9DDD4D7F7F143C3A7CC948E
:1005100027DC18E6130C0BE2F5CA103DE3BAEB68D2
:100520000A19D7A4CA81F0FBEE0533065E1AF00F54
:100530009711E62A20E503042724D91F0BF5FDE9CE
:1005400033E0E2280BF81DD9C9D511ACF4EF17F050
:10055000D2F9A622D241FDFC1F09F9FA3897CF3211
:100560001410DF29F79DEC18E62C3D48E9CEF4E99C
:1005700000EFD218CEF24BF0EA0268BCD9F0EB1AC9
:10058000020032E8FEACEEFEC4D4E60DF9CDED1A61
:100590001B27CC00AC110C0C0D0715EAE300EAEEAA
:1005A000FC99EDBA17292635B8D1E5FCAD7FC10C11
:1005B0009CD31EE03DEABC3BF8F322ECFE1E0FD9B3
:1005C0009E35CE21EC262EC14CEB09E5FAF6E5F37B
:1005D000DFFE1BECFAEA3E3CD91DE60E20E303F3F6
:1005E000F6281A0918E92FEB1CF616E5040B05B7D7
:1005F000423016EBB4E6EF16E2F5ECB13816EFA98F
:100600001117E6E8FAD92B07F004011E270BE308BF
:100610000AED0BE204CC0769F9CB0DFB012F07F4BF
:10062000D40FCE510615F9F815DCF41B370ED3C8DC
:10063000AF34C1D4462DF2F24DA84C2AB53EC0814C
:10064000370AF69822DAFD3770EA97E90E1FD2963C
:10065000AF2F07B842301595CBF635364300A6D8F4
:100660002C8F262AC726F2EDE3140BC9CDEC09E541
:100670001CF49D0DE5C1121FCE09BB0E111E0A020E
:100680002A25D92BD0EE2622E5E0110DEFF301F556
:100690003203FB6BFD64EBF8E00E179D251FA7A14D
:1006A00055F91FFE01200E9AD227C09F1E12F7286F
:1006B00054F213F4F3EBC38AC1C221271E2F04BFE7
:1006C000B7B6CD1298FB19072FE804DDCA140C0C3D
:1006D000FBE5FB91B0D300E4C834A55EF6D30B6B09
:1006E000F6E0EF21470A25B6E8F4FD35E5A1222121
:1006F00039AAF72A1F20BE89F9DC22DC0E2DF3E18E
:100700005A64312C0026263A4029E1F6AED80C0E68
:10071000B9002756F815F225E2EB16FB12F31EC5B9
:1007200014DA040B00F1F50C17F1D6B802EADA2F4F
:10073000F0C41112F627E1E3E1CBEF0C0B3CF134EE
:10074000E05215D91B20131DF107194A0CF20BD7E3
:100750002601212CF1BFC81E2AE94EF149D2E9F841
:100760003CF50CF7F7F3D1E1FC2018F0F3EFBDBB3B
:10077000FCDDCEEF290D0ADD0B2814061B46E4EA4A
:10078000CAECC2C8F31C1CFBF12BFB1F0F30DC387A
:100790000C11E7F3ECEDE0FD10D1E456DF29ECFE9F
:1007A000EEE15335EA1013A40820F1BE1F03F7E170
:1007B000D4E77FFE48FAEAC0ECEDFDCDFC05FA0176
:1007C000F9EBFCC4DAC02BE001BFFA2917E920D10C
:1007D0001CEFF208CDF7FD0020E8E0F9DEE41AA7EF
:1007E00024D52BED242007ECE622C8F3E0DDD1EE82
:1007F0002000102BD1EA1D1B0729F2290ED2EFDEB3
:100800002B02B10BFFEA020DAB7FD9EFF41EFDAE58
:10081000F13D2F16E91BD04519F51F4E100ED2EAF7
:10082000064232C62A07C11655E5FFE6D30AEEFD99
:100830000504C9210FCEBEF8F32EF5F7DADEEC1E63
:10084000E608F4D1A8E21037D8FD0F1E34F502FDFA
:10085000DDD9072B063848C838460C163322E7F492
:100860002603051A03FCC6E2090AED52F4000D1333
:10087000FE094E012026DFEA04F8DB300D3BFAFCCE
:10088000F5F511F1CCB6F208C368F1D5F9DE040133
:10089000A2C52CFDD33A02B226C0AFAA57274B12ED
:1008A000230F0CEA1B14DAE3F510E6F6E3EFE3D8C6
:1008B000D00C2AF7EB03C810B9E9E0C1DA05F4FE61
:1008C00003DFEFB90A082A2CF1012DAED51FE8EE9F
:1008D00026DAD84DF11013F9D1FCEC0B3FBF81C8DB
:1008E000F50EF3BE03952F01113CF1BB301E423EC5
:1008F000D919C30505FEE10EE7E21ECB08380168F1
:10090000EDE0F8EB1FD1FD0ECCE903F403FA4BF058
:100910003643A6FE190F0125F1E829ECE62217EF70
:10092000ECFACDC1FB0EBF180202A8E7325EE30C61
:100930002B10DEF5FB2512321CCA0B1BFBC5F11078
:1009400007053201FFE6D511EEECF43AFD1800116F
:100950001948C8099DE52EED05E3EA08DEE4F0E557
:10096000EAA228DDEFF307FE21F302EDDC232C16CB
:10097000E3DB0CF3ECB8F7F3DBFAFAEF33CFCDD2CD
:10098000E7F7EFF4CF02DB35F4DEE604F11227FCE3
:10099000071302E8C7FB1BF9E9FFE3FF06F3E4CC0A
:1009A0009A13D5DAFF2FED0D34FEAB1EFE43EDEEAC
:1009B000E209E6F904F5FCDEFC13214D06FD05DD38
:1009C000F3151F24F9E8070403E6E01DFADF11FD23
:1009D000D2F2CA0A07070D04A3FFFED8FD0307F9E8
:1009E00014F7E4E724E30BE5D4E410F606FDE9038D
:1009F000DAFBCAFDEFDDFA1DF4E8EECDFC031203CD
:100A000017F7FA1418F0F4F7EC081B05F401321686
:100A1000ED0AFAFDEB3AEEEDEFCAEA0E03F91C26F9
:100A200015EC0AFE813109CFD20B11E3EDFAE4F5A2
:100A30000A09F6C10313E1FCD9161610E4F1FAF520
:100A400012C7F116ECF22A11F7ED1703EFF80B338A
:100A500013060F02F9123B00EC11041BF31BF8E420
:100A6000102500FA11FCF8F4F5ECDBF7E90C1100A5
:100A70000B0B090400FE102E07F1021813F9FC04F9
:100A80002A04380DEDD1FD0A1CEC2542FCF5161C9C
:100A900022312003DC21ED3E05F60FE422FACCB82A
:100AA0001DA019DA19E10C33DC3E188B134407E959
:100AB00017F2FFF526014238F7E928FFE1FDCDECFA
:100AC000EB036E1B2220EC0F0414E504FE200492BD
:100AD000ADDD0EE9A9F7D8CDE8FF02E937A4B0E50E
:100AE000FFFD1CFFB3FD0A7FFCE6192DBE09FAD7F6
:100AF00014EB23EEED3200D214F2D711EE12F9F816
:100B000004BFD9C2FFEFF721D44B942267263D00E2
:100B100023F7CB0EE3D7F9E80E00F1F1E816EE0269
:100B200006D54553E53DCFF0502F0DCEDC35DEE840
:100B300020CFF2FEAF1EFA1207F41E171A95F1CB62
:100B4000DB01EA104810EEE4F917DF25FC13E1267B
:100B5000C7F90000CF25D8E3B0FDFBFFBB2C04583C
:100B60004246C30800FF310404DFC10FA549F4D792
:100B7000F6173BF8A0FDFB1BF2F616E9D214126142
:100B8000B0EA2AE028223A2311181AD716FA2A388E
:100B90001EAA31D30624FF55EFD5E6FB27D548081A
:100BA0003A7FF0FB51E50AF7E514E2042226101320
:100BB000E6705A46F839FC020339E2E1DB260917F0
:100BC00012D94FDCF80059200C321711E0AE2FFC7F
:100BD0000B2F07271727061C3909142DEDE4EBF11D
:100BE000F0F8FF40241F02D6EB172319D712FCDBC5
:100BF000200A27E74EF10E01391F11F2D3E63B140C
:100C0000DAC743DE23FFE31D16135226FFDCD12093
:100C10004607B92237EECFE6CD55D5D624CED94AF0
:100C2000DFD9E2F5BA18FA3EE70069AD4DE50D5798
:100C300003F91F10550C2A24E7E73A32D0041602B4
:100C40009DEA45C1F305CF0DEF01E70E27012D2CDD
:100C5000E515FECBCD0C1D3200010C177FE1FBCE5C
:100C6000E6EA0CE50AD8FD0ACBF9EADCEADFD3159F
:100C7000F33BFAD9F716DB31F2F32A0F13F3D7BCA3
:100C80001EFE031C360A07FEE4F2DCE0F4F2E6C7BF
:100C9000E618D2F3BFC62524DDFABDC70208FBF56E
:100CA000F5F346F1F5FEC41505C50A032113F92035
:100CB000EC00F9140307F416FDEDE213D3C4F14779
:100CC000C4FCE305D010CDF1C6E4C303E60F13085E
:100CD00003F42F34F3DBFBFA4F08D507F104550C6E
:100CE000FFC704EB23EEBA1DF30501FBCF2C313F08
:100CF0003ED7EADBC2F4F30AB6E7DCFD22F5FC1FBF
:100D0000E604F01A1313EEF925E70500E8E9F70306
:100D1000002FDCE7F7D505FEF0CBDE0C07133322FE
:100D200007F6F9ACCEE04210EDE1DBCCDAEAE4DC28
:100D300074E1123BEBBA1935EC32DEF3F30C0BA481
:100D400060CEF0B0390CC7E213E5F41A0B3AEFE5C8
:100D50006A311239E5EFF20A1C9614E7E4191DCE48
:100D6000E5F4C3F724020F2E5DF0ED2FE1031BFA2B
:100D700047F6579DBDF80027FAC4EBEDE1B3C5185F
:100D800000EFD4B5A3DD1B1A70B4DAFC228DD32595
:100D90003FFAEDF9F3DC39023450FF0E03B5451B81
:100DA000EA561F8D05E94A5B6224E9DD0BFDE2E3AB
:100DB000DCF1EA44D91A7FDC072A0212A324CBF51E
:100DC00029F32222D6BEFAF7D746B40539DB02AAA8
:100DD000FFD62212C45820E62E11EC24CFFA473E4B
:100DE000375A1CF82ACE1AEBEE6D0533AC23EF40D0
:100DF000F18434CFFEFBB0B46314031FF0EBC8EEF4
:100E0000DE2CC302E6D95729234A62CDC290D51AF7
:100E1000D4C807D51ED806E5FF3DDABD200AF1F596
:100E200010E2CDE7E5F31FC7EBD9FEB10DD6EEB763
:100E300005DFB1DFCBB013DE4D042CCF1114EE1D56
:100E400044D6D6BADDD4E415F6E929FC0DFF13D15A
:100E5000EA45EE2121D23CDDE814DE120AE473B546
:100E6000D317FEE8F9F80430E210F469FD09F7FB46
:100E70003EF80E0F37DF1C08FCF7CC1CFA64DF28A5
:100E8000E7FF1DF4AC54E90AF9E0E6E781DB160060
:100E90000FE3F3C3B304CACAE038E5FA01EDDDB3EA
:100EA000134A1792D33A26DFFF0D07032162322639
:100EB0002CE3F5F827CA15E10DDE042007FB32C844
:100EC000D9C12DE8E117F8F9F80732112FDED42740
:100ED000241119A5045DE3FFBDB2FCE1DD07FEF9B5
:100EE000F51524E73F01BE22F0F20ADBFDC9FF48F9
:100EF0000230FD1114D903F53FB808E3DA0D1CBC2C
:100F00001813ED03D905EDD40E1A2DF4F602F8EB03
:100F1000E52B172FDC00FCD40AE9111028D802CEEB
:100F2000FFF8F8D8FA1B3D3F10F7F2010924D8EC7E
:100F300032E5E317F6FB17097F2FF506FAF6E8FF0F
:100F4000FBFA032F1403DECB08F1B7E3F0DE0A1837
:100F5000E519E1F812FC26C02ADF3B222BE82E5DC2
:100F6000D7E50AED0DB742F00912ED2537C6C3D318
:100F70000604E2D8F61117BF031C1D1EDEE9022786
:100F80001414E5F9222115ECFB2A09FF133B0F1E6F
:100F90000C0E25320FF812F11722050E2707FDED72
:100FA0000AFF36F41DF4F3FE1F1BEF1CFCCE15F5F3
:100FB0002DE7002625EFF1150E0E08322AC0F7F4B2
:100FC00017FDFF10E1071C1CD9110E34090F0D2667
:100FD000BD0DE927E8F7F5F9FC171F5E14E3E808F3
:100FE0001D22E02008CAD11FE6FD9FE3391AE01553
:100FF000DCD8FB09F3221922F60B13042FCBF210D5
:1010000004D412241B13BF13AE1216E310F50B28E1
:10101000C5FFE90FFBF709D8E3C9ECAD3725113956
:10102000F606EE2DF1E2FEEDFB2903E3DDE841F9E2
:101030004D26C7010B47F7D401D927E9E6DFD7D200
:10104000AAD8E829EA300EBBFC07F3CDBA0BDD8144
:101050004AF94DFA04DE112ED3E437F3EFB12CD464
:10106000EF01FAE0280D02CA4F010F001F0CE955ED
:10107000180D02A307FA0013181320EEF10BDD0A76
:10108000BAC4C20CD804EFEFE5E807F5FC110FF283
:101090005118170AD7DBCE3DD7DF20EBE4FDC72878
:1010A000064A39D3E1ACDAF90DACF0F02413E819B3
:1010B0000F29E51AF000EE2700F40E00FD08170FC7
:1010C00003120C001A15DA3EAFD7EDCE0DDD1C0968
:1010D000FEFC151EEF03F0FB0400FA17C6043A07E6
:1010E00086180C5218FA2100292FFE2DF1DD21005F
:1010F000D70E082FEFFA0FF91AD5050E1CEAD2E425
:101100000111B9C91CFF2D2C1BE812001E0E0C1C6E
:10111000130C09B2F9EAEE06E8E9D3DCFAE10919A1
:10112000D9ED0517FE031A2CF2BE00FCE81F17EBE1
:10113000DDF7DBF83400CFFA1AD80DF32AD8F9100E
:10114000FCECF01F09E911DD38E4FFE6F7ECE3FD04
:101150002313E7FB251CD6EBFE0C7F22F30BE313D6
:1011600015DCF6D0E4D4E5E12BD415EBFEF9D22260
:10117000FFFE1ED901B82CED1B43F3F4CDBCBC120D
:1011800001400E100C1412BF17E0E10D15DFC5FB76
:10119000EE0CD4FB033C1D11D3FB1F1E08EBF30226
:1011A000DDD834F008EFFE1ADF08E3250A0912043F
:1011B000E609EBE5DDDC0AD4F1DDECFDFCBEFD1655
:1011C000ADABFBF317F52722F6DC27CAF4BB3813C7
:1011D00004D3F5EE11CFEE08050E1B1C1322E7F029
:1011E0001B1CE60C1323EC08250DC50CF23E3C0736
:1011F000DE1CFBBB1EFCDAEBF3A60BD3DEF02B10E0
:1012000016CE171121C303C900F7DAE106D0D81EA4
:101210002DD60E390C2908D225EEE20107FF01F187
:1012200028E803D413EACDE631D6F307BFF1292D20
:10123000F6FEF507EAEFFAF181C51349D5D8CEECF1
:1012400018252513F2C91926172BE216EA03E9D649
:1012500006B515144BE72109CA18531514DDF10D15
:1012600008EAF90F32FCF5C901E5D121C5CBE0FB55
:10127000CD162FCF27F01206C40AC712F53D09AAD2
:101280002D94DADFDC2F00F2F208BBEF04E81DB684
:1012900013C14E31B8F4061CFB193802FB406189BA
:1012A000F1E1ED112DA4045592F03B011C09D4E1AC
:1012B0001C2B3328F21110FB14EA4F0056F8F8E209
:1012C000E7BD35FCE74D81DE292FABBCDEF0CD3725
:1012D0002C71F7C832E023BB07E240CD02DC3007B7
:1012E000D901D50940E11EF1CE34D85DE409BFD75C
:1012F0005416D61AE601008D3511491DDA4F94FDBA
:10130000F43AFDD9F1051A9213C2D7D6203111FC57
:10131000FB6524307BDCF0E4000A2A4F0FDAD7F1BA
:1013200011DF4ACEBED2B3D7F609C537C5F6F4F8F9
:101330001AC50202B6B71C49DBEAE027F700CFA8BE
:10134000EECD43E83693DBE32826580906E59FF601
:10135000E93AC8EA1514F0F1E3300151FADEFCD1A4
:1013600020F2E2C0F4FD061DD728B71030FE11F4BC
:10137000DFE28B2A1FFA3EF1BD1542F405E5D50BDD
:101380000FECECF52122E80CECDBF507FBF0F9F9AA
:10139000E81E00ECEEEEE4C7083AEEFC05CB2BFAB3
:1013A0000622F1F00DEF2BF3E0E9FB1518F73BF502
:1013B0000611ED0A2320E34EF51318DBF8F7BAF413
:1013C000E301070981FAE6E5BD1A13BDE922F91424
:1013D0006CF033D7FF1A96CD302FE915E131FB338E
:1013E000D736041603150BDBD402ECF82334034B79
:1013F0000E0531D618B5052829221800F3B9F20FC9
:10140000101410F30A3AD220F11A0ECE0300E4E8C9
:10141000D7C5FEFD11F9E017AFF105F70411F82962
:1014200009E623E0DBDE2F1800F141150101E41687
:101430000E071DED10D0DCF3F905F5E622D850D4E7
:10144000E9FBCCE4FEFD1D45BE223BD9F3F922CCDD
:10145000D813E33505CEE3F7E70713B70600F30F1C
:10146000B8EF30ECCAFC16102A1106B4E41C0E15B5
:101470000C63F6FA45D9EDDBF0FC31FCE8DBDE0A63
:1014800000CF0DEEA1F8F413301BF7DF3B02D20BB7
:10149000E2F9F2D00781271DE759EDF5060E151385
:1014A00000DFCCBBE21DCE362D30F2F54B0F232DE5
:1014B000CF14CEED25FFD4EBF5FBD70EF7130607BF
:1014C000E05F1D37E725F1F7CFFCD40EFFD81ABB3C
:1014D000C6F50CC5DF01CE62DCAE4301FAFD354E28
:1014E0001372F2F72801EE00E3231DD4E1160D2953
:1014F000AC262B021308F923280C0AC9E21A17FCA0
:101500003DFDC20C0353EEDB094B25ECA8D9FFFAD5
:1015100016E044F5F13106DF18FF35F4FCCB06E5A3
:10152000073FD117B5D41664D4DDE93E0AF1E008CF
:10153000F72FD206DCED58F84044591016DFE522AB
:10154000FA11F1E23BE4CFEDC808F105D3D4121350
:10155000ED140127C2E804D115AB17AE09E60F253B
:10156000154B00F0D033F1DDFA370F0ED8FF7FAF07
:10157000E2C310F80468C223C820FEF70309D9109B
:101580000D2E28FF1800DF18B7F12A1CD6F9E2E16A
:10159000F30B39FF5A980DD6E308ECD81FD6F3E6C3
:1015A0001AEF20A5FC01EFC2F32629FF15F00E0C5F
:1015B000B2E8DCECED1F07FEE2D80010F60CF913E0
:1015C000381FE0EB30180FD0C2E0D2A90A2820F56E
:1015D000EFC3D5FB3CF4ECF7D6D0E9114136271028
:1015E000F7C7FB3110D018E1F2AFFB9B220CDEBA3B
:1015F000E4DFC6022907F9B61DF70CDD48ABF8C7D2
:10160000DEE2FF42F8131FF8103115C42BF1D9F7B1
:10161000E72EE7F9E9171DDD20FF50F9F008FAB7CA
:1016200018F608F2DBB9E8CAABCB1D0A10D908E8F6
:101630001C51E0D52EF9E0E4EDE725F8002F11FD6F
:10164000D107E2EDF75EB054F3FE1EEE1318CB2C7B
:10165000CC2BE8F826EC00464DB7E93DF2E90C3416
:101660002DDBFA39E4F81D42D2BD0C24F2E002D998
:10167000112320EF851EEED3F0EFFAFF00ABD8EB7D
:101680002C111B0AD8EA0B1B13BEFCCFE92B35F13A
:1016900010E0EBFCDCDF277FE018E43AD7161018E7
:1016A000C4F0073011C5F3292310FFCD410F000608
:1016B000E5253E05CEF517E0B9F60902EF0F17E470
:1016C000B43C02E5012E03E5E117F2F9A65F1C0A1E
:1016D000C82AD60731180E1BFB162E51FC11112AF1
:1016E000F03E50060FEC03F7170DA4FDF91B4A0F4F
:1016F000F3EFE70CEE6ED10AF8DB1D020FE6F30DF7
:101700000DEF33E326EA06DDF80A0E20ADCA09D74D
:101710001FB52FD7E113EF10281844F01D22E5D391
:10172000F5F1FA183D2F24150AD4FC81191719FA7E
:10173000FD0F04701A2E0FF7DB0E14B1B3D616FB93
:10174000C920B0FBE7EFF831FCF9FF007BEEE92997
:10175000F409FB0A3C08381710F5E700DDD8D1E39F
:10176000DDC3BF4129F8CE101BBB0A29A541DC0B04
:10177000F5E904FDEB01C4E3D024FD12E321EDF310
:101780000927F908D50F11F43AB81602212DD853BC
:10179000E5F5E105EBDEFCA23013FA0889351718F0
:1017A0000C591505C81A51E8E00C02FB0E40083828
:1017B000FE1FE4FA200CEA07CF0C0CE60F0321EA27
:1017C000E9FAFF8130FCF6C9DCCE10071C0533FEB8
:1017D00017F7CFEAF7D93E1E5130FBFDCCEAE20BFA
:1017E000EDF80DFA1F26150E1B3CEEF3FF3BFDE056
:1017F000D7192BE11BF8D9EDEFD9DD151206C6E597
:10180000FBFC1F0BEBD50351E8DE011DFADC2419AC
:10181000F0293F0EFB02D11001F2B104E9C911F524
:101820001DF50AFD9401984D081B10031E050A358D
:10183000E5EEBF25F80DD7DB0641DDF9FEE52137E2
:101840001B15F010DDC8BD4B03E0F3F0E3190409EC
:101850001FDECCF01AF407C8E6002C613BB009DFAC
:10186000DEF7F9230AE7DBF7D14A0315FC06CCFDC6
:10187000B4DD1F20FAD40B0C2017DC25FFFE13115A
:10188000D406F2F2A7021B0B35C517D9DBBD15F93B
:10189000DE211623F800CECFD2512BD815C5ECE6A9
:1018A00024EA234DF2883447002811D70DEF20A5F4
:1018B000F919EE04C44A03FE0A2F20FBB7152F1FA7
:1018C000FC110CFB3A09DC1311F03320150ACB0193
:1018D000F50916FFF80FEEF9FB2912E30EF4DCE32D
:1018E00042CB08F30734DDE9EB1506E70639EDE8EE
:1018F0000E6108A3C5F75CF4165DF6E109D615EC98
:10190000FB0C4422E9E6BD06F62DE8F201F9EBBA3C
:10191000F2F20A09FE0C0FBF4A0C0DD70316980B02
:101920008123E70208192DD8E5E2E4C94DBDFBDBB0
:101930009B1D28FE27FCDD2A0ADD37E82AF8F1D3B3
:101940001CE70EE11DD3C7E628F5E6F93F07920232
:101950002A5640390F34E20CDE04C2421817D51063
:10196000FA04E8103117D8CA0FF417190FE1FF096C
:101970001725070361EB221DF2F11FE5CD30FED2E2
:10198000F181313CB4EFDBE7D4D50A16DA26F9E968
:10199000FAF76DE2AF1DE8BF2BE1FB43D4F7D9D1D5
:1019A00003BACE26220338F42E23201FCB0324E6CD
:1019B00019ECFBF9EED7464BA81D05FC02100BAF46
:1019C000040BB11A2C1713C1DC2909CC11EDBF0C83
:1019D000BC0319DA2E2BF9EDE701FDE9FBCFF7196E
:1019E00043D8C4DF09EC4351030837A7EB180B4970
:1019F000E5DBEA1DEEF83A010DFA39411823222BF6
:101A000046D5B7E01111FBF5E1EC5941AAD23021DE
:101A100012ED14280E1B04F515111850CB18530A9B
:101A200008E7FFE6BDBA2B940DCD24DBF2D8FCDB32
:101A3000EC0BC506DB23FE00FBF1E65100D617EDEB
:101A4000330225E0CBDA3ABFF3F9D519DE34E334BB
:101A5000DD0C1DE000CA020BCFF210F7F4CFC9086D
:101A6000CBB41ED510F720256ABD3A021223D74DFC
:101A7000D5E5FCFE0701FCB90026E7F807B90BFB2A
:101A8000322AC90C09D7C9BBF1792AF42CA8262B14
:101A90009E56F34A2CF6FECC11FDF409F52B2BBC17
:101AA000DF0BEDCF3BC655272B452A255B08D0C859
:101AB0004ADC343418F9A8DBB6D71DACED0BF2C6FE
:101AC0002FEF2FD8FE27FCF7E4010BD6D769B5DF3F
:101AD000EFF2E7E92DD603020AF351F327CCC33B1B
:101AE000480539B0DBE9BAA25C2AE427E3FFFCFF32
:101AF0002998FDFE0C3CE22398A5EC4DEDEF9623D2
:101B0000212ACD0E0CE0C91005ECFEFF1C1A4A7FFD
:101B100008B9BE2F240CC80DC10945EEFA2550AEF8
:101B2000FD05DE144F07F102C21C8BC3FEDC340539
:101B3000FEEF54D2C9440015090EB6ECF6CCD31210
:101B4000D696565C280EC71502E40BF9F3FC241751
:101B5000E1D1F1E73E3D332F1BC92537E5D600E43F
:101B60006414C1ECBBE807350CE9DDD2D61C4CFC93
:101B70009148CC3A2A7FC6C9DB03012AC42ECFD4B0
:101B800059F935E1229590F615163288061BD0FEDC
:101B9000E2CF0947DBF3DAE7A5C5BAB91D38E40897
:101BA000E1CE2BECC137E9F3FBE5D7F4B93303F30E
:101BB000AFEA18251A2826BDF9BC56D1BAB23A4068
:101BC000E4CEBF370BF21A3D05540F03D31C0816A1
:101BD00038C9D8E910F020F90021AD031D490CCC1B
:101BE000298BDCC8CCCAD5EB17DCE6F4DDE2224D4C
:101BF0005514E0F33BEB03C2653935F742BF96D588
:101C0000DB08B0BAB333E558220BDAFE1ECB1E2038
:101C1000DDF9EE13FF29E812C9120634BEF0EF34E5
:101C2000EB113116D7F7EAE809192839F906CCBDC6
:101C3000F213F6DBAD35EE0B390A10FB17D5DCCF0E
:101C4000051D1F37FDDE0F23DA243A2ED9BED3F34C
:101C5000EE1C001D252910F5FE053320FE3727F365
:101C60001131C318F016011112EFE2F538EEE90850
:101C7000FA14FAF910FC030E081FE0FE00FDF2CE84
:101C8000021F19D1E7E9DF1521F2ED0F0BE3EADCC2
:101C90002C2CD1192B151CCB15E116F004D9C10C35
:101CA000FCEBCF31D9F64AFD28332DEAEC120202C3
:101CB000F10A13E9DCE42DF7E44EEB1CF66CF0E7D7
:101CC0001BCCEEEC0DD5EBFA1311F1F1101003362D
:101CD0000D13031A0E15DFFB1938E8038145FD00CB
:101CE000E050FEDB352B000B0818112F0D082BF8E8
:101CF000F0054EB34DDBF9E4D6E7BC25F1120CBA82
:101D0000EF0DCEFBEF071512C9FBDA180332383599
:101D10000443357F0FF6F21EFA4C2F255515F1F5C9
:101D2000C2FED7ADC4EBB9E1CB3DF05340E7C3FCF5
:101D3000F707FD2B0E26E4F221DC04FF3A0DB3D7A2
:101D4000C5FE0D0EBFAACBEEFC0C950D1A3907117E
:101D5000600AAC3C0F0F7E8826E310E61A2AC3DF28
:101D6000F9741265EA3D46EA0279CB10DAF01DCA31
:101D70000D085E1FDEF220E82DC532D8EB1A2FAB1E
:101D800086EFFF06B90509CFE1461CCE49CBFEED33
:101D9000F30EF2EEFADDCAE9C83934FE062FDA4E48
:101DA000D616DCB519F217F9DAC633D1DE1BBA251F
:101DB00000103913D71D31E40AA5C1CC09C0A1CC4C
:101DC000F20038E617ACF5E42521370B0AFEE1FFF7
:101DD00037D1451E1F3EFE174326E3C408C69CE5C7
:101DE000FADD20F1110F2830EEC5D1B8FE19EE2230
:101DF000EFD4CFD5F6F6F726F3EC16C4021FE03A7F
:101E00001C43DEEEF809D6012AF61703CF0BEC3699
:101E1000E6151BBE4A09F3F4110B08D9F8E106ECEC
:101E20005517F70D04BAD3FB15CD60CCF4DEE805E9
:101E3000E6BECFF8CB00C625E744CB3A650B30F1C0
:101E40000B05FD04F3E9E333DBFC1F52F62A2820DF
:101E5000FFD507DEE239D8260222FA5C0A0AEDC075
:101E6000A73628D2FDEA1501812DE8CEF5E91DEE51
:101E700011D2F8EDE530EEBA2EE6DAF84AF40AE2CD
:101E8000F1B6E31A09EF0ED1DEFDFF00EB3014B11D
:101E9000E422E1EBFF4FE7F3F5E6ECF266DD1AF83A
:101EA00030DAFEB5F0D43B5657E604FEC30BF61904
:101EB000D8FAE0EB01D4F0EDD4091DEC21ED00D906
:101EC00008F9FACB15E4E90DEBBF412D2218FEF914
:101ED00008F5A8F33FC3E517EF122AE9D711DC454F
:101EE000ECEEE1AAFAAAFA1FD6EEF8F8DCE222F14B
:101EF0002E03D70651D30BF90CD9F527341F2CC369
:101F0000E417E91EFFF62FFD1D25F9D8FC05F11990
:101F1000202919F5FFF9F9F2F0E31517040EDBF5A6
:101F200000D4EEC1E20FF927FAD5B4038116DB2500
:101F300009F4F7C9FCF802CE1012F604F402A3DB90
:101F4000E40BFBE5034A05F1EE0EFAE9FE2E16D38B
:101F5000EAEFF5B2FBA7EFE309D939EE15EBDD1B8C
:101F6000F2CFF2054D1BBD243EFE0D18EC002B13E5
:101F700030E503FDE52FF2FF16CA40D6E14110D649
:101F800050152F2C0349DF15FDFECA0AEBD7D4BD2F
:101F90001EEDC2FBFB04D3F3ED1A041AD506F905B6
:101FA0007F251BF62240EA0D03F7C0C8EB38CFD7D8
:101FB000F4E9F6F6C8D2C3F22902FE2832DAD46F69
:101FC000EDD39EEB0427D1F810261CF209073968DF
:101FD0001B35F8E0F52DC8492232F220C2E4D01FAB
:101FE0000910B6D3E3EB2DDFB2FD0EED08E8E5C531
:101FF000F5FCEB02DCBF0B55090E2B0BEE1BFCF6C0
:10200000ED0826C1EA05FA03042F2317D7D110598A
:102010000813EA29EA1AEF10EADAECF324E6093F9A
:10202000EAF90FF4FFEF0C1015EC036C02205D26AB
:10203000FAD32C02CF0CE8EDCE020CE124F5A7096F
:10204000FB0EE709C361C7F5F9E513360CD8132079
:10205000EDF1FB05C9E7EA3B452C3FCFE20305CA9A
:10206000EBD3E0E30B70BD05D9FCCAD10DC011F76D
:1020700003EBBBDDA418F02EE90CB4B205FAD03C9A
:10208000F8C80006F7CE8FD0F205EFBD3249A700A1
:1020900009CFE0D133F818EDFEDAFBABEDF20EF527
:1020A000162277BFE9041FDCD5F20EDB95CE14BDF6
:1020B0000EF0CDE5EAF06B31E0FA0C0B27F624299F
:1020C000DFF8457F10CF4739C71CC713A0F8058E2E
:1020D00010C1F1F0CA1ECA27B4EE9EF2D03511E34A
:1020E000EDE045CD035CEFDCE8DE08F7220F1622B9
:1020F000A9BDCC14E2CCECEC5525B7CFF02339CCFC
:10210000AA3B31E741F8C73D13073D4A4427D0CBEE
:1021100045A4ED151215F19100F1CB00F5D30AA9F4
:102120002309E8F72C0D0B05F9D910241258D1D644
:10213000D000C806F9040663E7F500D8F7D9F6B36E
:10214000FCFA241ABC242D56E80DCD13CFF905B5A1
:1021500014011526E8D7F30C07DBCFCDDFDF12DE45
:10216000FCF6EFBA0516051C00B32BFEFD10FA397C
:1021700016E403F3CE01FA0F44FF111E12E923DB2C
:10218000F239EF0730EFD608EAEF0B110B03E6D870
:1021900081E53C190AF5FB4DFB22FFE60CD8E80867
:1021A00052E0F3ECE500F3FC28F3E43AF5012201F8
:1021B00003D30CD80923EED20722F61CF3EEC3DEBC
:1021C000F71022F9E010112F010FFE1CD61617FD93
:1021D0000AD322F5F21502D921010EDD220F1C0CC3
:1021E000EDF725D107E0F7EC1203E7FE14B8DAF0BB
:1021F000210019ECF01E06C6F7DFE8E102FE053CFF
:102200002C260FFAFA03EFFB0D0318EB3217110A15
:10221000B208F53406FAF805FB41F11EE5D42B1798
:10222000F1D0E3012B08371AEDF52107FBFD120B66
:10223000EBD14901BFB03B1A1E31E8E2E4C1F5E43D
:102240001D2CE2F5FC07D6DBB7C8CBDAEAF8D4FCE4
:10225000F3C50B23CFDC0C0EBC2A3504B8393C2166
:102260000F0ACFD115DE07EC50EFB3CBC143D0300E
:102270008F0718F3F1FB18CF43E1DC2C41FC130965
:10228000061ACBF90BA9F5EA43030845DDEA37DF67
:1022900023D20D99E4160806B615A2207FC8D30BE9
:1022A0009C2729270EF209150C3BF8C210AB15D755
:1022B0002CE74B060B2C0FCC34E44BCDD7E424ECAD
:1022C0009DC8030A37470BE9CF25FB311EE7F122F2
:1022D00003F9DE09CA1A19370A1B54FE29FE0E013A
:1022E0001035F53CFBD0FDE325DDFEB5EB15F7FA27
:1022F000F821D9FBEDD1730D18FAF1B81FB641D40E
:10230000DCCBDFA5B5DEFEDC05D0FB2A2090191959
:10231000E60AD9289E29F704E5C3E705E8DAB721DC
:10232000FF03F0023B321FC2D7D508CF0E8CFC0250
:10233000F68AD8FD17C6F7E33CA44EEDFBACDFF8F8
:10234000E30AEB390D16154A039F2437D8217FF293
:102350000840FFD6303F182EE622122B0952310CCE
:10236000E50811ABECD5F5000CA2EEFFB124B0CD21
:102370001DFADBE71DE313F75B08461CC11998D76C
:10238000102A15C6BC1CE50E1D8D2410D7F712E1CE
:10239000B8DCE5DDE8D810E8C4A58642E6A602333D
:1023A00022F8642320E1E9DC34FF750F2FCCF7BD60
:1023B000C00C4018B71BD3BD077304F43C4BDFC6F9
:1023C000FF11CF182DE4C355052E00FFE0D80F26CE
:1023D000DC0A7BBF3891F01F055812D5CF2E2E2A6C
:1023E000DD490CC00922D2D5D2061C60C2D816170E
:1023F000D817E5F7102028C2F90DD0290BCCB6ACC0
:10240000DD09C1121202D3DFDD382032DBDFF7B580
:1024100016F9DB15DEBDF83B0DFBFAEE241E0A3C77
:10242000E3DEFF2F1BE622F5DCE7E3EA2D09E60CED
:10243000E2D9E43B32E1FDD2E9FDE481F5D81216A0
:10244000E20CD209E709FDD09F45DB211EF21D17E2
:10245000F434D0E9C0372B1EB40023DA1908FF0C7E
:10246000F205E5F7AEB9E386F2E6FBDFEC1DF5EC2D
:102470002F01DDCF5FE21200B5E931F4F0C34BE488
:1024800007CC06F92CD6E52AB52D0740CA1725003A
:10249000D7DBCDDADCC9500626DA1105FA012BBBF1
:1024A000F6A6BB111F36D6F0051C01F51FF0F3F29E
:1024B0004BBBDCD0EEF6F700D9BACEF40808181DF5
:1024C0000FC507F8B3D4E32D3DF823F4E6C51E018C
:1024D000DEF2CEB52311F8F0E6C8EF3C070631C6B0
:1024E000E8D90016F6BB133D2D28EEF8321119EB92
:1024F00003FEE4E18FD104C4363A0319E4FD25F963
:102500000B06E70D233313FA5E4B0410F633E30199
:10251000C5F411C40916102E01D532E902D30DE21B
:102520002B481C44E7092529CCF75FF1C2E13508A7
:102530002AC9EB09F60ACC03C516D00E01F5FBD764
:10254000DCBB04E6052FFEF6FE0D41B4F50B320BA5
:102550001FE6BC1815C60DFD1327FBB20005FF15BD
:10256000F1FC0EF17F31CEE60F1E01EBD5040D1FFD
:10257000B3D8FED5E502063B22D605DEDF1914F5F9
:102580001515EBC2F00EF9C61CE5D6B59DFF2A164F
:10259000050EFABDBDEB09EAE71CAA17EB1BDEF836
:1025A000E7DF1BEFE2F533FECBC2CE0FF2FBCA0A28
:1025B0000A050EF303120A1CFECB37CBD7FBF8FD3E
:1025C000152A2F1FE32D0CE7FB12142EBAECFCED9D
:1025D0007FCCB9F50629F41ECC1DE004F6DA14F917
:1025E000F1EF16010DD10DC70F09E9E8E7F433004B
:1025F0002B3FC913CDE2E234251A05ABFCEB30F7D3
:102600002424260E2D00FA1200080FC609F43DF10D
:102610000D040BE2D8F7D721B012F7EFFDE9750FE3
:1026200015DC0B119E27EFE6C12C37A1F4FEF6FE58
:102630002323E825FDE525F4DD14F4B3F7E2EC25CA
:10264000FDF404FF2258FFFB0523F7FC150A0E0AD0
:102650000304DB30F1D8F41E091216FE23EEF6BE99
:10266000FCFED9152C0ED70F06052DED150A1807FF
:102670002FCAF60728DFE01912C0EA20FC1BF9C4B4
:10268000251901F3DCF604F7E73E1BF906EF1F35C9
:10269000F6F11601CEA2FDF712332A061408DDC4A6
:1026A00053F00F30071D0CC3F31C0CC80315C5F9FC
:1026B0000C02FD4A00EE2CFF05ACE0F26CFEE006D9
:1026C000133EE1B7FDDEF3F5EEEC45F928EC317F82
:1026D00042300B04C7FBE6F35711DCFDEC3B1B4615
:1026E00020EB01D199D6E2CD011A0A12CDDA2FD30F
:1026F000FBFBFBB70B291213197256481D17041C5C
:10270000052B440221BD00E8E0F4171302F400DBBE
:1027100018081D02FD1000BA1D2996192BD4CED918
:1027200026FD31A9C621E3D3173DDDE6130205E7F7
:10273000D6EF06EEE5FF4B1BD1FFEBC07033D62D75
:1027400030F4FA21D8F11238BB100C32EE471B0DD1
:1027500003E74BDC0D0A0112DBFDF21F0F1748FBEC
:10276000DCEC0702F3FCDEBC0229B50CADB6FD18AB
:10277000D447C8D3D9F2EFEA0A0EEE1713BF3402DA
:102780002501DCDDCFD491471A0234F9C1055BB5D0
:10279000ECE9DCE619AB2E03CA19F9D0F49BF42D51
:1027A000FB5633180A124DE90534A825FF1724D823
:1027B000F8E7F754B7A7BBB1C90D1103F9FD0E1621
:1027C0001C3521C720D10E33BF171356CA222AFE4B
:1027D00023CEF43631EEF1E9E81BF3C108DDD4CCA9
:1027E000E4F8F0ED1C3008E3ECD2470AFF28113082
:1027F0002A39B10F48E2EEF7F70BDAA2DD9225266F
:1028000015FF24D1FBFAEB4317C1DD03024BDAD5E8
:10281000310DE7FE2EF67F0B03B4E80F370CD0D94D
:10282000055ED9C7120603F804C0E33D293624FF2C
:10283000AFF60F1B1B94D92EFB23E437ABEB0572CD
:10284000C2C31823D9C60D513AF91733CECE0E1B89
:10285000FCBE23EACD48E82B26B8F12619A4090CC2
:102860002801F69DE703E80411081FA325CEEBFC21
:10287000E21539ECFCEDFFE9C1E049A9C52D3BC0EB
:102880003AE40DA2F3010C560EBBB3E42000DBF0DA
:10289000E144E5BC22BD992C23FDDACCEB0DF6F228
:1028A000C514DE06F3D318F4331148345617082242
:1028B00008F20A16E0EB8C15D8D7D92BF129DD4D9B
:1028C000EB01F6F3E508E22C0D10EAF8C7DA560B37
:1028D0001D4D0FFCE3F7E8B12D12C35FB9EDD3EF47
:1028E000E63030A5140AD93A98FAFFEE07C8181B4B
:1028F00040A801E0FD27E52119FBD701FBA86645AB
:10290000B17F24C9CBD4BD111C1D1DA83BF0F9CF4C
:1029100001FC4A1CEC1DF70205E5D6BD080D2F2A67
:1029200001CCDD9217E83E11F9012513D5AB1D014D
:10293000DB1301DAE034C208F636D929E7D921FBE6
:10294000DEE025EE0E050535CBF503FEEFE027BDF5
:10295000E9E002DFE8CA230517022CC52AC8DC3FDC
:10296000DDEA35EBE333E80A2F10D1FE2206102C06
:10297000FAF4FDE5252909CC10E727FFD2B7DBF1F2
:102980001E05FAA4100524430FC1090436F3C72B12
:10299000EF1B2904F5D77F26D210C9122E0DD602BF
:1029A000CF0BF6FD000FCAFF1D1B31F509EAF0F44D
:1029B000F014F2BADA341E941CD8FB0ABCD9C5F85C
:1029C00000EECB4CE5AD1A4D37FA0625BDDFDAF344
:1029D000E1EA1903EB1BE90D27DBF8092E0DFAE4F8
:1029E00000F0D9E122C2AA181BE013CE00FEDE07D8
:1029F000D8E9FA39312AFFD60D0706CACD2D1B17A3
:102A0000DC1EECD3F429050914F51DF6030319D0D7
:102A1000D5C9DCD50B0A0BBE02F529FD04EE270F44
:102A2000F7183BE422281EEA03BBCDF416071B1857
:102A300004DAF187E703DFD8F7DD27F3D5EDFC1FD4
:102A4000F62F24FA031126DEE4DE3D163CD6FA27E3
:102A5000F3F430F1F30BC1E9D5A90DFF4620FDAE2B
:102A60001634FA1617CF091DECDB26F6222E07CDF9
:102A7000FACB7FFAFC2D0FE1D9EBF5F1FEC8F90096
:102A8000F8F61E171EE9F2E413BF0807DC0448E459
:102A900003CEE6E92C31E79E11E403F532DAF3A622
:102AA000DB5038D6BD0F16B313DCD8EDE02308C6D3
:102AB000EA04E3D6EDDFD6FCD94C0C3E1B2A04A277
:102AC000DCBD3D071CE4ED0031FD153F02FB321378
:102AD000FF0CB0F20C01F8F520060A05A6143D061D
:102AE0000AF80B2E04FEF1ECEFB2D409ECE70A0E63
:102AF0001504F8C951C9E5E6490EC8E80A1C2CFDC1
:102B000027EB46FA2A26C6D6331005D6EACDC501EC
:102B1000E6ED01ABF90AED26D2FB151F13D31A0D12
:102B20002FE81122D70A1CFEF4FD2C0C3C81FBFF80
:102B30003CF41825EEFAF1F76D5C37FC10A0C5EBFC
:102B4000330813DCFDC7B818FDE301210EF4080AB1
:102B50001FE01C10FC12031002FF0D0A09EEF82200
:102B6000AC1EAA01FAF50D0EF9E8DE214CF6E116CD
:102B7000F00E07D637D9130000F807E8CCC6B0E04E
:102B800043F04F152135F4ED3D24E3C329341A11E8
:102B9000D00A6842311D14F1EC0B95F42B0AFE2E7D
:102BA0002415FAEEEC0E1A1216E124F3FC01F3F0F0
:102BB000B7D50070F0C20DDEE60FFC09CA1400E7BD
:102BC000F0EC1B053C242B64F37400E2311D390A40
:102BD000FC1BB4D72AFB3016AD25BFCC43D52FDF65
:102BE00018FFF8BDBBBBAEF1123DEEE717BBD4003A
:102BF000DE34B9DA07F6E135E9ECE02E2439D20B00
:102C00001BFCC4C14F1C0619F5CD15A82AF2EE0015
:102C100016FDDD2E2F16BD45F6ABCADCF8ECFFD253
:102C2000011730E7CEA6C3E6D228EEEF06E8E0446F
:102C3000312307FFA806F82BF59A0900050BFCE9DC
:102C4000D008E019F5F8F5F906D2CAD7001155CB2E
:102C500004F5391B2C2AC3C4F220F015000AF5AB89
:102C6000181604BF164B37FE0403D0E0F8F93CE910
:102C700011EDB8FCEC8824E447EEAD0AAEC20F08B3
:102C800016F9F5F1F07FEAF7DC2CE13EF6FB352989
:102C900016010E0CBE22C0EFEDBBDBE1EF40E209F6
:102CA00001B1C8E5CA04F62EE3B909E2FDBAD619A6
:102CB000261CE56A0E22E408D1F21ADFD0FADDF014
:102CC000CC53FA191220AF59FC056729F4CE2E21F6
:102CD000F2B111052A13511E340A310D3837FAD9D1
:102CE000F8E22A20D537FF5D1CE405FEEA2B07BF7A
:102CF000F8153AB11646ECF0F8E41618BC01F6F4F3
:102D000002BECAC5F418072D46A8190245F3050FDF
:102D1000FA17461ACADF122C191BF2AF0E081BD87D
:102D2000D55014D8E9F8D03A46F82339103BF90FBA
:102D3000D0EAFAE00AF350E72B02EDF3EFFFEFDD04
:102D400004E0F10BD698B518BD2BEDE515E1DD8A51
:102D500028FEFDCCF8D933C02B0E0F00030AF17EFC
:102D6000460EC51003251223DEE02B24ED45F2E9C3
:102D70001618DF2D0BE4F081010B24CF242638E454
:102D80002CFFA50FCF1D4C3F300407D2E9F706D822
:102D9000D2B63F3FCACB19DBEA31EFFA19EA97CB3B
:102DA000A2DEF4DFFFBB14BC1AD608B5ABFCDF36DD
:102DB000EBFA22E13F1910DDFF12D4D05AF79F5DE4
:102DC0001843FCD8A9D4232A38FCDF6AD2151C5238
:102DD000072FACD81AE518F6220101020F00DBFA22
:102DE000E8F0E76FAFF9F806C0E71CF8B94839BD5D
:102DF000C1F807DB8B460460043E407F4FEFAA65B5
:102E0000F2F41AAFA7FEEDCEDA440DD3FEE9FAFED6
:102E1000E500F9EF14162D9AC71ACD1CEADEDB2760
:102E2000D7D2BAE7EB29F61DF944CB05F0F405013A
:102E3000C0C7F8CCD80441FDB4EEF5DA4C07F3BFB7
:102E400027A9F8071C2D25DF1D29F70CEA627F173B
:102E5000EE14322E39F55BF0DEEB0E440F016CD42C
:102E6000401104221D5D1D00F0F2D4FCE7FE21B5E7
:102E70002026FF1D1A0BF0F1FCDB1B00F806EFFA11
:102E80001512E6FA0E01CF1DEEFD101BFDBB070368
:102E90001DC7CE12FEAAE3D9F9FD401CF2D0C6FE32
:102EA000F8DFEEEE31D517251B26FF0F21DD1AEED8
:102EB000F41F0AF41CFED424F4DF3BE9AC120FFD2E
:102EC0002815FBE7D4FDEA43E6FC0925EDFA0EF2EE
:102ED000F21724F1F00AEE03FF0CF8DC0E0913F8E8
:102EE000180523CED7C9DA2701247F05F5FD02FE98
:102EF000F5E0D2F0240E17CEE70F12FAD4D6F9136C
:102F000029F003EA03FBE91507120FF4EE3505DD9E
:102F1000F5F11E2D1DF229FF1CD70844EC10CBE95A
:102F20003EEAC0F2EC0DF9F7010C0A0601FCFE12B4
:102F3000F8FE40E519BD12DAEEFFA914B70FF7DE6F
:102F400019EA4BFAFDE3EB12EC00E7D4E3DC0C10DA
:102F5000E436093BDC2DF7CFDB0B7045DFEB7FC69A
:102F6000423D1AFAEAC5B9CEA5EE1619C2F9FB130D
:102F7000F343EE0EFF2B1516AE02EDC22509D96004
:102F8000F916D938A9FF5413E1260710D5F772179F
:102F90001AABE2350AB9FCFAD80AF204EEEE042ABA
:102FA00030FEFACF0017D5DAE017D1060DB615BD01
:102FB0000DE99B0BA12A0D0D09CBCB10290003199C
:102FC000CAD10EC6DABED0CB1D9ECF16C170D56B4E
:102FD00029E3FAE638008E1E99139D1329EDF1FCC2
:102FE0004705D92EF04C04D0E80E3FA2ECDAA5CD6F
:102FF00039F23A31CCF544D9B29DCBE42B08D40454
:103000004ACDDDF5CF14193AE42CE52CFA123A2B0F
:10301000E610F4F1BF22ABCC000D1C05230E1567A2
:103020001FFCE42F43E01107F32AC90EDBFCCCDDC3
:10303000EBDF0ADCBCD31BED5F813CE8BDC6F5B617
:10304000330CD63538D13C0B28F0E103030C1CE8D7
:103050002CEFDA00E11517E2C5460A28BD1041C180
:103060002518E320F2E5BE1E0003DEE7F1DF0EF5D2
:10307000D9E318052B16E2EC02F40AD72FC4F24A62
:103080000E60BA19029AF5ED0415102E08D9ED0C50
:103090003905DCF545F4E7D3E506E3AE21DBF9EECF
:1030A000DAA4EF3AF90E1A14F727E7EFAC37FAA8CB
:1030B000D6E50BE9E5DAC3F6371623A908A4C2ED75
:1030C000CC0A290624192E25D3D4E2F200D515F90D
:1030D000096A042B27E7F8072C11F1ECC3F005D798
:1030E000ABE4FE0423F208DBD9D503FAD9AEE5F64A
:1030F000441327DD27E03BDAFCF01AD710FBEFFF83
:10310000FB0E2BEE04DF170411EDE7F711E114EFCE
:103110001BE9D4BCF9E81513F523F0321A02DEE6F8
:10312000360ACEDA07F53451012EAA1623F1F747F5
:10313000E3E2EC21EF4BEF06C0F812D9282815FA8C
:10314000FD35E960BCEF03CAD415DBF7D8D7390CDD
:10315000F80C090227FC11E1E7D3D1C31915075E6A
:10316000D425193CD1F7FE1308F2E62317B0060D5B
:103170001A27DDF6131705F33F2E1C08010B0BCEA3
:10318000E50B1318EEEDFCCB210AF303AAFF810037
:10319000270CDB1BFCC8E8E62B25310B4C3BFAC5A2
:1031A000EAE409F89CE5F9C523070DEBE8F4F71B01
:1031B000FD08F717EACED928E2100D00F6BFF5009A
:1031C000EFFF070DD0FA0E2816EAD30D02CB28E741
:1031D000E8661817021AE8F8EDE81A05F12B1EFD4B
:1031E000D0FE1F1440D7DBD219092171F700CBAEF6
:1031F00003FA10EDC6150B3CFD33FA0F1418F1ED70
:1032000012221808EE2CFAE6DA45C5CFFCC9DDE734
:10321000D24C172A005A010C81B2253BB70D11067A
:103220000A4BD1C6CC030A0018E7EE0410DCDBE73A
:103230002018D30105EBFE30E90B1907F414C0D5B3
:103240003D4AE9AA23C21C2BE3CE5B3C422617E889
:10325000F4B234D515F5F0FB4D3AE60AD50130C489
:10326000160F27F54AFF1512004EF5C625FA48CC71
:1032700015E305E0E477EAE9D1BFCB2111F703D3E9
:10328000D22DDBFDE2F62B08B1F808E601BC1412E2
:1032900007B7350A93FC2DCE360F07E3540529F402
:1032A0002025F70D19FDE6F71B091FCDFF191DF0AD
:1032B000CA29F72208E5F6FBB5F0380CCEE84F2115
:1032C000F11C05FAE222EDCA63212CF99C57160184
:1032D000FCE9DECD23F71E15E8EF01FFE71BECFE4E
:1032E0001DD60B7F09D32723EF4AF12402B4E7321E
:1032F000DFBCE920C412ECEB06F30AF9D7E80BDCDB
:10330000F315D5E3FAC6FD090422EDF603F8F60A33
:10331000FD1D1C02FD000D1317F23CF0F2FBF0FF47
:10332000021E160C00F010EF0BB504220007FAF392
:103330000703E5F804F203E80AFB1F09ECEF2DF19F
:1033400026F720E6FBF11611FEFC10110412F6F52B
:10335000F901CF00181522FF34F931DB0F1014F8F2
:10336000DFE3470DE817F2D7F90BFDEF11D00E227E
:1033700050060AFE1216030DF8FEF9E2F021DB0BEF
:103380001E0ED20CF9D90CED00A519391B24E0242E
:10339000033914FBD90A10EB02473E03CCDD0828A1
:1033A0000A012F17130CFCEF0709EEE21802182D83
:1033B0001CDDD2174B3CEB8E16DA21F0EB260D010B
:1033C000CF25D6EEF8F5E6F8CDF3F046B2F5CCFA17
:1033D000181704E70F170FD70311F51E2FE1F5D7C4
:1033E0002539FC0C0A162AFCCA38140AF9DDE3E870
:1033F000A6E20E2339D8E9F907FE10F3CACA07ED91
:1034000025FAFF15BAB913EDDFD3CA30F70423E765
:10341000DCEC251C31F5077FFF47050C111FA4C10B
:10342000193AFD30AE32E81D25961B4403020BD538
:103430000AFA2BF4150FDF0ABAF73706FCC8E42B9B
:1034400028F6E60EECF6E00AE040090A11FDC9CEC6
:10345000D50811E5DD1011F9DB1AF0E2BE28F542BE
:103460000CE1EBD1361AFF0614D50BD7DDDE161DA5
:103470009C032CCFEED1C8D308E71003F804EE1B51
:103480004CC023C1000725F1BD0CB8FF23F44AF757
:1034900008170312C6EBF6042CF9DA01E70EE4CFA5
:1034A000DAD0C6D2DE3408DBF8ADE323156FF513AE
:1034B000F2FCDCED30D234E60A1BE8CDD40DEA3B59
:1034C00033DBF3EC0612FF16FCB4E901241E1EE206
:1034D00016B1E6CD332C19E60F1BB8002ECDABE2AA
:1034E000D3280CD715BC132BCE11A622FCB80F077E
:1034F000EE24DEBC0B0FE326F8F3D9EAE212D10486
:10350000C81A0FEEE3E1CFD2342AFCE01337EAE227
:1035100042044F0D1C04CEADF43EACCAF1293D1D52
:1035200008F8F92B34EB2022E1DAE9020E42C2F06E
:10353000FE0A00B2E00B080E1511F1EEF2B21C24E7
:10354000B2E905F2EC041C07037F08EB0A00FBFD5F
:10355000F1A4DDF9EDED3235EBD615DDF8DDEF1A2E
:10356000EDCC28ECC4E6F80BE0EF11D5DEC83F0641
:103570000C51D21D02B30614C61962F416DDF74DC4
:1035800004DE23ED077EC1D7BD32E1A1FE841FD545
:1035900039184B5707520BF80CE406FD19FBE224CF
:1035A000CA0A2D41B4F5A3BE01F8EBD4CD6A0CC212
:1035B000E610DB29A357FB26F78D43F40703E42528
:1035C00021C9BB4F0F37DD330C1B29D8F807CCA717
:1035D000F89CFCDA152553D216C80311EA19F7CF67
:1035E000CEB8C800E3081320021E0CCC44D903A8AF
:1035F000E00658F7FEAA1B47E9F82D30E8D03FC295
:1036000031062E1806D038E8E62DE30CB1E1E1F0E2
:1036100068CBC4DAF8F41CD3D6F52811F6F7FC45CC
:103620001C16A0031D8DDADA93A1F12B0FFCEA43DF
:10363000491EE8F381FCF2F5FC0F5B0DC908F8DBCD
:10364000E6549704032BC7F49EBEEEFDF65BC31B46
:103650002DFB2BD9F9F353F212DDD108E321D2B2BD
:10366000F6E20F20DFDDE913C237D32304FBDD15BB
:10367000DE090013F024F81B12C102EB27D8E90B76
:103680001829F622E04F3018A7F3FAFCE50D15FBD8
:1036900003BFEB2223DEE0E1E7E10B81E23D10F224
:1036A0002EC610EBD33409D8FAE401D00FDCFDE6C6
:1036B000F70EF4B92B16E1D71BF7081D0323FF2CD7
:1036C0002C42C8C6C4C2E929C725E9383EF70C090F
:1036D000FAF101D8250413E2EDB20314F715080B33
:1036E00010C2EB28FEEB3C093A251805FFE7B0C6EF
:1036F000FCA9D300CC0BFCECF738291EDB1D02051E
:10370000160E1A04F453F5DD04F9D1EEDD12F6F6C7
:10371000285511CDDE3022FCC9AAFB14FD0F001F75
:1037200042F730C8F20468D2430E09C725080402E4
:10373000EFF4132822F205F1CB01C0E3C61337DC06
:103740001312F703D9BE8ED344D6F658090628C201
:10375000047F33680241E1392C36EAB20AF446FFAD
:10376000CDC81F0E0445E7BF213F2C4F4AE0D6B716
:103770001FA6D706ADBBB90AE8DDD215F0ED11FAE8
:103780002006C9DFE5BEE634F1FB040EFF2501FB90
:103790001BFA062200E90B0715010515C90A33D7E4
:1037A000DC11031E184D2D38E9CDDA9EF831F6F400
:1037B000DF16D0AD0F01161512F5FFE914FDC1019A
:1037C00017D3F809C8F91E36D6CED1CD0D52EFBAAF
:1037D000BB370A14F31EEF38112714E0F524120C3E
:1037E000F818BCC3002DF1CEFDD2F61625E7392B13
:1037F0001F0508CDF3D6DA0D4306E307076B301833
:10380000E535E2E9FC003EDDED2D57E7F90DE5D7A2
:103810000EC400CDF3C019EBDCA5EE2CD704A6D660
:10382000F40ADAFAFCEB310FD10EBB221D09B8E81D
:1038300013EF183DC40DDF0D14103310FCFBDCEF4B
:10384000FDFAE80FF702D92CDF65170CAC16E30779
:10385000EC262AF700F60B11DD0603E41BE113EB5F
:10386000B8E1B414CBDEED1F031F10E53017107F55
:103870000C1D02E9261C0D19E3EAFFD6BE27230A18
:10388000FD03FD47E0C8D409F123C5E5E825C02ABA
:1038900017F2FA28EDECF0D6111363BAFAE628C451
:1038A000F9D7EFF9EC05F00AD1F625491E212E458E
:1038B0000F03D32EDA25EC10CDEF1A36CF06DBFA44
:1038C000EC20E0340D0297F32011BF36CD90D421C7
:1038D000030A12E6E1BF371826EDF2B11A1F3DB711
:1038E000F817FCD5C4FA38F80DC4551A5216F6B4B8
:1038F00010391AF601E31C5C2FE7BFFD1DDB0C122B
:1039000023C5C9A80F05171E2D0EF4E0FF3B9BEB46
:10391000130F31DAFE1AF50DF5BCE51F10130EB7C3
:103920003D07B41514E3CE0804E9E005EAFFF3B05F
:10393000D6DEFB43F70C0EFDC414A60705A9E54D22
:103940000D1207F9A9F628DA0BF5F2FEF0E200E015
:1039500027E3F0391D2F0CDB334A4114070D03FA1E
:10396000ED0E13F41103340D2A47C227E20DEC07C4
:10397000182E0516EAC3F0C4FBEEF3F6305BC91E41
:10398000FAF5EFEC0707E11D017029E50E23BF0AE8
:10399000F91B1FE9FBEA1CF540E3D5FE3A81201D27
:1039A000D2E6E6F90FD90CE4E2ED08FBD6C1273BDD
:1039B00001092526C8EBEE010EFBFDD92BE9F4ED3C
:1039C000E9ECDC2E2DF3F91E1708EE0BB6E6CBDC86
:1039D0000FCE0F08DEF43613F8D10C4801F50EC0F7
:1039E000120065F1D1FC137FFF06A0F426FE4320F0
:1039F00005BCDA0E21F228DBCA0C00FB18CB32BA68
:103A0000FFE1F5EC1E1AFB11D2E92D110DD1E32DCA
:103A1000FB0F0EE63BE5C423FE3613F6EAF30BEF8D
:103A20002E0929CFEB15CF2821F4FBD9DC1034095E
:103A30001E07E4E7614FB4ED07D733E1130CD00A5A
:103A4000C002FDF9B2E31EFCD9FAF6DC370DDF49FE
:103A50005EEFDA3927FA12C7FDFE1B0EA118FBED47
:103A6000E1D215CA28E406E126DD0AAA3F05134D76
:103A70000D3AE5A12C2615F733BFDD0CF233EF3FED
:103A80000710EEFDFB0FEC1010BFA4F11508210B81
:103A9000C7A71B4514FD3640EBE00C4014EB1C326D
:103AA000F51A10F330EF58CFE9AF356005EDF6E1C8
:103AB000D60924F72DF23FE213EEF24302CD11C1F5
:103AC000F747C1F807FAD82CD1D487250E02FEE8B3
:103AD0001E01F2D401A5C634F702590A3AFD20E0CE
:103AE0000BEBE7FA7FCD3E26B112AD1804F0B9F822
:103AF000CA33C13A1A912D22EB33E2B341C11935D1
:103B0000D50C0305E5CE0D2BFB1919F31710225820
:103B10002B1EDB26DF2D16FCBB17D3EFF3102FF582
:103B200027EA2834B1F909ACD51629C5C9F7CCC59F
:103B300024E5C2A4B3B21EA83C1721CDB8CD022201
:103B4000E406EA0137FCEE121DE50FDCC2E7E9737B
:103B50000747EB001FD42E0622F30C0C05CBDCAA82
:103B6000CAE80A1715092C274210F6C2D4FFC12350
:103B70003110F004201E3A58EDE5E33AFED3E1B8E7
:103B80000BD62BE8098B03FC39FE34F537DD02F246
:103B9000FC0BC74EEF16EAF3EA304909CEDEBADB7A
:103BA00012B3111D0413ECE623DAF6DBF2C7DB8C4B
:103BB0008CA8FCCB1717061A0F42F819E3D8D12BA3
:103BC00024FC2AF37FF1F9BA2FD774EEF6500D15C5
:103BD000E5573F0AF2E614272E353DE1C7BF14230F
:103BE000E091EEF3DDF80423CAE50717F1EEA0FA41
:103BF000D7CBF7422A92382B07260ED21013C6E1F4
:103C0000DB5C100CF310F55BC17048F100DF0D2692
:103C100016DB2917CE2DD3FD06B95628F0F2DA2986
:103C2000CDED354510820603EF6AFCEDE9A104CF26
:103C3000BDDC181CD60B53C10A0FD743CA4C29BB95
:103C4000ED3CEE1BD4F2DC8FA2E3F2756AEDD6E711
:103C5000C9FC472BD3FCF9C727150721000D041613
:103C6000C8559936A41BD8EC48CBF930231A272124
:103C7000D42F14262AFDE7F9E524E0EE12DCCDEB83
:103C800036340005233B40F207F217F507000CED30
:103C90002AD822ED2B103F0822B7ECE71126F018A6
:103CA000D7F5EDEF150BDC04EDE116FA1BD7DCEED2
:103CB000041907EB1CFEEECD2F4C0FFA0DAAEC08F1
:103CC00037E045C09A1B1836DDFCF5E10C0D5A149F
:103CD000FE1A1DFD12FE1921F51DF8FAF81BEC1D48
:103CE000EA3DF8B51CFFD7FFE942124D64E10763D6
:103CF000060C16DC402A0ECBFF10FF13177FE63BA5
:103D0000DCFB263D081BFBF21301DAD6011B05C2C2
:103D100019DE12C909E8F61BE246FB0BF8FFD304D3
:103D2000FACC02EEF813C909E62236AF1ACFF12613
:103D3000C3B7E4E637E81022FAFC152A172AEB1974
:103D40004AD932E0EA5D0815D00511F2FBC3FD1A2D
:103D5000EAE1FFFFA4EDFFFF0AECFFFF19030000FB
:103D60009913000087D7FFFF27FFFFFF7BD7FFFFD7
:103D7000BCF3FFFF90C3FFFFEFFCFFFF5FDCFFFF23
:103D8000D82200002BE8FFFF1D070000399BFFFF32
:103D9000C1C4FFFFFE070000C6050000DAF4FFFF04
:103DA00067F5FFFF621C0000F5FEFFFF7C120000BC
:103DB000B9320000870B00009B08000004C6FFFF1B
:103DC000B700000047FEFFFF701E00007DEEFFFF02
:103DD00057EDFFFFEAF7FFFF1D0B0000900000000A
:103DE000CF1D0000B1F2FFFFF0D4FFFFC2DAFFFFEA
:103DF00040100000F3F1FFFFAA070000A6E3FFFF59
:103E0000D7C2FFFF01F4FFFF47F8FFFFDBE0FFFF32
:103E10002D2300005EDDFFFF40FFFFFF804A000012
:103E20004C200000CFEEFFFF93E6FFFF67D5FFFFBA
:103E300026EFFFFF40F5FFFFA80C0000CD060000B5
:103E4000995400005CF5FFFFA90C0000A5200000BC
:103E5000F7FEFFFF17100000C302000063F4FFFF2E
:103E6000AFEDFFFFB50900005EF9FFFFC7F1FFFFEF
:103E700066100000CB240000BF1500002E010000DA
:103E800039E3FFFF923600009A1100003FF6FFFF72
:103E90000DEEFFFF47290000E5FCFFFF3A1600008A
:103EA00009CDFFFFCE140000C70B0000AFFAFFFFE3
:103EB00093FBFFFFAA3900002FFFFFFFD53D000055
:103EC000E9500000B2110000EDEEFFFF66F2FFFFC7
:103ED000C7FBFFFFD8E7FFFFCE0F0000F5E3FFFFB2
:103EE000550E00009311000000F4FFFF81EFFFFF6B
:103EF00089F2FFFFA9F6FFFFFC1400006FE7FFFF48
:103F00006909000064D3FFFFFB01000024EBFFFF01
:103F1000B218000085E9FFFF23FBFFFF8EAFFFFF14
:103F200052E7FFFFBA14000054FAFFFF5DF4FFFFF1
:103F3000D9FEFFFF57F9FFFFF11E000073230000B9
:103F4000650C0000DDECFFFF97FBFFFF78D9FFFF5A
:103F5000BEE2FFFFC7FAFFFFA80F0000FB01000051
:103F60008A1100005FD0FFFF45DBFFFFD8FAFFFF9B
:103F700014F7FFFFF8170000A6140000DFF1FFFFA1
:103F800001E9FFFFE5F5FFFFB8DDFFFF15EEFFFFDD
:103F9000CB05000013FDFFFF74E9FFFFEB100000ED
:103FA000EF190000152F0000BF11000091CAFFFF9C
:103FB000C0ECFFFF0CF7FFFFC20B00003008000051
:103FC00074F7FFFF6009000083E3FFFFE63800009D
:103FD000780600002403000030DBFFFF8BCAFFFFE0
:103FE00061FDFFFF2906000047CEFFFF55240000BA
:103FF0006FEFFFFFF2E2FFFF6BADFFFFE9F4FFFFA2
:10400000A90500005A0400009BE4FFFFB120000056
:104010007BFDFFFF9B1E0000D4E9FFFF0C2B00007F
:104020009EEEFFFF8A040000D8EFFFFF79FCFFFF40
:1040300062100000C2D6FFFF2708000083D7FFFFF1
:10404000E8D8FFFF16F1FFFF84CCFFFF012200003C
:104050006012000088F2FFFFC1C2FFFF9BF7FFFF65
:1040600083FEFFFF16D9FFFF92FCFFFFC94E000041
:1040700017CFFFFFE0DFFFFFD9040000A4E4FFFF3C
:10408000AAE7FFFF8E2E000055DFFFFFE9D2FFFFFA
:1040900044FCFFFFCBE8FFFF53F9FFFFF72C0000C4
:1040A0004CE8FFFFCF1600002FBDFFFF00CEFFFF43
:1040B000C4D4FFFF32180000171D0000A9EEFFFF57
:1040C0002C180000D2D5FFFF93000000BF0A0000AB
:1040D00005FBFFFF2EFAFFFF9D020000FDECFFFF36
:1040E0000E1300005AFDFFFFF00E0000D9ABFFFFDA
:1040F000772C00006EDBFFFF8A21000011D3FFFF49
:104100009A0700002AFAFFFFA51600006AFBFFFFCE
:1041100039F1FFFF21DFFFFF8CF4FFFF7DFFFFFF81
:104120009EDDFFFF45FDFFFFE1F5FFFF6FEAFFFFAB
:10413000C0E4FFFF5301000090C6FFFF2BF6FFFF16
:1041400018040000F51E00005BF3FFFFF22D0000D5
:10415000A0EEFFFFD62D0000690300001529000026
:10416000D8FDFFFF23E5FFFFF3CFFFFF6AD7FFFF77
:1041700019190000FF100000C61200000FD0FFFF49
:10418000DE240000ECB5FFFFFCFAFFFF25F9FFFF7E
:1041900014F8FFFFDE1B00003CF4FFFF23D3FFFFFA
:1041A000D0E3FFFF9E040000DE1D0000A7F7FFFF25
:1041B0005AFBFFFFCAF2FFFF67190000DAF9FFFFA1
:1041C000F5D6FFFFA404000025F3FFFF61CBFFFF3E
:1041D00008FD10E8FB0CFCFDFC0200F7FCFC02FEF5
:1041E000FDF9FC01F3FB0B0200090E000C05EEF1DA
:1041F00004F900FDF7FB02FEF5F7050111FEEC08DE
:10420000EDFF04F80119F905F70303FF0503FEFDAF
:10421000060604FD0C030D050CF505170305F9FC56
:104220000002F6FEF902F8FAFB06FFFC142A0FFD65
:10423000F207020A14FAF001FBF9F9FAF8FDFF049B
:10424000FBFAF9F90BECF0F9E5F402180C00FAF1BD
:1042500003F903F500FD0100F6FCF9010B16F9F96D
:104260000B06020313F31207FAFDF9FAF905FB0333
:10427000FE02FCFA0205E40708E806010E0003123C
:10428000F7FCFEF801FFFEFC05040601090BF4E251
:10429000EB0F0C0601FF1508FBFC00020005FDFEFC
:1042A00004F9F901EFF20F060DF81418010800E502
:1042B000FF04FCFFFD0401FCF905F9030817F8F100
:1042C000F5FB0F0107FD0506FBFDFAFFF701F902FB
:1042D0000303F9F9FEF3F4FAF0F819FF0A05F2F610
:1042E0000204FE0101FCFE05FDFCFFFFF50CF111CF
:1042F000020FF4FD0F16EF0205FBFCFE05FEFA00AF
:10430000FBFEFD010D0CFF06F9F2F0F80503F914B0
:10431000F90403FDFD0503F9F9FDFD05F506180295
:1043200004FFF0FD0B051DFD0501FEF6000500FC78
:10433000FDFC02F90AF7EAF7FD060D0AF3F3FCF7B4
:10434000FAFE03F905F803F905F8FCF9F4F4060C94
:10435000E00A0E05FA08FDF2F904FCF8F606FBF790
:104360000201FAFF0200FE060CF9E703010EF30E4C
:10437000FF03FB05FD04F80001F9FBFE0520FE0923
:10438000FE0CF6ECFBFC0DFCFD0501F9FBF9FAFD5A
:10439000FAFDF9030209FA090A0110F9F8F305FF19
:1043A000FDFFFA03FF05F8FBFBFEF7FBFFF110032F
:1043B00001FD151806F80C140501FEFAF70004FAC1
:1043C000F7FAFEFFF904FF03FDF8FA040AF40711F7
:1043D000F9F800F9F9FA020201FBFBFD0B060CFAF1
:1043E000F90E0CFE030403FDFC02FBFE03FC07FDBB
:1043F00005F90304EFF50CFE06FB0006F2120F07A9
:10440000FC04FCF8FCFFFDFBF7F90500030712F4C0
:10441000031E130DF4EC0EF90306F8FF010605FE6A
:10442000FA000104ECF300DC03F90610F8E7030DD1
:10443000F903040406FA00FBFE00FAFAF8E301FCB3
:10444000FC02F2EF1400FC13FE03FCFFFF0100FD71
:1044500005FD05FAFDFFF700120E15F9F0F2FEF169
:10446000FCF7FCFBFAF9F70403F8FFF8DD0E0CF794
:104470000C05FA11F307F40500FBFF01FAFDF6F94C
:1044800005FEFCFBF8EE0EF715E4001922FEF80617
:10449000FDFD01FB04F703F8050605FA100BFFF616
:1044A000FD050606EE0406FAFFFF02FE0303000107
:1044B000020305FB0900FEF3F90014FE0EECF702FF
:1044C000F9FCF9F9FB05FEFFF602F9FC05EAFD052A
:1044D0000B0105FF03020419F7FBFCFDFBFDFDFFCB
:1044E000FF04F7FFFFF9F7120713040AECF7F8F9D6
:1044F000FD02FDF7F904FB00FDFAF904FA2300FEC2
:104500000B0AF61A02FA02010103F7FB04FB04FF8F
:1045100001FFFDFC03EFF812ED06010A0511F80E8C
:10452000FD01FCFC0003FE04FF0004F908F1EF09A3
:10453000E9F905F506FCFE0AFDF5FA04FCF605FDB1
:10454000FFF70401080405F804F3F314FCF805FD73
:10455000FD060405F8FDFD00FB0004FE1100ECF66D
:10456000FFFF01080BF30AF305FFFA04F8F9FD0059
:10457000FD0601FCF7010307F8140C15FE0AEEF91D
:10458000FE02FDF7FDFAF7040204FDF8ED06FF0553
:10459000FAFE090C0B01030BFA0005FF05FEFE05F0
:1045A00004F8FBFA0C0A0CFBF8FBF705E806F80226
:1045B0000501F9000201F8F8FAF9F9FAFE05160505
:1045C00007FCFDF8F4FB0017FC05FEFFFFFFF906F2
:1045D0000301FBFFF5F3ED04F7DDEA15021B1408F8
:1045E000FEF9F9FAFFF9FEF8020402010A04F011DB
:1045F0000BF6F718F5F7D8FB01FB00FCF9F7FAF911
:10460000FD01F905F30D05EF0705EC03F20709F6C7
:10461000F8FCF90303FEFAFD05F9FAFA0A020301B0
:10462000040F0A0D0A1002F2F9FDFD06FDFF00F964
:10463000FBFDFE0601EF0A1A06F8FA0D0115061435
:1046400001FE050205FA04FF0204FBFEEFFFFEE98E
:104650000C032203070D0BFA01F8FFF6FFFD02FE23
:1046600000FB000704E619FB040408F70EF51BF530
:10467000FAFA01FB05F8FEFBFFFEFBFEE820FC0B4F
:10468000FCFCE508FBFF06F4FC0204FEF7F9FD055F
:1046900002FC0205070319D905EE0EE60AF80AFC2A
:1046A000FBFCF9FE00F704FD01F7FD00090800F826
:1046B0000E0DFC07F40301F1FAFF04F6FCF8050106
:1046C0000401F9F701FA0205F80CFA06F5060506E9
:1046D00001FC05F8FB02F8FA0304FFF746080F088F
:1046E0000309EDF0FFF208E200FD02FCFAFBFBF724
:1046F00003FAFB02F0FE13F7F502FFFAFD1C0403B8
:10470000F900FE010401F8F800F9F8FE00E5EB05F8
:1047100003F7050ACDE90910F801FF02FFF9FEF7DA
:10472000FC04F7F601FC0E08F6FEEC05FA0712028F
:10473000FBF7FDF7FFFBF8F9FC01F8FCF91BF9FCAE
:10474000FD10F800F7EAF107FAFE00FD020402FB93
:10475000FF03F90405FCF9FB0309FFF9F3FEF7FF7A
:104760000503FBF9F9FCF70101F705FD0904000A4F
:10477000F4FBFE01EF08F0F103FEFD04F8FE00F982
:10478000F8FE010302050EF416F7F614F9F5FD1014
:10479000FDFAFB040705F9F9F701FBF910ED100B21
:1047A000F3F40DF3F200F60AF803F7FC01F7FA054B
:1047B00005F8FA01E703120001E205080AF4010610
:1047C00002F6FEFD0004FD0202010307FBFE030FDB
:1047D00014FE00F1FA0602050100FBFBF90406FDD8
:1047E00003FB05FC09FB010E12030807FC0517FB80
:1047F0000100FAFF02FA02FBFAFBFDFD03F8140CBC
:1048000001FFFC0C0208F5FA0306FAFFFCF80005AC
:1048100000F9FA00F2FD00FFFEF3D8F9FF0911FBE1
:1048200006FE02FC0302FFFF03F903FC0F0BEF007F
:104830000202F20BFFFE001103FFFBFE00FA02036F
:1048400000FF0200F8FEF906EBFEFEF81109FCE697
:10485000FD04F801FFFB05FA04FFF9031812DFE677
:10486000F60DF5FF01E303F6050101FA04F601F97F
:10487000FC00FE021402FF0A0B0DFFDAF7121610FD
:10488000FF03F8FE02060405F9FCFCFF0AF9F9151E
:104890000106F9FAF5F60E0BF1DC12FC1A17F9F91C
:1048A000F1ED0401FDFCFAF702FB0402F711FD092A
:1048B000E2F6F8190116FE0FFAF503FDFC06FE07F5
:1048C00002FCF907F6FDF809F2F6D3F303030FF93A
:1048D000F3FF000B0202070703FE03FD08EE0407C7
:1048E00011FA18FB0DF7FCFFFC0117F8FEFEF8F8B3
:1048F00004FF04FA05FD0D010EFC28010609080B52
:10490000F2180609FCFAFBF900FE02FEF5F0F8EFDA
:1049100010101218F5F203F112EEE6FB010604FC8A
:1049200002F701FEFB190AF5D3F62B16E80B0FFC74
:10493000FEF00701030502F7FD05FE05F6F40CFD88
:10494000E8EB12EC041AED0F1A010CF8FB01020857
:10495000FDF800FAFD1C13011D160DFC0001FD10F1
:104960000707F913F9030705F8010403EBDD000E4F
:10497000D203F9EF05FA0FFDFDF7FC07FAFE03037A
:10498000FEFA04FF0104140F16FCFCEAFB0C0415EC
:104990001109FF1904000005FD00F902100600F2DC
:1049A0002D24EA00000001FD04F10002FBFD0606D3
:1049B00000F7F8FC0205F9FC10F8D20C0506080F08
:1049C00008F2020AF604FAF8FD00FC00FC06F607FD
:1049D00006140AFF08F9E7020908F9FD03000105BA
:1049E00004F8FC01F4050509F1284407FFFF080B52
:1049F000FD0E0506FB02FAFB020600FCFDF1FD11AF
:104A0000040003E3030BEB021CF8F8040103FAFEB5
:104A100006FFFD04F003F2F00F04F80502EC010DAF
:104A20000A09FA0EFAFEF6FC00F801F60E01F5FB93
:104A3000FDFA1EF0FBF004FF10FB06EE04FB01057F
:104A4000FDFBF8FEF5F904FBF1190314F60003FC75
:104A500005F40B16FAF60204FBF8FA051D050C081E
:104A6000EDFE07F4F601F608FFFA0C1502F6FFFD5D
:104A7000FEF9FC020BE40000EEF710FA0A00100841
:104A8000FEF4F00AFEFFFDFFF604F50310020F0A24
:104A9000F2EA0CE7FBEE16FBFD2D0107FE03040412
:104AA00000FF0000011406F4FFF4E4DE05EC0D093C
:104AB00005F50905F704F4F6FF02F604FBF9EFFF2C
:104AC000FD07F803F60C08F4FEFD0AF704F6F30000
:104AD000050302FB09040005DEF3E305F9FA04F619
:104AE000090DF40CFCFAFEFFF8F902FA1F12F806A1
:104AF000F7F70A2802FCEDFAFDF9FC15FF07FE01A5
:104B00000201F90204040AF8E1EAF2E6040000FDF9
:104B10000205FDE704FFF2FFF8FAFEFEEDF4FD03E7
:104B200002F6F2050D00FCF7F8F5E6FD07FDFCFCCA
:104B300000FAFEF9020AEDF6EF02D50B0A0C02F5B7
:104B40000BFEFB04FD02FBFCFBFEF7FCFDFDF90F79
:104B500037B90B24FB1F07F70B0909F603F8FD050E
:104B6000FCFE0302FBFA001BF3F6FB09080201F846
:104B7000FD080F0607FFFFFEFBFE0001EA0F130012
:104B8000C2FAFD19FF0A0813F5010B13FFFC00F927
:104B9000FC02FB0119EF0F0BFBDBF3FB08EF050B2E
:104BA000FD1B0BF905FAFDFBFD01FA0313FCED03F8
:104BB0000812ED0B010DE802F90D020203FBF9FEEC
:104BC000F9FD05FF0600FE03EA00F01200FA0201FB
:104BD000F9F309F90604FBFD01FEFD030703FCF9E7
:104BE0000FDEFBFC11FA08FF000302FFF8FBF8FBE5
:104BF0000403FB04041913021613F02114080CE833
:104C0000FB0A07E4FEF9FC00FAFFFEF9F31501EFD9
:104C1000E209CAE704000109F9E315FFFE03F60300
:104C2000FCFDF7010BF9FF0A10ECFBFD0012FBF88D
:104C3000F90A00F6F900F8FEFF0500FDFD0602F393
:104C4000D5EE0AC4FD08F00C031504FD0505F6FFBA
:104C5000F8FFFE0401F50004EDEAF3D8F41B21EAA5
:104C6000FAFD0700FBF701F70306FE0301EFF7F972
:104C7000E1D716E30404FDFD000AFDFDFD0001017E
:104C800001F8FDFB0612F91202DDF90AFE0A020D17
:104C9000FCFBFB0A0200FAF8FAFCF70003F2EE193B
:104CA000FEDF0222F512FCFC1AEEF00702FBFAF717
:104CB00003F7FBFC04F20300F7052E0705EE0D06D3
:104CC000F51101F204FCFCF907FCF905FE05FCFAFC
:104CD000F318F2120C03FC03E8FE00FDF7FCFA00E7
:104CE000F9FFFF020AF4FF18DAF3F8D505FCF0FF2C
:104CF000F61F0F04FBFCF9FFF7FBFCF91AFE061583
:104D000004320BE6021106060F06FA0105F8F80058
:104D1000F802F7F8F2140200DCF91B09FCF2FA12AF
:104D2000050408F7F9FBFA000502FFFCFDF0FCF9A9
:104D300006FE02F507060708F9FBF0FF0202FDFE7A
:104D4000F7F9FCF8F6FB0A00080A0C011209F6F460
:104D500009F8FBFD00FAFF0300F8FB0405FDEB0A70
:104D6000E7DAD010F9E70D060FFC110F05FCFE0481
:104D700000FAF900F4F6FF0ADDFEF6ED1705021061
:104D8000F4FBFFF9FEFF0104FBFFFC02F3F0E20479
:104D90000D17081EFD120F0910090B0301FDF90282
:104DA000FFF8FA06F811EF020F03EDF30E0D1AEFFC
:104DB000FF000400F807F902FEFC01FAEFF5010913
:104DC000FAF90D140DFF1C151B00070101F7F6FF82
:104DD00005FD0205E201F203E8F7E1FD181FFB04FF
:104DE000F6F9F308FEF5F901FE0102FCFA04F6F00B
:104DF000FF18CCFC070BF8FBF8090C02F7FDFD07C8
:104E0000F903F6040AFD0414DDFDEEFE0CF70906B5
:104E100003F7FAFD02FAF70304F8FF02070C0C028D
:104E200025F001E0FC050903F70DFD0307FEFA0478
:104E3000FA03F8FD08ED0401EFE806D80500F5EFE8
:104E400010061308FBF9FD04050505FEFF030FF628
:104E500006FBEEEEFFEDF4071F080C05FDF7FEF66E
:104E6000F7F6FC02FBF70E04C40509DDEDFE0411A4
:104E7000FF01F7FC0702FE03FE00F7F90209F1F754
:104E8000EC03EBF7FE04F81109FDF50E04F7FF053E
:104E900000FB04FD03070800F8E7E7120A0F010B07
:104EA000EFF413FBFAFE02FA04F7FD06F8FA020427
:104EB00000FEE3FDF70CF30204FE051DFF03F808F6
:104EC00006FE03FDF6F91D04ECD71906FA050C02DF
:104ED000FA11FFFD02FCF808FF03F9FA0C05EE00D9
:104EE0002914EBFA11060EF8F3010DF6F9FEFE0592
:104EF000F6FAF6071603E3072300EBFEE80902F9CA
:104F000003EF1717FDF9FF0503FE04FEEB1214FB78
:104F1000E6170ED7F808ECF2FAFE0EF9FA00F500E3
:104F200002050306F904FC050408F6EE05F5130670
:104F3000EA1200F6F9FFFEF903FCF9F7000001E0C0
:104F40000DEFCE0EFF0BFE100CF20F0E06F9FEFD5C
:104F50000104FF0AFB04100EE2CCE3F60AE90FDFBE
:104F6000F105FCFFF9FEFAFBFC04FE02F203080760
:104F7000EEF1B6D303F8FD02F3F8FAECFF04F9F909
:104F80000103FB0305071307F7E7E1D5F5E908047B
:104F9000FEFAF402FF0405FFF7F6FEFF000206F931
:104FA000FFD1E7D407EE0BFF17FBEEFB05F901F984
:104FB000F7FD0602F605FAEFD2D01EC504E3FF0C9A
:104FC000E4E70CF7FDFCF800FFFBF7FD11FBF00038
:104FD000B8DDABC7F5FF1700D906F3F5FBFF0202FA
:104FE000FB0406FCFAFF1120DDE420E1FB050F0CB9
:104FF0000F0EFCF4FBFAF6FAF8F60000FF24FF05AA
:10500000EDF6DDDAFF1B0209E5EFEAF60001FF002D
:10501000FCFC05FFFA07F9E6EFEEE9E7000B0CF7F9
:10502000F7FB0803FE0106F7FDFC0406F90D15FD6C
:10503000E1E3E6D20614220EEBF2EFE4FFFE0005F8
:10504000FB00F602F6FDF2EBE9F112C2EAFFF0FB1B
:105050000402FA03F804FB0104F705FFF702FCE180
:105060009FE9D8E00FE9D7F90512FAF8FCFCFDFD3D
:105070000303F9FDFF0FF505FDE6D9E809FBF4F39D
:10508000010612F90000FB06FC0700FE100113FCEC
:10509000CA1823CEF5F30CF7FF0717F8FDFB05023E
:1050A00001FB02F9FF0204F8E7D7A0CD011D05F1CD
:1050B00006E9F9FC04F8FEFD01F80000FCFB04F42D
:1050C00009E8DCFCF6052C0AF1F7F4F4060105FF0B
:1050D000010402FF1102EDFDB8B7E2DBF704FDFFAA
:1050E000F604020804FBFAFCFEFCFFFAF2F21E16BC
:1050F000F1F004CCF0F61EF5F1EEFCF8FDFAFDFF40
:10510000FBF6FCFAF0F7F518DF16EBDBE50B13E81E
:10511000000CFCF0FBF8FEFB0403F6FBF5F8F901CC
:10512000C71BA8B8F7E5F9E2011109F3F70104FE7E
:10513000FA00F9070710F3F70AD4EE9FFCE113FF1A
:10514000FC03DDEA04050404FBF701F6F40A22FD82
:1051500018ECFCD2EFFAED000BEF08F4FAFD06F8BC
:105160000302FEF8020D070A15C5E0E5EF14E0F1B1
:105170000402010F020002FF06F70006F4F8FEFB2E
:10518000D0E206E101FBFCF7EFFCF0E001FD03FDDE
:10519000FC05FCFA0400F309CAE6D3B6DEFEEAFA1F
:1051A0000CFFF4FAFCFBFF03FCFB0304F80608FA0F
:1051B000E6E6139E14DEF11706EC08F106FC040186
:1051C000010603FBF508050C11E7FAE704F40703F1
:1051D000070DF807FF02FAF9F9F5F9FCF612F218D3
:1051E00022D4A6EE25F9EE010EF7F201F5FF00F844
:1051F00003FBF900FA000C0711C2E3F8EDE40F0B12
:10520000FA0001F7F9FEFFF7F5FCF701F80BFEE0F5
:10521000BF02DEE61B0708FCE8FBF4F000FD04FD1E
:10522000F6FE05FBEFF401F510E1EAF219F1FDFFDE
:105230000509FCF5FA02FCF7FDF80004010EFE0476
:10524000FDF1A7F2FFF7060DFD1007F9F9FAFEF7D9
:1052500003F800F91A02F60504E5D3F4E7FAE5FFCE
:1052600016080210FCFEFAF7050403FE0BFB0AF415
:10527000DDDAE2DBE9FEF2EFFAF702FD00020001FF
:10528000F6FA050101F8F1F0F8C5F80FF80BEEF8A1
:1052900000F9FA02FEFCFF0106F805050700051CEF
:1052A000F0C6F616E2F5041C0A031510FB0200F91D
:1052B000FAF9FDF507F9F2EAE0D6DE1DEE15EE0D7E
:1052C000FBF4FC100302FBF8FAF7FD011C0BFEF4E3
:1052D000C803D4F12AF7E6F8021BFAE30101010240
:1052E000FB00FAFB0CFAEE06D8EAD6DA01F011F26E
:1052F000F70101F703FF0603F901FAFD01EDFEFFD7
:10530000F1DF16C6FE0104F1040814060105FB04D2
:10531000FFFAF8FF0609EFEFF0CFDCE4F60B05F932
:10532000FEF4F406FAFEF9F804F901FAF6F50106BE
:10533000F4DAEFB6E606FE07FEFC0F03FD04F9FC07
:10534000FDFDF8F9FE081105EAE4F3E609F30CF1B6
:105350000CFEEF01FBF7040305FBFAFC15061F0624
:10536000C7F2D5CCFF050E010B0200FCFD0203F9CC
:1053700001FF050003EC190EEACEB7B9EF0735FEC1
:1053800003F5F3040202FE04FAFFF8F4F81012F831
:10539000EFDDD8F6051A0EFB08F5F5F803F905015F
:1053A000FC05FAFEE6EFFAFBF8D40FF4FD14040B4B
:1053B000080310060101FC0606FFFCFE150CFB08A5
:1053C000DE1CDED6ED18FC010F14FFEFFBF9FB022B
:1053D000F7FF02FD1B0EFA08F5DAC5F6F2F70A121E
:1053E000FA0DF8F60402FF02010602000820FF0091
:1053F0000BD5E3D7DE16EBDC16F702F3FAFAF80664
:10540000FFFFF80114F605F5FDEBC2FB0A08F8ED05
:10541000EC04F806F8FAFB02F8F702FC0BF40601BC
:10542000CDD2FA07E8F500FCF7F1F80100FAF9032C
:1054300006FCFEFFEFEE080802EAE2E20408FE05C1
:10544000F9FA03020205FC0300F803FB2607FCF04F
:10545000E7D6CFD00519090EF0E5E5F8FD02FBFB14
:1054600004FB08FCFB051912C4E608DE10F5F9FC84
:10547000F0FE1AF9F7010501FAFDFAF908FA081920
:10548000E6FAE2EC041901F50009FB0C0201FBFC51
:10549000FCF9F5FFF5F4E5FEF6F90CDD21F3EAFC85
:1054A000F0020AFF0000F9FCFCF6FEFDFAF4FA0136
:1054B0001BD8C9E9FA0BDFF509FA050000F9FE026D
:1054C000FA000701FB140DFACDDD15FA0D04EBFE11
:1054D00009EE0AFB01FFFCFBF9F6FB04F8000705E7
:1054E000E8DFF0E7F9F0FAEAFFF008F50005FA0660
:1054F000FCFDFB02EA1009F8F0EBC4D8F41307E74F
:10550000F8F9F6FC02FFFDF9F80304F6FD0100FED0
:10551000D7E8EDF00BF7F40F0DF6F9FC06020407DF
:10552000FAFC02FE0D0F06EFE7D4D60DF403EF02EE
:105530000AE9FCFDFC03050206F7F9050E2AE80757
:10554000EA09DBB20015090DF00009F9FB0302FAC4
:1055500002F900F7FCF50908E0010C8CF6FF080BD6
:10556000FEF517EFFF04FCF9FA05FA03FAEBFEFE6D
:10557000FCEDD1C8FAF4FB130BFC19F6FBFEF8FCAA
:10558000F6FE08FAFD0FF4F6DFF3FFEE01FFFE1062
:1055900005F0F8F1FCFCFDFCFD0007001715FEFC12
:1055A0009AC8CCC00E13ECE901EFFFF500FF05F936
:1055B000060607F9070203F78108EFBB01FEEFFCBF
:1055C000FCFC0EFBFAF8F9FDFEF602020900F202FD
:1055D000BFC5E4DBF80B07E7F305ECF4FB0204FAC4
:1055E000F9FEFFFA08070305AEA708FA0006FBEE6E
:1055F000E908FD07F8FC03F9FFFBFAF70A070E08B4
:10560000F9D3F4E2FACE0E0102F9F6EFFFFBFCFD4E
:105610006E0000008AFEFFFF2FFEFFFFB0FEFFFFBF
:1056200041FFFFFF91FCFFFF94FEFFFFD9FFFFFF4B
:1056300024080000B9F1FFFFFAF5FFFF49FEFFFF64
:10564000ADFEFFFFE6FFFFFF810E0000BE08000079
:10565000BE07000021FEFFFF13FB0AFD18F005FD49
:10566000EC1FF605F60004FC020E09FB12140704F9
:1056700000FC02E8081CF7FF0B12FCF2FB0DF8F22D
:10568000F9F7FFF10513F8F32BF30001B4FE16F759
:105690001EF5FC051BF7000104ECE8FC00F5D30641
:1056A000FA0306F700FA2FFEF207E0ECFFFEBDE971
:1056B000FF03F61A00FBFD120620F317110905007F
:1056C000FBFC04F8E906FD000EE007FBCEEDF6F763
:1056D000DB04FE0219FCFB0807E0F9F80011FBFEF1
:1056E000F6EC0613FC11F70B0AF2FD14F5F20101BA
:1056F00007270BF5CDF8020519E1FCFED5EE00FBFE
:10570000D7E00C07D103EEFF28F503FDFF07FAF9F8
:1057100003F3F315FA03E80FFC0BFDFFFFED0201A5
:1057200005090214F8FDDCFBEFF7F801FF04F5FFB3
:10573000F7F5FB01F709030504ECF809FCF604FB97
:105740000B1AFBF507F7FF07030BFCFC09ECF10B49
:10575000080209FF01F4FCF80A01FDFE04F2F8DF7B
:10576000E1F6EA02F2E8F40426F7FEFFCB001CF7AC
:10577000FDD10D051901EC070607FC1FFFF70D070A
:10578000FE02EDEB011D0D12FE0B11F105120F0BC8
:10579000FE14ECFAF612FB03FB05FC07DCF305F83C
:1057A000F6EE030108F506020D0702F80107FD0AEF
:1057B000F80303FCF5E1F7040B0DFF0600F20515F5
:1057C00005F90909011BF9FAF70FFDE6EF03ECFAF9
:1057D00009EDF007F8EFD8FEF0F8F8F9B0F3FD01A5
:1057E000F6FC12F8FCE507C401F006FE0402240CE6
:1057F00004F428DBFBEFD8F3FDFAF5EA0DF9FAFF24
:10580000C41A0B0BFA020A051D00F7F70ED60200A8
:105810000E0802FF0A1002FAC00A0A01B900FCFBD6
:10582000FD0902FCF30B070E0412F714FF04090430
:10583000FD0705FBFF0E01E0CAED0403DFDDF908FB
:10584000E00709F9000200F8EDFCEE00DAF6F302D9
:10585000050B051606FAD6F006DDCAFC06ECFBE9D8
:105860000702121109FFF7E61700FCE1FCD9040A50
:10587000F9FB00F918E904FD1EF8FFF7F3F1030343
:1058800017090103F90AFDFB0107060503FE0D05D3
:1058900006FFFB07F4EF07F7080A0E0DFD08FC28CA
:1058A000FBF9F814AFF80AF79AF9FD0CFCE80908BF
:1058B000F8E30506F4DF0201FDF113020BECF1DF62
:1058C00004F5FEF8FA07FE2005FDCFEDF601F7E836
:1058D0000BE1F0DFFDD1ECF0CFF30AFBF4FE04FBAB
:1058E00011150908D707FDFBFA190209F308FDF69F
:1058F000130B00FCFB01FCFF04060BFD06F8FBD7B5
:105900000ADBFCEC04070803FDFA0409FDFCFE09B0
:10591000B7D408FEF9F912FD07FEECFF5FDEFCFDCF
:105920000BF0F300ECF30EFD01E20DFBFDE40206CB
:1059300006FAFE0AFD08EF05FE0AC7BEFFE2EEE327
:105940001A15E6000CE7FDFC07FF03FCE901FF0266
:10595000160EFB0301F405FC0EF606FAFB00F6F743
:10596000E7010205001FFFE4FEFF01F0FCFDF7F771
:10597000FAF80328030FF9DFF5F3F6CF12EE0DF571
:1059800001EEF5FDD3FAFD02DCE51000FDF904F9A6
:105990001602BF0105F4B2FEFD0300E305010AFC97
:1059A000FE0008DFFB14FFFA0ADEFF15E1EDFE0240
:1059B00000FDFD07FA06080AFB24F90414FEFCFFAB
:1059C000DFEFF5F70D0F03FF01FFF705D4F404082F
:1059D0000A06FAED05020CFC030F0707080EFEF697
:1059E0000907FAFFF9FC05E9B50EFB01EDD50D0835
:1059F000A906F900F3FC14FFA0F3FFFCE2F7070887
:105A0000FB05E0B9FBF80D070615F6DCFCDF0FEC33
:105A10000610F113071DA3F5F3DA3615FBDCFC07BE
:105A2000F708F8FC09FEFDF914F806FC1AFC020957
:105A3000FB110904FDF9FC0300F101FA001109F65C
:105A4000F7FFFBF201E40EF90BCF00FC0BE8F6FDCB
:105A500001F8FFFBF405F403D1EAF708040205019D
:105A600012F110FCF7F01407D4F30202070721EC3F
:105A700006F3F8090BF90EEAFFFBC30207E94AFD3A
:105A8000F4F2FC00020BFDF228EB0403FD0902090D
:105A90000605F9FA0900FA07F20501070BF601FC01
:105AA000E50FFBFF230CF9FBFF230BF708F800FBC6
:105AB000FE0300F70618090602390ACD01F5FB0DB1
:105AC000DEF315F704EBF906F410F904CDECF2FA65
:105AD0002AF21A00CDE3FCFCFFECD5F3FB080A0127
:105AE00000F015EAFF011CF8F6F1F703F7D309F807
:105AF000F7F714FAF8CAF709F5000906F1FCF8FE01
:105B000006FEFB01050707FAFD060102FCFC080280
:105B10000702FF040BF9FC010306F814F6F003FF7B
:105B2000F90103FA09FCFBF9F9FDF61209EE020589
:105B30000DF11303EBF500FEDEEA080113E0CF03DD
:105B4000F6F20B04FF17FAE001F119E900F4F5DCB5
:105B50000DDFAFDE05FAB6320508F80DF40009F1E5
:105B600007040308FCF9FC0219D702080FE6F8FE47
:105B700013EE0B03F8DD0303F50102FE030A02F93D
:105B80000CE30709FCEF06F3060209F2060CFC0A17
:105B9000081706F90703010123000706C9E8FAFF01
:105BA000A7EE0EFCDDF91405F4FF130308FDE40174
:105BB00000FEF50108F548150CE5DD22FB06FA1696
:105BC000F8F317D6FBF24ADFFA150BFAF003FBFFE6
:105BD00002F9FBF7060006F7E9F7FFF602FCF6F715
:105BE000E8FF01F61104F600F31E0405F61C090592
:105BF000FDFBF7EFFD06FBF604EAFDFB0AEF060BE3
:105C0000030905ECD9ED02F3EFFFE5FFEDF101012A
:105C1000CCF1F204EDF9D70ADB0DEB08FBDF57FB03
:105C2000FCFDF413F60AB6D2F712CFF8FD02E0FE3F
:105C3000F4ECF2E41B08F414EE0108040203F80685
:105C40001704FF06FB0C0B00E7EA03FD23FC050528
:105C50001FF607F5F4F002070005011805F30BE63F
:105C60000004FDE6FEFF010DF5AD0706F7FAF505A8
:105C7000E1ECCEFB10090404FC0106FFFDDC080684
:105C8000D2EEFC03D806FA09EF03322CFE062602F8
:105C9000F3FBBDF90008D9DC00C100C908F5FAEC36
:105CA0000A06F105F8FB05FF0606FB0A05F2FF00F0
:105CB00002C5F607FDDC040100F2F505ECFD050266
:105CC000ECF8FC0309FCFF05F6E60301F5EE0B0317
:105CD000FB04FB0404040830FF0405FFF0FAF70A94
:105CE000DAF7EC02CEF711FBD5EAEEFED8F508F6AE
:105CF00018D8F00909000CE50807F70BFBE5F603D7
:105D000005F5DB01090906DDFE0D2120040E17F85B
:105D10000409020800F9F7FAF9CF07FC000C0300A8
:105D200006F801FEFFF20DFE060309FEDAEE04FBA3
:105D3000FCF7FE0FFDF6050606060A1306EFFA123B
:105D40000BF907ED06FBFEFAD1F9FD03D602F70ABF
:105D50009BFC0507F2F40101FFFBFD0A11E903F9C1
:105D6000F80E11E3FAEB150EFFD70CDF0B0524F448
:105D7000FF0F12F2F91016041BFB0724110003FF9A
:105D8000FFF8FDFD121000FEFBFE02F9EDF707F62D
:105D9000F6EDF9021003FF070CF6FF07051A04F3EE
:105DA000F9FF0C0008F60005F6F60504070D0003E0
:105DB000FE1EFC1506040D0C1FD8CB0BD4FFF504FA
:105DC00001FB000DC9FA0FFBFC020304F8E841D304
:105DD00003FE7F2A0C06BB1F040F09DBF80DE9F058
:105DE000FE010CFF0E26120EF007FAFB03FE05065D
:105DF00016CD08090803F7F7F00007FD0EF90706AE
:105E000003FDF8FDF00808F9FEEFFC0D03F503E2D1
:105E100005130107FDF60AE205D60013FB09F90593
:105E2000E5E7F5FAC40AE2FCEC0304FF03E3FA0534
:105E3000F5F009FB0EECF5FEF9F44814070309FD33
:105E4000FA23001A021BEEF909164FD910F8F819B7
:105E50001002152C17FEFD0901FDFA05140CFE01B8
:105E600006140808F403F709FFE6F7031FE404012A
:105E70000CFDF90206DDFEFD000A08FDF8E60AFD4C
:105E80000101FD0501FDFD0C03210CF416EB0901D8
:105E900013F6F6FF34F304FDC9F1EAFBD7F4FBFE79
:105EA0000303F607010803F6FBE3220C07F5012FB5
:105EB0000004C716F8CE099BF9C4F20007ED0CF6F2
:105EC0000EEE05FE08F70706FEFF0504F4040902BE
:105ED000D6E60AFB05F109F90C02FBF8FA11FD06FA
:105EE000F9F3070E0C0001F9090DFBF401F108F8B4
:105EF0000A2302F602E500FFEBED1CFEF8F80CFEAB
:105F0000F0EF0F09FCFC0906B6F80600B5F70BF731
:105F1000FBD89FF0F3FE00FD0113FE0BF6E7F7DB65
:105F200005E5F2F3060218F3E9E80612E2ECF4F9EB
:105F30000202FBF610FFF708F71D09FEF5F904034E
:105F400012E5FFFFF00EFCFF12150501061400F329
:105F500008EB06F4F9EF0BD607180CE3FAE701F7A4
:105F6000011401FDFBE10EFDFBFD02FCFA0DEF0942
:105F70000B01FBF70AF4F10FB8EF0AFF06F4FF027A
:105F8000F40C02D200FB63FA05EDF207F6E620F40A
:105F9000FDF9E608FAE307DA070D0208FC08FA083B
:105FA000ED010901FF0603FE0E1CFD0600D5FF07EB
:105FB000E103F606F3ED0605F8FFF4120307FBF71D
:105FC000FDF30013021506F109F407EF060F05EEC5
:105FD000EECFF7FFFBF6F0FDFCEB0EFDE5EA0FFF61
:105FE000F8FDE303F6EBF9080906EAE306FD0815F8
:105FF000FCF300F4FEE9C6080906FAE9F80C3610CD
:10600000171DF2EDE604FDFAF701FDFF14F3FC05A0
:106010001DF5FC08E9FEFDFC05FA060008EEFA0392
:1060200003070402080C00E0FB2402FDFAEAF7E78C
:10603000FCFD090904F1FD1CFA1F05EC0600E20451
:10604000E1FDF2FF00F916F3ECE011FFE4E705FFD4
:10605000F205F8FD08E8FBB708D8B4D702FC072121
:10606000F5F71AFF09EB08F503F125F20C000A1BFE
:10607000F71107FD01FF01FAEA1301FBFD09050114
:10608000F6E009F7F0FEFC02C7E50000EFF3F80ABE
:10609000070103F901020306F9FC02ECFDC2071532
:1060A000FE0F06C9FE17F30DD8F6F5050AE42BFB23
:1060B000E3E60900D0ECE8F8F4F9EA07E7F7E402D0
:1060C000F1FE0BE104DAFF190418FEF0FADE9C146D
:1060D000020EF9140200BED60C01FB080B10FBFEE9
:1060E000000409F705F2F507020B0A0103F000F9B5
:1060F0000B030609ECEF000A1AFEF6F900FFFD0992
:10610000F8EF0214030D02FE060CF813FFF5FC2055
:10611000FB0BFD17D8FC1AFFB2E6F702FDEE0D02ED
:10612000CFE5F9F8D3EDFF0AD8F8F00402FE1C0021
:10613000010C0405FEE9D0D4FD0BF50FFBF9F5F3D6
:10614000F4E503EBF8E90203F20502FE030308FE9F
:106150001103F60A0F1406F61217FC0A1305FA04C7
:10616000D80BF70210F003FB06FFFFE3FAFC0EEA80
:1061700000FB0303F9FEFF040117FEE2060BF71014
:10618000E4F8FBFFCB01EEFCEDF205FCDFD901F8F2
:106190000DEEE6FED0EDFAFC090D170F06F9FDF73E
:1061A0000CFB50DD03FB17FEF900FDE80309D903E2
:1061B0000DF7080916F5FA0103FCFB03F2F9FD05DA
:1061C000E205F5040DEBFAFE06FAF70612F7FDF705
:1061D000E0F0FF06FAFFFDED0AF1FAFFF91204FA0A
:1061E000FB08080E09F8FF0A0914F8FB04FFF20D7A
:1061F000C9F01105F3F41202E7F30AF9210AED07D9
:10620000E0FF1D0FF607E4EE06F7E50806F0EADF0B
:10621000F9F608FF05B6E3FEF71940FCE9F61A1592
:10622000F40FFB020800040808F0FDFA0DE3090270
:106230000714FD0807F3FCF9E8EBFBFDFDECFB019F
:10624000F60FFEF9FC010702FDDDF4F5080AFF1D5B
:1062500002F8FDD1FC0CFE09F3F618F8E0EF14FD8E
:10626000E6F0FEF6D2F305F30806F8F4EA090BFDB2
:10627000F4FF05E7F8F30DF104FD050505E9F6E681
:10628000F8001CFEF1F900F7F1F3F10616F005FC39
:1062900004F8FE000302060309FAFEFAFF00F9FF04
:1062A0000009F502E4C1080114DE08FC010B0DFC35
:1062B000FFF8001607E104F5FA2508FCFDF2F9ECF9
:1062C00005E8F709F102F003F2F009090AFAFC0CFB
:1062D000E1F30EF5D1ECFD04CDF617FD05F9E6F37B
:1062E000FDD5E2D30A0BEE0F0AEEE2EE03103BFF00
:1062F000F3EFEC20E40EF3F62DEDF507F5FE08F6CE
:106300000C0606060D25F4FEF5F101F51425060030
:1063100012130300F80F0606000DF7FC0AEC011833
:10632000000801F400080A0AFDFDFB110AD0F7FB82
:10633000E4FEEC00DDD9FEFC07FBEC0CF40F07FDDE
:10634000C8FEF9FC07F10BFFFE0A05F80DE7E6EAC7
:1063500005F60B05FB04D3CD01FAF3E2F600E1EB01
:1063600015EEEBF602EDF90608FDF7FC0504F70162
:1063700008FAFAFB0AE1FEFA04F706071EFAF70725
:10638000F9F704F7FB010708FF0A09FFF9F706F41C
:10639000FB0800F80BE30300030DFF1BD7F5E8062D
:1063A000A40202FE030D10FFD2E02EFDC7E8F105A6
:1063B000F6D300FA08DC371D08FC15FC02E0FDEB03
:1063C00000094CEFFE05F9FCFCD0E9191F12002072
:1063D000ECF7F8F6F7F908FA19F7020004FC05F7EC
:1063E0000B0BF8F708F2070711EDFEF61403070090
:1063F00002130BF503EBF706FCE2FC1208F7F8E5D5
:10640000FCF105FDFDF2F7EFD4F7F100DDD3EAFD75
:10641000FDF6E30EDBED0CF9ECF4ECFEF51104FBFC
:10642000FFF90FF403F41112F8E816FDF1F1D7E5C6
:10643000F7FA4DEE04FE0B12F705FEE612EC09FD2D
:10644000FFFD04F9F3FB05070DEA03FC010906FA59
:10645000E904FEF5EC09FD07F1DFFAFFFCE0F90FB6
:1064600005EF0103FEF904FB01EFF502FB00FBE67B
:1064700002EE0C08F2F0F002DFFFE301FDF9EEF7A7
:10648000E6F008F7E40A070A10F8EEF9FC0A18F13A
:10649000FF080C0D00E4D11307EFD6EA0AE32FFC46
:1064A00002FC04ED1218EE313617F6FB0601F90472
:1064B000F4010B05E4D20603160500060110F907E6
:1064C000FB140705E10302FEFF10FA1A041106EFA0
:1064D000FF11FAF30500FB09FC22F700FA11050A87
:1064E00010F90E07B2FEE302EEFC0A04E8FBFBFD26
:1064F000E4EF16041CF0FE0105FC3B0A03F6FEE582
:1065000007E40DEAFD0411FF02C513D90917FF19AD
:1065100018FFF8012515FAF9FDF702F70FFA040044
:10652000D90607F7FAF4FAFFED0FFB040AF2FE07AB
:10653000E4F2FCF7F804F8FFFCFD0BFDFA09000C8F
:10654000FA1F05ED0AF606F30B180B05E4F801F542
:10655000D903F40434F607FF1EE5DDF3FDE70CF97B
:10656000EC00FD07FEFDEAFE010AF40CF7EF041251
:10657000040EFDFB01FAF211FE07F30805FF010608
:10658000F8EDFA01FB04FEFF06D5FCF6EBF9FEF987
:10659000DFF0FBFFCA04090301FFF8FFFCFA070064
:1065A000F8FF01EBF808020BFFF5FD06F8F2F7E83B
:1065B0000713021408CDFFF5C9EB1A00E6ED090137
:1065C000E4F5D90B13DFF405D0FCF2FD02EEE9FD92
:1065D000FC08FA08040703F9040DD7F9F9191AF4AD
:1065E000070F06FBFDECE704F90DFDECFFFDFB04D6
:1065F0000804FA0118CFF6FFEB0408010FD1F8F4F4
:106600000A07F8FB091DF9021505020805E902024F
:10661000061507FDFDE606E703E6F8110008FE048F
:10662000FD060C0306CD1E0812F619F7D4FB05056E
:1066300009F40F05D1F30AF8FAF109FA0912001169
:106640000AF3D9CF08E504171008C60FFCE212F1CF
:106650000BF60CFCFFFB19EFF713F6090104FEFB28
:10666000F8FFF7070B0FFAF508F80505F9FE00002B
:106670001CF7F7FFF518F900F705F6F704DDFE063D
:10668000F60F07FE03FE0300FF130017F7DB0719E1
:10669000BDE10D00EF04F800D6F6EE03F6F1FCFDC7
:1066A000C0E0F0050B060FFE01FDCA0704E50AFE77
:1066B000FE0C0F05FA01F80B0A0900F5F7EFF5EFEC
:1066C000EC15F8EBFDFDF6F408FBFA00FEF5080703
:1066D000EAE3FFFD040DFC0305F2FF0215FB02FBDC
:1066E00004FE04FD09BE01DAFBF8010F04D4060F15
:1066F000FBFFFCFAF8B3FF27FD17F90727F20200AA
:106700000000F1F60E0E0800F90CEF04EFDEE0FEDB
:10671000CCEAF60BFD01C9DE00E609D508F603FD5B
:10672000FC0615E60AFCDF15F2FE091CF8FC1A0946
:10673000F606000202F6F807FD070006DB0DFEF97B
:106740001FF5F9FBC4F7FDFBFC100108040300086A
:10675000FBDEFBF004F7FEED090AFE0B02F609E58D
:106760000A00FA0806F30601080BF706FA050AF80C
:1067700013E71203F0FBE704E013EF04E0F006F682
:106780000AFBFFC1000AE7E80418F60A01F7111F27
:10679000FBF616ECFC0DFB010BDEE43701F6F7010E
:1067A00002FDFC0904EFFFFA04E009FA0305FAFA16
:1067B000E7EA0709EFFAF80208FF0105F9F90AFB11
:1067C0000208FC18FA18F8F0FD02FDE5F7F601E200
:1067D000FEFB0C06F4F8FAF9D1F0E308E0EE0BFA50
:1067E00000070E0540FFD204E8EB1603FEF908008F
:1067F0000300061AFB14FEEA04230C1F0102E40D39
:1068000005FEE3F607040209F505F800F9FA06F5B6
:1068100003FFF8F5ED00F207060F00051FF308FC73
:10682000030709050EF8FCFB062801EC091BFAB565
:10683000080805FB07F2FF09FAF2FC0D00040DF44D
:10684000FDEBF809CA05F80BE6F8F007E6E427FEC9
:10685000F9F50F0AE4E415070500FC02FCF9E32B47
:10686000F5F60203011000E1F7DEE9F406F0D811B5
:1068700000F1FD1A05EDFE08FFFB04F6E8F6F8F856
:10688000F10E08FC18F1FF070E0C0605F81702F6CA
:10689000111202090300FDEE080E04E402FEFDFEE3
:1068A000FDF007F1FFF70118FBFE06D3E709FF082B
:1068B000C8F20DFBEA00E8050F10EF07D8E5F8FD78
:1068C000D1F619FBF7FA2919FEEAFDF5F2062312B3
:1068D000FEDE14C8FEFFE902FBFE08250EF5090ADC
:1068E000EDF300000809FA05F4FD03050711070898
:1068F00010F504F80CE7FDF7DEFBFE04ED06F9FBEE
:10690000040604FDF61509F201FC04060BFEFB1A51
:1069100006FA03FBF6060B090AFA0902C9F2FCF2B1
:10692000C1F80106DCE11405F5F3FA032BF5E503E4
:10693000FCEE13F40605000306F7F1F802EEF5E4A9
:1069400002FA6AFC011BF0091AFEF5062608010787
:10695000FD03020000FCFBFCE9FBFBFE04F5FA036F
:1069600006140AFEFB08FC030E09FB08F4FC09F2FE
:10697000FCF409EAFCFBFF1D01160907F705FD08F9
:1069800000FDFC06E1FE05FB05F6F309E3EDFFFA69
:10699000F4F00906B7FB06080EEFFCFBF8FBECF978
:1069A00009E9EF190ED144D7F9030BAAF70013E355
:1069B000F5D926E31C070C021CEFFAFFFD03FDFFCF
:1069C000F1DB0301F80FF80A0AFC070B09ED0707D2
:1069D000071AFCF60DF407FC06F50A0F03EAFB1E86
:1069E00004E0081A010901FD0505000C06E803E9A9
:1069F0001AF6E6FF06F511FE03EC2203F501020389
:106A000008F9DA09D6FC020802F910F508F2FE07C7
:106A100005E3D71A00EE0CE301E30EF904F7431186
:106A2000FE17FBF807DE06FFF9FD0803E702030780
:106A3000F6FF09F607FB0001EDFDF4F4FEF8FE0495
:106A40000014FFF5FC18FDE901FE040E08F908F238
:106A5000063500DD05D6FBF6FEE20217DCEDF9FF98
:106A6000D8011A090705110B10EE1005D500FF0417
:106A700010FBFFF70907FFFA0808EFE9FEEB4AF3FE
:106A8000F3190ED2FDDF11FEFDF1FBF2F303101836
:106A90000AF50601F90608FDC5FEFFFFD1FDFFFF5F
:106AA00063FEFFFF300000009EFDFFFFEFFDFFFFD4
:106AB000D80000005900000098FEFFFFF70000001A
:106AC000BE000000A2FDFFFFF5000000190200005B
:106AD000AE000000B30000002000000020FEFFFF19
:106AE00009FFFFFF10000000DCFFFFFFD1000000E6
:106AF000AFFFFFFF20FDFFFFFB00000005FFFFFFD2
:106B00003AFFFFFFFAFFFFFFA6FFFFFFF6FDFFFFC3
:106B1000C0FFFFFF73FFFFFFD3FFFFFF4CFEFFFF30
:106B2000F0FFFFFF2F000000B5FEFFFF91FFFFFF0A
:106B300013FFFFFFECFFFFFFFEFEFFFF6FFFFFFFF6
:106B40002E00000054FFFFFF82FEFFFFC7FCFFFF87
:106B50009DFEFFFFAA00000077FEFFFF5DFEFFFF26
:106B6000CEFDFFFF36000000A3FEFFFFF3FCFFFF9A
:106B700024000000470000004FFFFFFF66FEFFFFFC
:106B800017FEFFFF260100007FFFFFFF4C00000003
:106B9000BAFFFFFF3400000032FCFFFF23FDFFFFC0
:106BA000CFFEFFFFB6FFFFFF34FFFFFFCD00000069
:106BB000B8FCFFFFD5FEFFFFFBFCFFFF55FFFFFF0B
:106BC00005010000FAFFFFFF830000006FFFFFFFD9
:106BD00089FEFFFFF1FEFFFF7CFFFFFFA5FEFFFF29
:106BE0004AFFFFFF650000007FFCFFFFF0FFFFFF93
:106BF00013FFFFFF87FEFFFF3AFFFFFF7B00000050
:106C0000D7FFFFFFC1FFFFFF000000008C00000066
:106C100098000000CDFCFFFF1C00000003000000F6
:106C20005DFEFFFF140000008CFFFFFFB3FFFFFFBE
:106C3000CAFFFFFF94FDFFFF9AFEFFFF92FFFFFFD9
:106C4000FCFCFFFFC1FEFFFF270100004C0000001D
:106C5000EBFFFFFF19FEFFFF93FFFFFF4000000067
:106C6000930000007F0000005902000046FEFFFF75
:106C700051FEFFFF38010000B2000000BFFFFFFF20
:106C80002DFFFFFFCEFFFFFFA0FFFFFF0000000072
:106C9000370000004B000000BDFEFFFF5600000063
:106CA00048000000FDFEFFFFC5FFFFFF1FFFFFFFC5
:106CB00040FFFFFF020000003B01000000FFFFFF5C
:106CC000B8FFFFFF09000000F400000082FFFFFF93
:106CD000E6FFFFFF39FFFFFFAD000000C40000002A
:106CE000F7FFFFFF95FFFFFFE3FDFFFF45FFFFFFFE
:106CF00009030000AEFFFFFF24000000B0FFFFFF0C
:106D000008FFFFFF9600000047FFFFFFE2FDFFFFC7
:106D1000EAFEFFFF28FFFFFF04FFFFFF99FEFFFFD2
:106D2000E2FEFFFF78FFFFFFEBFDFFFFB00000007A
:106D3000260100004BFFFFFFAD010000C500000071
:106D4000CEFFFFFFF4FDFFFFB9010000330000009C
:106D5000B60000008C000000ECFEFFFF33FFFFFFD9
:106D60005FFEFFFFE7FDFFFF48FEFFFFCDFEFFFFD9
:106D7000CC0100005DFFFFFF84FFFFFF64FFFFFF0A
:106D80004BFFFFFFB1FFFFFF02000000A7FBFFFF6B
:106D9000DD0000007CFFFFFF68FEFFFF2D0000000C
:106DA000DC0000003F00000017000000D4000000DD
:106DB0002E0000008E010000C5FFFFFF55010000FE
:106DC000070000003601000027FEFFFFA4FFFFFFC1
:106DD0008FFFFFFFC7FFFFFFBEFEFFFF74FFFFFF38
:106DE0007500000015FFFFFF57030000F6FDFFFFD1
:106DF0005E030000F5FEFFFFC8FEFFFFFCFFFFFF84
:106E000069FEFFFF19FFFFFFC9FDFFFF2EFFFFFF18
:106E100061FEFFFF79FDFFFF09020000FDFEFFFF9D
:106E2000C7FFFFFF880000002F020000FF000000E6
:106E30005C000000F4FEFFFFBEFFFFFFEBFEFFFF64
:106E4000C4FFFFFF68FFFFFFB6000000A0FFFFFFC9
:106E5000E9FFFFFF4800000030FFFFFFC2FFFFFF18
:106E6000AEFEFFFFCE000000090100006DFFFFFF36
:106E70003B00000038FFFFFF3BFEFFFFBAFEFFFFB5
:106E800049000000E6FEFFFF8DFFFFFF83FDFFFFCF
:106E90004CFFFFFF1300000088FFFFFFF6FEFFFF1F
:106EA0003B000000FF000000B0FFFFFF61FFFFFF9D
:106EB000AD01000056FDFFFF27010000E3FDFFFFCD
:106EC000F4FEFFFFF8FFFFFF97FFFFFF8CFEFFFFC1
:106ED00016FFFFFF03030000CFFEFFFFF6000000D8
:106EE0009AFFFFFFEF0100002001000059FFFFFFA4
:106EF0007AFFFFFF6F020000E3FFFFFF59FFFFFF74
:106F0000C0FFFFFFE1FDFFFFB6FEFFFF14FDFFFF27
:106F10003401000045FFFFFFE3F5EBE1ECF9F5E19B
:106F2000E1F6F8F0F1F1E6F5F5F0F8DFEBDBDCCFB8
:106F3000F6F5F1F6E4DCF6F1EBEBEBF0F3EBF6E96A
:106F4000DBE9E6ECF0F0F5E6E1F6E9F5E8EB10F563
:106F5000F0CED2EEF1E8E1F6F3F0F5E3ECE8CFE8BD
:106F6000EB5AE3F0F34DC4DCE6E6E3EB18ECCEF6C7
:106F7000ECE1E1E6DCE4F1ECF1F6F6EEF8EE178692
:106F8000ECF6F1E332ECCFE9F8F0EEE6ECE4F5E80C
:106F9000D7E9F1F0F0F3EEE637F0EBF3F3ECFBECCE
:106FA000ECF1E3E9F1F1F60FF0E1F3BFE3E307F30E
:106FB000EBF3F6F0F8EE31EEDEE1E9F8F0F5EEEBAA
:106FC000F5E9F9F6F3F6E8F0ECEED9E4F0DCEEF5ED
:106FD000F5F034EEF15EE6EBE9F5EED443E8EBE8EC
:106FE000D9F3D7F1F0F5FDE100F5F1E8F0BAECE402
:106FF000EBF3DCF1E9F3F8DBE9F5FEEBF5DEF8F8AD
:10700000F6DEE4EEF6F6F3E9ECF1F0F6F3EBF5E498
:10701000FDEBEBF8F0E6E9D1E9F305DBDCF0F3E4B6
:10702000F1F1F9F5BCE8EBE8DCEBF0E9E8F0EBF3C3
:10703000F0D2DBF5F8ECF0ECE1EBF5E3F0FDF5F385
:10704000DEF9F9E8E4F3F5F6F5F5E3E9F3DFD4EC7E
:10705000F0F8F3EBE9E3F1FBDFF8F1F3E9ECF0F141
:10706000E8F3EEF1F1F3DFF5EBF0ECF8DCF0E6F647
:10707000F5E6D7ECF1EEF0F5F0F5EEECEBE8E9E84B
:10708000EB36E1F5EC3EDCE8E6E6F0F1E6F5C4FBD4
:10709000ECE9E3E4E4E9EEF50BF0F6F0F6EB17D4F7
:1070A000EEF0F3F52EF8D6D1D9F0F5F5F6E6F6F5D3
:1070B000D2EEEEE9F6F9E8F5CFF3F0EEE3ECF8E91D
:1070C000F6E4ECE9F3F8F821ECDFF1BAE6EB05F0D1
:1070D000F6F3F1F3F8EE10EEEBEBE1F1F6F5F0F587
:1070E000F0F6EBF9F5E6ECF1F3E9DFE3EBE9E8F5CF
:1070F000F0EE2EF5F324E9E6F0E8F5D708DCF5EE3E
:10710000DFF0DFF50DF1F5F8EBF5EEF1F5DCF0E68B
:10711000F3F6DEF6F9F3F3E6F1E8F5F8F0F1EEF365
:10712000F8F9E3FBECFBE6F3F5F5E8F3F8F5F8F036
:10713000F0E9E9F5F3E8F3DEE9F1E8E1E9F3F6EB8C
:10714000F6F1F3F9F0EBECE4E3E8F6F3EBF5F0F548
:10715000F5E3EEF0F8F9F1F3E1EBE8E1DBF1F3E967
:10716000D1EEEEE6E6EBE6F9F5D21FE6D9EBDFD499
:10717000D7E8E9F1ECD6EEE4D4D9DFF0DCECEECFE1
:10718000DCEBCCE6E3E8E4DCE4EEDBE9D4E62FEC90
:10719000E9AAB0D2E8E3E6ECDBEBECE6E8E6AADF4E
:1071A000DE7AE4E8EE62B5DBEBCEE3E849E6CEE872
:1071B000E8D2DEE3D4D1EEE3E8EBEBECEBDB2E95AB
:1071C000E3EBE4E868ECCEE44DDCE6E1D7CCF1DEBD
:1071D000DEE9E8E1DCEBE8E97FE8D9E6E8E1F9D1CE
:1071E000EEF0E4EBF3D9E444E1D9E9C5D7D4ECE619
:1071F000E1E9F0EEEEE367D9E1E4E1F1ECEBE3D6AF
:10720000F3E6EEF1EEE8EBE3E1E6BCDFE4E3EBEB23
:10721000F1E94DE9F074E3DCE3F0EBD667E9E9DB93
:10722000E3E6E1E6E4ECF3FBF3E8ECD2F5BFE9F3E7
:10723000E8EBD6F1E8E3E6C1EBDFECE3F3D7E6E910
:10724000E4DBD9D9E9E9D4CCECEBE6EEF1E8ECE308
:10725000F1E1E1F1ECD9EEC5E6F02AD2E3EEF1E698
:10726000E4EBEEEE8BDCD7DCD2E6EEE9E8DED7EB42
:10727000DFDCD9E6F9DCEEDCCCDFECE1E1ECF6EBCF
:10728000D4F5E9DFD4F0ECF6F3E1EBE9E1E9D6E39C
:10729000E4E9DEE1E9DCF0EECEF0E6F0E6F1DED79F
:1072A000E4EBD1E9E6E1DCF0E9E9DEF1CCE625EE5C
:1072B000E8C5BFE4E4DFE6EEE4ECECE3E6E8CCDBD3
:1072C000DF2EECE9EE4BD2E1DBDFF5E117F0BFEEAC
:1072D000EED9DBDBE3D1E9E4EEDEF3E9E8DC34CA46
:1072E000D2E4EBF037E9D6E121DEECECEBBDF3F1D3
:1072F000D2E8E4DEEBF1E4E627EEE6DFDCDBF5CF17
:10730000F5DCECDFF0E8EB2EDBD4E4BFE1DEE1DE20
:10731000E3EEEEECE4E441DEE3DECFEEF3F1E6ECA7
:10732000F3EED6F0ECD9E1E1DCDED9D2E1ECE6E92E
:10733000ECE436E9F053DCD2DEDBF1D222E4DFE428
:10734000DBDCE9ECEEE3F0F6E9E9E9D9F8DFF1DEC0
:10735000EEEECEEBF6E1D6CAF0DCE9F0EBE8D4E4F1
:10736000EBEBE9F0ECF1C2DCEEF1E6E9ECE9F0E69A
:10737000E8E8D6EEE8E9EEC7DEEB24E4E3F3ECE977
:10738000E9E6E8F5DBDCDFDEE1E8F1F3E6EBD9F195
:10739000DEECE6E4F3F3EEE6EBE4E4E3DCEEF8E463
:1073A000E3F1F1DEF1F0CAEEF1C203E6E8F6ECE655
:1073B000CEE8E6F1EBDEE4F1DFD2ECF5DEEBF1BF97
:1073C000E9EBD7DED6EBE8E1F1F0ECF3E4E149EBF1
:1073D000E89DBAE8F6EEF0EBE4ECECF3F0E4A5EEB1
:1073E000E42EE3E8F356D9E4DCD9CEF650E9D9E649
:1073F000EBD1ECF1D2E8F3E3EEF1F5E8F1DB39BAE9
:10740000ECEEE1EB62F5CEE14BD6ECFDC5DEF8D457
:10741000CFF3EBE8E3F8E6F843ECE6DEE9E1F9C99F
:10742000F0F0F1EBF8DBE91DF1ECECA8D4D2ECECD8
:10743000D7F0EBF3F6EC53DFECEEEEF0F1EEE4E137
:10744000F5F0F5F5F0E9EEE3E1DFB7E3EBE6E8E3CD
:10745000F6E448F5F544EBDFEBEED1E332EBF1E196
:10746000E6E4D6E4F0F1F632F0ECF0CFF6CCE3F35C
:10747000EEF3ECF6F5EBDECFECD4F5EEE8EEE6F06D
:10748000F1EBCFE4E9E6E3D9F3ECE9EEF3EEECEB74
:10749000F1E6F0F1EEE3E8BDF3EB2CE6DEF5F3F315
:1074A000E6F6EBF399E4D1D9C7F5F8DFF1E4E3EEC2
:1074B000E6E9E9EEF3F0E6D9D9DEE8D6E8E9F8E660
:1074C000E1F1EED9E8F6D9ECF6D9EBEEE6F8D1DF4A
:1074D000E9EBD2EBF5E3F0F0DBE4EEF6E9F3E1BF44
:1074E000E1EBD1E8CEE3E4F0F5F1EEF9DCE327F0EF
:1074F000E6B5D9F5F3E1E8E9E4F0EBE4F5EBCEEE3F
:10750000E80FE8ECF549F0EECAEEF1F02FECD6E822
:10751000F5DEECECE6E3F3D2EEEEFBE8EEE839D98B
:10752000DBEBF0EE22EEE1EE3FD7ECF6E1CAF6EE51
:10753000C7F1ECE8EEF5E9EE12F1E4E1EBE8F6BCB8
:10754000F6E1F3D9F0F1F01AECE4E8B7D7DEDFE8C2
:10755000D2F0F1F1EEEB46E4EBDEDEF5F5F0D1EB47
:10756000F1F0ECE8F0E1DCDED6ECD2E1ECECECEBB7
:10757000F5E837F0F836E8E1E1DFE8D62EF5E9E4A2
:10758000DCE3DBECF6EBF5ECF5F3F1D2F8E6EBE956
:10759000F1F1E4EBF5EBCAC1ECDFECF1E3F1E1F082
:1075A000ECEED7F1ECEED7DBE8EEE8EBECF3EBEC4E
:1075B000EBEEDCF1E1E9E8D2E6EB2FEBEBF9F1E8F9
:1075C000DFEBE9F9D9DBDFD4DFF6F6F3EBF0E3F339
:1075D000EBF3F3F0F0F6EECF3BF5DDB82921DD2239
:1075E0000C18E3D7F1E8E1DEB02E0BB4C628FFF4A7
:1075F000FBEADCBDC8F2E1EBCDB9DAD90CE7E4C6B1
:107600000508D40BF39B15C4E4EDD420D0F00E266E
:107610009504C8ECCAE7E6F9E0C8D01DFFF0F7040E
:1076200022EEEEEEE8F3F1FC1DEB02FEFFDEED29AB
:107630000E08FCE3F2D427992600E8EE2622FABCD5
:1076400024F4FC3116F1ED4A21DE2CF1C212002A9D
:10765000FBD7082D1301FBFEF001F5F7FEEAEED390
:10766000DC2810C2E0FAB0CBFECCE02215D12A21F2
:107670003748E1DF07C8D9EB19290CF309EB1309E7
:107680001AFA081BBBF110FC0F050C26B0E5C9E582
:1076900000E6D8EA00CC00EE22EAF800A3EBB20F35
:1076A000EBF0E79DD1F021FF1AD8FA0CB2E60D18E5
:1076B00030F719DC2FEEE6D4EE0608DAF129BED356
:1076C0001DDEF9F909FE191623F7E508D63104D8AD
:1076D000D3E0B50613F1D612221DDC01FFA3C9F3D6
:1076E00023C9ECEBE38FDEE8E50E1D1F22CC42E65A
:1076F000EAE129042635EED0AEF4063EC20208299E
:10770000E7EEF1F01FE10ED8DEDAD7240DF50D011A
:10771000E8E6D3F9DEE402FAE3D8F8D222F70F0064
:1077200005D026C912D23016EE1C02DE1CEBD900A1
:1077300004F4F5E00D3BF305D3F3F2E637D615E894
:10774000B9E3F2D612F3C216DEB7F9F0D8F4F30CAF
:10775000211922FFF90207A1E321C8E5DFFF18EE96
:10776000092CE00C1F0CCD092018F1F9ECFF14FBDB
:10777000DD04DAFB00EE33E12712CCBED7040C2C7B
:107780000F0DD4D2BBFC1602B1F1E5F11C0DE60BD6
:10779000BCEDDDF1B8270EF0F2CB09DCFEE5DA2214
:1077A00009EA16EDDAF1DCE641CB1DEBE5E7ECF397
:1077B000F9C3B74B2F0721F94409F4E62AC4DF15B2
:1077C000DD14EA3B3701ED1AF915F1FFDEE6D3C20D
:1077D000DDD91245EB1DF2FEF5BF0C0DCCFCCC073C
:1077E000EEDC1AFAE501E5E5DAD9F72FFA15DF162E
:1077F000FEF714D9FEE8DCF530C2FC0FE1EAE0F355
:10780000F9DDECFE1C13E6F4FBFBCD0D241326FC86
:10781000F70BD6D0F91510FB300CDF811802AFDD65
:10782000131DF1DFE3EDC8EED71FE4DE1A01FE06FB
:107830000405AADCF01610FEE3E1E3B80BF5CACFAD
:1078400016DDD62E07D3EEDED2E6D420C8CA1A0E35
:10785000ADF7C3DAEDF4D7F5EDDFF4E109EECF08CB
:1078600019F3E4F2DAE0F30819FFFFFEFECCEB3B7C
:1078700020FEF4E806DD199E08DFEEF3FF1F22FB71
:107880001F06F015C005280F26ED41F50227071841
:10789000F5D914060D1F07F1DC15F500F1FA19D31F
:1078A000C8FEFBCCD41FE8D4F8E0D8FE190ED901ED
:1078B0002920001F00E4DAD42434220013E01C182D
:1078C000E1ED1B21D1140BF5FECCFE15BDEBE1BCA7
:1078D00005F4CDCFF30F130E34CCFBED90E4C62EA0
:1078E000F116F3D20ECFFCEAF8D80E22ECFFD7EB5C
:1078F0001B06260719F7E407CAEAF3D6D924CA06F5
:10790000FFD1FFF8050BF40828D9C9D90B28FAC212
:107910000F19EC1BFE042FEA1B3DB9FAECAADAF5AD
:107920001DCFABF90B89D4BC09120F0913E6210B4B
:10793000050813FA12211DFFB4D1F021EB07D41C66
:10794000F0D410CAE1D7040EDCF4E729232800297B
:10795000F1EBFA14C9F2E1FCE7E6F1D90E122405C5
:10796000D8EB0FE6EACD382CD60815D312D4000791
:10797000D713F9F70509D8E7CDD6FADC27D9F8FCF3
:10798000CCC3E7DEF5D4CC0D0BE30905F2EDE81C22
:10799000271D07F2EAF90EDADA13C6E1EC091F0037
:1079A000001FEB131F000EDA1415C916DC0E07F7C3
:1079B000BDE4ECDE01E02C0415BFE6E0DEF5FA08DC
:1079C0002AD1D8D7BE1A29F9D4F20F00DAFE140151
:1079D000C8FEE1D7B8103DF70B0009EAF9EC04D670
:1079E000E11004E3C409DEE11CF910F2C510DFF573
:1079F00002D9BD26331D0F1F47F4FBFFFA00E82212
:107A0000FB19E42C2F21FB23EDFFFE330610E8CDFC
:107A1000090B1620F3F51D0400E508FBE4FCCB0B75
:107A2000F4F82914EADCE6FA0BFB0535B701D3F8C4
:107A300010100C07F5F8D4FA19DF05FFD3EADA3194
:107A4000E6F2CF0DDEDDD82310E5CCE710FBFB001E
:107A5000EAC508DE04D8F2F73B0EC4C619DAFE0701
:107A6000140E14FEB2F2EE16CD0020F2F9FAF10D6A
:107A70000F10CCC5FFFE21F3D3D8FABFF009ECD329
:107A80000415D7D3F0D415C8E4D7CB0CCDE0F20C55
:107A9000DED7D9DCE60BDCF5F3DA1AD6EBFBF71907
:107AA0001C13E5CCD4F0D7CA1A0508F2E8DFED4480
:107AB000E312EAE60DE324F4EBE0F5DDDD0C13D68A
:107AC00024140018F2D90D1412CB1CE1DD0FEB0FBA
:107AD000C5F108EA1AF7C41C14F813FFDFD016E149
:107AE000E1FAE5BFD2F1F2EC0005C8020406F1D8D4
:107AF000371C062AF4F4CCE80B3821150BD81515E1
:107B0000E81A1823F2FBE4DE1AF40802C8DAC6DD2C
:107B1000CA09E6D1F305FE4007E10FD0C2EDE3FF4D
:107B2000D00416B01AD11010FFF2E71A0ED7FCEAF3
:107B3000FAD307E0FFE7EAFAEC0CDCEAE82DE0E82C
:107B400002CD1814FE07FC211CEEF3FFF3D308ABA3
:107B50002C09F1FF140BE4DE092CECD705C9F1E880
:107B60001000B8C5F4ADDA01D0130FC3E0E412FA87
:107B700004DC23192E191AF3B4E0BB441404F32CCB
:107B8000F0F01BC5D3EB121ACB10F33814492609B9
:107B9000B209CD06B4FBEAFEF1EC00D9EA1835FCD7
:107BA000E6DFE7E3DEFF1C091C0F1FE4D4CB1F2335
:107BB000B4F2F400EA0BC5DCC5D113EB24F044F4B5
:107BC000E4D9FADAFC06E1000ECD01FAC2F0F1F8D0
:107BD0000421F9FABD1A15D3DE13B9C3E15124E02B
:107BE0000919F2F31B000BD938310904DC0BF4023C
:107BF000E505EDDEF0DFE1040DD6B1E712F4F1FAB0
:107C0000F8CFFCDDEA30120906BB0CF905C8FE26E8
:107C1000F0E0D001C0F43DE30109F704F8F30B0BE9
:107C200002FFFEDDE7F3E1DD06D2E304CFF7CFF795
:107C3000FBEEEC343A1B062C3EF118F0E616EBFA9C
:107C4000DEE4DD260B22F509DF12F02421F2BFED80
:107C5000F1F81210DE08FA1301E8F3CBDC1CF7058B
:107C600006E31912DFF2E0002DD9000CE4EAD60E8B
:107C7000092106D4DEF0B5F406F8D7FBF5CDE10016
:107C8000E6CCD323DA00CF1210CCD8E0F2F0FE1A03
:107C9000F1D008CBEDECF8FE053C10080902D41534
:107CA00002D9092AF4D4E2F5F1EDE8E901F9F8F492
:107CB000F00EE924010813DBDB0EFCEECEEB104ADC
:107CC000EBE4F7E7FBFE3CC7D72EEEE41CEFE7E45E
:107CD0002F0E25EB10051B03020719F2FEF8D6F153
:107CE000D4F0471E10EFEFC50406D7FFC9B003F468
:107CF000EACD17CDF2F2E7E3CE1B02FD14B5C6E2E2
:107D000003F1AC022C1304EAE9E4F52006BEFB1EE5
:107D1000E1EC0BC4FEF2081EEC1DE5CFF4D5C02A41
:107D2000F8EBD021A10C19D808180F071DE71F0880
:107D3000CEE611EBE6200E01CCE7E5E7DBE3DFCD95
:107D4000C2F415E1CD0F1930FBF21C0E03F0D7077A
:107D5000E80AF0162814D60034F411F512E2F4F40F
:107D6000CAE7DBDCF6F2E505EE03EEDBF4FF20EA22
:107D7000C4E8F5FCDF04D23BCA0AD4C9F1C65200FC
:107D80000708EBB7E62C04C8B523D708E21CCBE5FF
:107D900017CAFEE8E61A09FD1EEE2510E1F20501FC
:107DA000F9360E02F701E53915F7DBFDB5370C336F
:107DB000E616E2CDCD022D021A03E8C8EDE807E190
:107DC000F7F8D207C6E0D53CD3DCE5EED5E60606EB
:107DD0000EF207A80AF7C5EFF840DE0EFDC2F8E282
:107DE0001AE807BD1BEFE6F6F5D400DFF906F7FD4C
:107DF000ED05EBD30EDB11F5DF2016E9B519E80729
:107E000012250706EA1510D5F92D1203EBFDECD962
:107E100000E7F824EB14C9B719F60815FFAA2329BF
:107E2000E8DEE31F10FBF9F5CDCC23020FD90E00DD
:107E3000FE251F1AB5CE1038D204CA09E61A06E884
:107E4000F80420DC04F0DB2DE0E43504E2E9EBF695
:107E500012F2FEBA17EAC6B5E7EC0EB5F6E2FC0080
:107E6000F5FF0C0CCA0EE500D3E1F704FE21CAFFB2
:107E7000F7FDF1FACB24D6DCE706E314F9F6DDD7FB
:107E8000F7E302E80F1F23BCE604D71A07D20B065C
:107E90002AFDD0E3F0FA42E72A2CD61CEE0C0606A7
:107EA000DDF831FE2DFC0AD90537B0CB1EE90134CF
:107EB0000CF62D2A27120011DEF507C3E606EFF7B0
:107EC00031F6F6030BD5FC05EB12102BFCE2F9F7AB
:107ED000E0CC1021231505EAE51E01151F03FC1D4A
:107EE00036D9241405DFCE5EE507FA1429D7B9B8D0
:107EF000C0E9002BD1120CEDFA06C0FA92DF2B2F4D
:107F0000C7EF1EF20C0F44DCBE0409C02E2DF7078C
:107F10002DFC330518FA16F6E410F0E11E13F7F203
:107F2000E1FEC21216E6031AEEE0FD12E1191CFB97
:107F3000E3F0EBD004031BCBA02BF919D3D5CE0073
:107F4000D1E2E4E64B24F405DDCB1E17FB93F5E705
:107F5000E6FC24C88BFCE51AF828DCFE10FFB216FC
:107F6000ECE8C409B60125010AFB05CAF2D3241CBA
:107F7000F1ECFEFDEE2E281FF9E7ECD4B4DDD2A320
:107F8000B7141BF1D9EA3E3A0F0A1BF2FF09101988
:107F9000FC11D7ED2A21B4D02DF01BDC1C191427BD
:107FA000E5EEEAC5E8E2FA0C050C17E115F201FE70
:107FB000D5DEED2914FBED32C401C5DFCAB82D05AD
:107FC000FB20C8A80B23EDBECC22E01B1525C2EE7A
:107FD000FA19E7D8FF25FC1C1CDE0802C6EAEE18D9
:107FE0009E1C071BB10A0233EEC202D6A452FA2B22
:107FF000FC23B2CECBD40425071A1ACDE5D409F957
:10800000FAFCCC0BE003DD29D10EE2BBD10CDEFD86
:1080100012071FA1D9D8F6F2F038CD2C07C807F700
:108020001CF51ECB0B08EBE414B01EE9FEF4EE0BBE
:1080300002FBEFF027C8FEF8D70525E5D3F6D30EEF
:1080400004FAC803CE141B0AD439EE16DE12D8F295
:108050000B000A1AFF11FCAE1BF01D16FDB323E244
:10806000B2F9F1A4B428BB16D7D909000AEE0CE086
:10807000E0F4392F9DF01DDFD127D010C84822F140
:10808000FD11302CF9F9E92E02E625C4BB00FA02F5
:10809000011F05E928EECEB1E7D322AEE8C0E6D94C
:1080A000D8DEEE1FC902FA02F2F814062AF5D4F55A
:1080B000E013D0C6AB02E8B007EBB324F101F4F74C
:1080C000D7EA16D9E52222F8A809FC05C7CA011E7D
:1080D0000FEBE9F7D4FC35E8EE31CF39ECF8FFD2FD
:1080E0000638270221F223E9012EECA830FAEC3DF4
:1080F0000FD6C727FBF8EA19D8E41CCD0F16DD020E
:108100002507070B07F2E9EAEA121111D5D51DF58B
:10811000D714832BF91DEDFFE6280416F9E4F81FA8
:10812000E4E83701DCEFDCF6D01801FC31D50AE7D2
:1081300081F0F933EC1A0205D214C7E4A1E5291F36
:10814000E3DE00F90A002CF1E91312BF3416E1F165
:10815000200050F913022AF2FE3DE8EB09F213DF8A
:10816000EBCAAB1AF900FF3DC8FDC71C131418F485
:10817000FFE9EBE4FEE1C8FCDE1FFA27C0B207EA24
:10818000CFD214E42D23F91DF8CD0402E296F4D7E2
:10819000D4D327D0B5E4E829ED17D8E2FE01B9F829
:1081A000EFC2D3FBBB011F0F1BDE10A9B5A629012F
:1081B000D0E828D5DC2F3107DFDCDFD8D0B7C8986E
:1081C000CAD320E1D8BCE835221216F6FBEC100128
:1081D000FE0CD22B232FF4F419F4290420150F03DD
:1081E000F40901ABC5BF05FAF51411D318D0F0F5A9
:1081F00032BDE6D81CF4CE1EF9F9E5DDCED821302B
:10820000D633BAC00B2FECB5C829EE17053CDBF608
:1082100005EEEECEFB00141513C519F6CD02FC18C1
:10822000E02CDB22B615EC43FDDFFBFFBE02CE2ABD
:10823000EA30E0D700D60C0C17F218F0FAD714CABF
:10824000D20ED808C6DDFE0BDC12DDCCCA14EC0C55
:108250000BFAF7D3CEEA0311072FDBEE00D0FDF0C7
:10826000FBC213CC17F9D6E917E3EEFE27F7FF0C94
:10827000F1EAE5E425F1F8F9E30510C8E6F7E9EAE3
:10828000FEE8EEEEDD1C0F1ED428D911D8FFFAE768
:10829000E9F90F071EF6D7CB1AF80C06ECBDF6F479
:1082A000BEF4F1E8BD1BDD0EF7D519E0E0D30B02FB
:1082B000FAEA2106DCDD1C0FC3F4AA0AD73611E85E
:1082C000C911F23DF2E6CD0C28BD1EC9CD08E9C7A3
:1082D000E02A06D623FDF2D9E105D1E1FFB3CFEEC6
:1082E000E0F6D625DDF5E8D6D2F9F21C20D0E1087B
:1082F000EC07D011C300DEF5EEFCCA0EE2CC022082
:108300001028160B011129EEF5FAE2FABE00BFDFC4
:108310000BECE905F80F32C53843D03DD2FBF8012C
:10832000022D07DD0E0136EFF013C6C236C9E4098F
:10833000EFEECE011007100B0AEAF7ED1913F9035F
:1083400021F82106F6EBE0D8E716000AD7F4FE0E76
:10835000CE2ABA44F0D4F602F8DF1409E908EB4259
:1083600010C7FD0A110BEEF7FBE1F42D0B08D30B40
:10837000F0E70EE8FA24E2F5EBDCD41317FBFDE599
:10838000CB09FEE030FFEEE1CBFCC5D91AEAFFD9FC
:10839000161D100B180925E9CBA300E3F6E314051D
:1083A000D8FFF4F22AC8D212F9F8CC13151E271BF5
:1083B000B8E5CC0B0AF6EFFA00F2F0DBC8EAC21916
:1083C000E3B9030EE5BDF6E7AFFF11CAD531DB1502
:1083D000D4EC290500170BECF2E9D93724FA1DEA91
:1083E000171A81D2D0200EE2053B072FF61FE111AC
:1083F000FD100924F2FCEECBC3FF1AFAEB37FEE3C3
:10840000E818FDCEE90EE72501E9101E25B4E30EBC
:10841000B6FDE8041DE51A1DC9EEFDC70CFDF8E226
:108420001CE1EA1D22FBF811C9F6F9EAF8DB041693
:10843000E6111102EE3B0E21C90CDC0CEACADF0981
:10844000E915FEF001E2CB15DD2C18E6C90B06F0AC
:108450001E0AF834E248FAE71EFCF7E403A1EEFB3B
:108460001219E205E607EDFED0D4E3D6D62514E1D5
:10847000FCFE0105F7D71E15151502E51D20061493
:108480000B18EEFD0AD3E0C8F6F119FB1ACF04FD74
:1084900003D4F537E0FED2EA0EE50EC0B5CCF8EE17
:1084A000E2E0CB01FA10EEEDE6E02D0BF6FEEAB2CB
:1084B000F0F9ED2806E328E9DFF9FDDBE0BA1FFF5C
:1084C000F5C2E21BD0FA0AE411F7B9F82FFAE0E896
:1084D000FB16C9E9141FD0FAF4DB2B1C4E030CF673
:1084E000FF0823BCD8F81003FCBCD90BFA1EEBEA3A
:1084F000EEECEC2BE0420415E30A09F9EBFEEDED9E
:10850000DB18D7F1F8D6FBEAF1C4041519EDFD200C
:10851000E8F9EFE438F80AFFF80305F4FF12F80869
:10852000BAF919F6DC14DE0114E0090EFC31F90584
:10853000E6E2E607E1FDF807FED2C7DFDB0BFCE66B
:108540002F23EECA1F06ECDBF5CEECE4E112C51CCE
:1085500022DB0BDDF90820E81A0FEDF6E0D6E00A81
:10856000DF0EC4ED382D0C15F227F20020022F2962
:1085700007F0E901D0E8DFC6FB0709EBE9EF0E11D0
:10858000F8EA1717FF06EA050BFFFFF8E6F2F9BF56
:10859000231E11BE0CE1FBF1E8E013DDFA04F2F555
:1085A0001CF9DF1DF718121B09FBF22201E319ED7C
:1085B0001C0400E9EF0EE0F4E6DED31707F50CD853
:1085C000CCEC00013008E9EDED00FBBDFEEEF1CE94
:1085D00011061112F1F21D00E6C5EEE10BC72212E1
:1085E000B9DF07F417CE1DEFF1F1E21A11E704FC31
:1085F000D6FECFEBEB11EDF6D1D3E2FEBECBCF151D
:10860000F7CC10F7D9E2121492E40EE6EE1EE6075C
:10861000DF0414DD0E1CF8F6D3E7E820FCD80301D4
:1086200016F2C4D3EE0314CD0E27061B0527DFEE8A
:10863000E508010CE0EB01E7F116FEEFFB15B4F2E3
:10864000E3041AE3EE04F11F0C06EF1122B7FA134C
:10865000E4CBD9181FEC1F14E301F6BC1EEBE211AA
:10866000F9E2F91A1AFBEF1DF513E619B4CFFF086A
:1086700000EE1D08052D1D2DC628B71ADDAEED181C
:10868000F812DEEC0FDDAD13D30911E1EB1AF00B9C
:108690001909F744013CE0102009FAE718ADD3E0CE
:1086A000F5F7E002090FEDF6D9FAFCCFC730000369
:1086B000E1FAFF130BD810EE1A160BE42303EBC0FC
:1086C000192728181203E5E8FDE515F41DEAE4CDA5
:1086D0000F00FD23020A1CEEECDCF8CCE1BE01D950
:1086E000E4FCECF11C05FDF1C3EA2402FDEFDBD054
:1086F000F505C42A0005FEC4DC05D5EDE5E4130B41
:10870000D4F7DFE2EB00F4FB09EDF1C812EAE7FB76
:10871000E928EAFAED18DFFED3FC18FB31F205EA8E
:108720000600142BA5FF2900F0E7F9FFE814DD1E71
:108730000EFFEE16051AFDF905F40BE61BEE1DF013
:10874000F716F50BEDDF00D0F7B9FFCF1CF8DE040C
:10875000F608E2020B03F50A0909E9CBDE0515E18B
:10876000C5F21904D30FC4F216ECDC1F110EE4FBA2
:10877000EFDC0C03CE210F0FBDE9D004E8E8EEFAE0
:108780002F0AD1E73508FEEBE6D5F00027120212DA
:108790002FD709DB0FFB00FF1BD9F406EDE4F0FE39
:1087A000CCF6C5E930242314FF18E9ED1B041DE1C4
:1087B00019B7F2F9E604E4FEFCE30BE0ECCD11E7B7
:1087C000E10A0E08E8F10CF10713F7D0F6D7F9F536
:1087D000E6E917D9F0EE23F7E2F122E1D7F6F0E768
:1087E00023F9F124E51718FA23FAF628F00B2001F3
:1087F00016FF09CAF515D2D2EADFB1101602EBD482
:10880000FBEBF0090013EED0D815F6E301161603C2
:10881000FA0E251E01D51BF4BBF8EEFBDFD80E23A4
:10882000BAF21DEA0EDFF2F5FE0BED0A2EECCFCF09
:10883000FA0FDDE9ED15DDE9CCEB12FDE2DDD0FF4D
:10884000FCD429F1F6E5F1E1EB15F1FCE61FF72187
:108850001E0A06FAFCDFFEEAF0EBD5202AEBF11146
:108860000BEEEDE7ED1509FA0E14EE17FE2BF1FBFA
:10887000BDFEEB1CCCEEE9DEE91917FF1C0AD3EBB9
:10888000ECF5FFEAF10EDE1A1AE40A033ADDC2F94A
:10889000E0E2E529F4BB190FC61CE9E72C0AF80A47
:1088A000EDD3171907CD121BF7E6F712D4DDEDDF74
:1088B000CEE22AF2F1270721E40FFF0E16E7D818BF
:1088C0000508CFE4FAD20F07CBFBF0BEF511D008B4
:1088D0001A08B935E21712FD0FF729F5F1B9C8F4F6
:1088E000E503E30CF81F03E7DBF10EBDE029E2002E
:1088F000F4E8F61BE7E509DE1925FBD00FE3FFD905
:10890000082D2B22D304F00AF0E00400FBE8E7FB7B
:108910001727FA250C0606F5F8FDECD9DF03E6FC6F
:10892000DED5F7F91AF807EFED0417E4E4FC01D6F9
:108930000B27E336040AF5E1B22ACFFED6B807E4E6
:10894000D713E3ECCA23EE09EBFDE6DB23C8E11500
:10895000E413F619010ABA04E3071D0521F015F026
:10896000E0FC1617D0FA1DE6F4E9F4D6E808F71F84
:1089700021DFE2E3EA23E7F2190B11F1D1EAEC106F
:10898000E522FBF0EEEC19FDFBD0E2DF1DF9CBDEBA
:10899000DBFEFDF90E0802FE0E19E5F6DBF4D6D774
:1089A000F8EF1019F1EFE2EB131F0FEB1705C8E01A
:1089B000E6EFF717C61F0AF6F7CFCEF4EFEBE1119B
:1089C000141519D610090427DFE8D007000BE802B8
:1089D00001DC15E815CCF401F6EAFC04E5070BE828
:1089E000EED9D20720161819E00FECF72A072EF45B
:1089F000E2BFFD1AE1FFFEF2E715E7E1CCEFFAF086
:108A0000E71013E0D8F2E9DDE5ED01DEFBDDF6FD70
:108A1000E4040AE7F9011D181DE7ACC4B0F4DD0158
:108A2000E311E600E906CDF8062B09B9F40905B70C
:108A30001705FFCFBFA8D7F8E6CFF0CADAD103E118
:108A40000AD1A9A9F7B5D1CBEFB0FA3A01FD33E5C8
:108A5000B6B719F3DCB0E6F310CFD7190330E30152
:108A60001A0420E3E035F4DD3E27E2CF08EFFF11E2
:108A7000C02CF8D411E11AF413B9D7E71EEEF4EBC9
:108A8000362927D1E6D12F1B3335049AC715F0BB01
:108A900004DCE700C2C4EDD9D50DB5203E243AD799
:108AA000C30C0DFD0C2BAC332B2B261ADD3D111600
:108AB00013B5D026E9C7E91915D3BEAEE5CBFCCF77
:108AC000D5AAEBDAD9D445A1C7EB26E3BBFCDDD7A9
:108AD000241FD11DBAF4051DFB20CCF7B9E3D41334
:108AE000DAE515E3DC03F4E7260328C08FFCD300A6
:108AF000BD332DD5D719F7C01916D1FF200D10CDD4
:108B0000270931F33CF805BA29E2F249E5F8D5EE38
:108B100009E7F2AC20B70140CCE9F42C31BD1DC00F
:108B2000F6E116D0E7D730E0080908CBF4FF0010D3
:108B3000FF31B7343DF6E3068B27B026C6E7FFF3D7
:108B4000B6DCD10A1526EAC0F7FF0DD7EFF00D16F7
:108B5000F724E1D9F0DD03E50CF4D1E1FCC7ED1B0E
:108B6000E2CC20FD3AE51AD4E5D510CB1B06E1EBAB
:108B70001E0127270AE3EBC7E5F4CCFBACF01FFA94
:108B8000F2E208CA0AD9E2CB3EEDEDF6C6CA190EEA
:108B90002DF60042FFF30DE6DA1612FD4915EBEA59
:108BA000DE26F4FCBD0DF3FA3A2FE3D416EB00E613
:108BB00006000ACCD7FD060010E312EF0CF4EE3EDF
:108BC000D8D7E526ADD4DAC8AA1AC4F0131A01D949
:108BD00008E5EEFCFBE20424CCD006042610D9FC08
:108BE0000506EF04DD96FA1612E91A01EE1B1FF7CF
:108BF000092304D40DF8A7E62711E010190DDCFCB9
:108C0000E3051B2BF7F2CAF8DA0CFA31B7B2F31E00
:108C1000E11D2CFFFC04F01FEA2CEFEA0DD4D3C8B1
:108C2000EDF7F6BA01D833FCE69C151BB7F0E0CDA2
:108C3000FA081BEA041230F0BAC3581703DC120E0C
:108C400029E2D5A70C351A3C281F10E1DD1DEE13D3
:108C5000030E8F0CBABFD5D72DC8B9BFCA121BE5FA
:108C6000D7E5D7F728FAF7EAD7042BE2C4F80C08BF
:108C7000B9FC1FCBB6B2DDE3D8E3F3E1C7EBEBBA47
:108C800005C6D5D4D0CBD3A9D4D4111700F83D173D
:108C900084D908F6F3B5C6E309E3BA0609F7D7FFA6
:108CA0000CE7CDD8C01BF0CF3D16CDE1D0D547FCA9
:108CB000DC1BFB031291FBC60EE5ACF317DDC2E033
:108CC0002B0A10D91EDACA2617EF1EBBCFEB09DE1E
:108CD0000DBF2035C7EDDAEDEFF3CB0D221B12F6F9
:108CE000A91DEB061F0D9A243415232BC44CEBCA87
:108CF00028DCEDF409F70C1F3AD4E9F70E01FA0C61
:108D000000BDF4D0F0DE47A8D1ED39C0AAD505AC3E
:108D10003A0104FCD8BFE1031928E1CDB5ADED015E
:108D2000EDF430FAD80513E506EA13E5E2E6F805B6
:108D3000D42B4ADCD815F6E1E92CE924430D0EF7D3
:108D4000401A0AE91DBAF7A71DDD0319E209D4206C
:108D50001928E2D110EF2F31CCEDF31F349405EF39
:108D60001B1122C046BF09D9F3F6FD00FBFD06AD7D
:108D7000F3FFB130F8FBFFBAA8F6121AAA0E08EA00
:108D8000B4F0ACD5310DF4EAEBC628B6D9EBDD135F
:108D90000C1FACD1CFCFF0092FF0D3CFC6DED90452
:108DA00003EE09F2E2E51BE9F6BD1AFB1BE6EE173E
:108DB00001F2171301CCC6E0C4EDC30DCFE3DCFC18
:108DC000DEFD2CDAFADAC2D1280511FBE7E7110043
:108DD0003D151D2C131BF0A7F328EB17331D00D5F1
:108DE000F222174FE0EE23E21124D5CA0EDD100166
:108DF00016E006D1DA0C1AB6DDEA0E0606E0EE3D04
:108E0000FC0AD826D5DCCDE7CA1DE629293C0AEFA5
:108E10000CF6EA33EAD00C09FDD9012734191023E6
:108E200064C69FD1FDCBEB10FAC00E2CEA0D1508DD
:108E3000003A2FD0111091D00124D0061BF6E91270
:108E4000130D174AE6F7CD35AEF4F63CE9B4EDC2A2
:108E5000DE001BF81212E920E50504E320FBF7D73A
:108E6000C0C209DDDCE03106EAEE2411C609A5C462
:108E7000FD1208E2F3174AEDC6ED311620D508239E
:108E80000005CCB7F8EB2730430917C6E220C3161C
:108E9000E9EBA430DDDAE2DCEFFDCBE5FF1011E712
:108EA000D3BBC6E31601DDBD0505E7BD9C16E31F78
:108EB000CD06D7E0E298E04BEBFA04EBB0CF08AE7A
:108EC000F2AAE1EFE3C7CDC406E7110901E3191ADD
:108ED000D3EE0ABF19CB8DE6F6D0BAF2FF11CF0858
:108EE0001BF4D7D5EA1B13CD2B0ED70CFDB60315FB
:108EF000D022E613FAC2DEC3430DC7E91EF3FF2DED
:108F000043EE2417FFEAD9EE24CD38ACB1EAE215DE
:108F100028BA0C39E7FF08FDF8EFFF2316DA24D949
:108F2000BE3CC8F6F012C3112D424326BF61F7D0F4
:108F30002DC4DEF0FA29E9F61EEBC0B7FA0AF409EF
:108F4000EDF0E9C2EDB127D8F0D529E1C7C3BD3AAC
:108F50002FDA0ED1FBD1DDC21346CAC8D0DDFCE149
:108F6000C8062294DC080AE305CA17DDEDE0FFFC21
:108F7000E623330DED1016C0131D06E91EF824FD7F
:108F80002D0306D50CAA0584260E0660F6CFEDDC6F
:108F9000EB08D5EE12C2FA31E1E224382FD31DF7E7
:108FA00033D1FFD7289615D922FBFDBEA4D92FBDFA
:108FB000E0159A08E7F4D1DDB1EDC30DCB23FCD861
:108FC000BEE3A8BE2806EBDACBBF23DCFDFBD3EF64
:108FD000F329D3C8B6B5D8F627F0D4BFF3DA242BDB
:108FE00017CF2B01F0CF0DD9E7D808FD1EFCE9DE25
:108FF00009F8290DF70ADAB68BD9E217FCDEF3E29D
:1090000010F2F0EBF7EFD8DC43E304E61BC803FAF9
:1090100006340823C000FCF3010CF817340E0CF6DC
:10902000FA0946003EF005D41E19E3CAE5BD01F277
:1090300024DDFFD7E51DEFBF06FC11D40AF606417B
:10904000E0D0D412D8D5AAE3CD09C624E258DEAECA
:10905000EEEACD03F4C0F0FBFDFC04CF01EFD33109
:1090600020FAD5BE0A06F80812FF1312EFFDA1F68A
:10907000F82824C313DE81F3FD08DC03384FEBBD71
:10908000E206291EDA23CD09A415E62F04EBCDE66E
:10909000D4E923EBFDF3F303DCD7E6FA24F6E6008C
:1090A000EFFD0DB2D7EE2FEDF2121528B206ACCCC3
:1090B00008BE1FF8E9202006BD0831F301F427118E
:1090C000DDDDD8B71317044B1DD3EAED9C1F0A034F
:1090D000E1F2E6F7D3BFD5D0F220FA37190426C65D
:1090E000D2C610E9DFE3EFFD3EF0DD4AF9C9042600
:1090F000D3DDF6C32E210440EF0C03DF1714FDB6B9
:10910000F3ECE6E7DC1ED20CBCE0EC23E6B1DA2B94
:109110002E1609F6E5FAFDFDDAFDD3EDE6DD301B8E
:10912000CC0A04E30000D5EAB4F2F7E2E6D9C9F2CA
:109130005FE021210EB9F3260DE704F41A26E3F0CF
:109140000DCBE2E51DC231C519CDEFF00C2B0ACBDA
:1091500028FD4AFA301BEFF7E22E10C9FCF60D305D
:109160001EED2E10F9010CD6CC1631CDD0EFA5C2D4
:10917000CDB803DCFABFE0E71E24EC004801F4F4AC
:10918000E22BD2B48ED30D0609A721012001C238EB
:109190001B00D210FAAB20EF19063AE320C6FA31D1
:1091A00006C31B1303C30A1634DDB627B2E9E3C9AD
:1091B00021FCF448B4BBBCE9EFDDF317CC28AE17B3
:1091C000F928CC24EFB1F20E0DF001E3EDEAF4C37F
:1091D00024FFD2370DDFF9EFF6BEFABEF91ED90330
:1091E000E9DCC800F430D6F40100EFE5FC11EAF741
:1091F000B5042111D6F6A9DCEADDF3D001D910C9F6
:10920000EF2E27C5FDF2ECE0DD1731D942CFBCC00F
:10921000C309DD03F9D51A3AD6C6FF0D31D0160CB5
:1092200027FCC6E309D21E19E7E33D2BD3E2CFD0DA
:10923000ACE0ED1A2A0EE3E9B2EF1BB1E3C23DCC7C
:1092400013F4BEEAD60AED1AFCFF58D3D024032E3D
:1092500000130310EC0CFC35AF0D20F3DA23FFDF15
:109260002320E7DF2706ED170EE3ECFA0D1454BCBC
:10927000E7D9E5200CF9D5F6E21914B6E2FDD64B94
:10928000172A2ECFCDE634EAD3F994D823F9E92D65
:10929000B535F413DCD6DAF3F41AF334F70D0D0414
:1092A000061E2BE3C5F0E7D007E21737FCF3E7F221
:1092B00034F2C5F6B61721BC0CCFB211030EC3ECC5
:1092C00023EFFFF2F23116282310D63DD5E90DE544
:1092D00000AEF944E9A40DD8F2EAD6DFBF28DC27B6
:1092E000C2FA3D09380313194CC3DDF3D9D3E7148F
:1092F0002BE00033E53D24A4E313E2E3F93AF7F46D
:10930000EDF610EDE6F3DCE7C0FAFAD533262D1BB7
:10931000C63104C2130EE50AF9E9172617D809AEBB
:10932000F01309EAD2F0E00A4004DA2E01E6F02B4D
:109330001DEDF3C603FD062DD910FFCC200AFFD08A
:10934000ECDDE5DAF30CE6F4D016E6FDD2C8A20EA9
:109350002D17F9FDC0E7F7DFCF0126DFC0F00E279C
:10936000E6F7070711F7CDCDDCDCE0F0BBB4D6CDD6
:109370004CF91403F0CF0320FDAF1ADDE0332B0AC4
:10938000E5EDC5F6D2DC0EC801D017170E3EE73763
:1093900020B53BFD24FD09FAE00117FCE0DD0927BB
:1093A00033D53333111E1D8EF7C217D83DFFA7F7F3
:1093B000C0BBD90CE7DA01F6FD20EC19370EEF1A25
:1093C000C304E3E5BF0ED20311F0DA100126D62064
:1093D0001B13BFEFF3AB2AE919FC2BDD2AF60CFCBB
:1093E000FD13092417DC04F201E0DF1B911010D9F2
:1093F00020EF1D3ED6A4F9D6F6FF06F0FF2DCB0ECA
:10940000BB14111BE6B4DA13F3C8D0E7EFF4BCCCFD
:109410000DC0E3FCE7FA2ADFDFEAF4DDE524CCFA4D
:10942000E6EFC3010140F40024FFE5F3ECB4ED9B4B
:10943000CD071A14DF04D2EC16E2F2E9230E0EF483
:10944000E21628D5E9F3E3C2FA2B202026F010C853
:10945000DCDFDDCDCBF3F0130EEA06E624E51919C7
:109460000C00FA0320C2260CD2E91B45D5AEECCF86
:10947000A5FDFD0AFC30CBCFE01A26EC13B4F7CFE4
:109480000982DDE9BBF6F6330CD53BD5DAEF0419DA
:10949000E31D13FCEAFC0E359F261700C227F9D8FE
:1094A0000711EAFA0730133401F7FDEC0A1A35DD2B
:1094B000B1C8FA2DF4210AC9E70E19C307F29F0DAE
:1094C000DF0934E5AC9C2AD8B6EABB0C16C3382AAF
:1094D000AF1704DFF3F7BF0ADA0C000DB8F610D8A7
:1094E000041621FCF6FFFDF304201120E703D5EA62
:1094F0002BF6B2DFC8FD28E61DBC92E3BF30C2DF09
:1095000013C900F71617132B21EDC816100919946B
:109510000DBF0E2DF0B810E221D6E0CCC02BCF2726
:10952000DADA2D092709111433F9DC10009ED8F07E
:10953000144BE616CDF3E7ECE50EFCF4172A00F722
:10954000A8B906DDDA04C0CDB9F2F3D60DEF0E3EB0
:10955000D3CDF0AB11240AD8D0EFF2CC0AEDE2B5AE
:10956000D3EF3310CCECB6230C0A0A30BFA8F014AA
:109570002BE001DDF70914F9D919E3E70A2DECB264
:10958000B2D3D206B51903D2C8DCFD17F7A4E6138F
:10959000300E10BEE6D5EACBAFF71ED6D8E01316D4
:1095A000FDC9ED142B06DCE0C3D316FAE2EDE7F6B5
:1095B00040F921EDF7CFD02AF9D816EABE2DCF1009
:1095C000DDF4D61BC5DA0CDD14A5CBBB1D2DD32DC8
:1095D000F9CF44E50CF9F4B920E700E0CDDF062629
:1095E00021DA1737D31E0CD617F7EAEF37F7C91A67
:1095F000E7E0CD2701A5EFE91345FA2D3407AF21A8
:10960000F6E6E6F2CB13DF1AFCE9E31010B4C3CCA4
:10961000DAE7AEDFDC0C3A20FAD516B82424F6EFF0
:10962000ECFF092A0CEF14E013D0CC2AAF423D4CDA
:10963000E9E3EAF7E9D216CBF0C0E2CC1B2AF0103E
:10964000D51E3111FDBCBC24F3E7ACD3FCDFD5D66D
:109650000617BF01F40020B9D9FFFD09F61DB9DCDA
:10966000E9E3F40CF226E3E7F20003F7A7E0DFB149
:10967000E74528130D1AFCCBFFC6DC173517D511AB
:109680000D0D23F60AE3C2FFB84121352BFA1BE585
:10969000E9ABCFDCDF0913060D31EF00FDCF130777
:1096A000D9E51B0116C31BFAC8E3244EBBC9AEF7AC
:1096B00088F40D133410E7C2D3211DF91700FFF20F
:1096C00027C5B6AFD207CC45F9DA3B19D5FAC6079C
:1096D000EA23F9ECD8F7172AD524DFD8CF3A2EF4AD
:1096E0000316FCFF09140C1620000EE54F033DEA9B
:1096F000D291CD66FDD8FDEC0E0A09A837F2D3EC65
:10970000E9D833E5A4B623269CFDCB0A07CB101974
:10971000D5FDFDBFC6FA06F6D8F0E700C2E50AC8D7
:1097200041E924F6F90CD2D6F413381E07ECB9F649
:109730000321BF0EDC0128091AFAC6F3CB1ACFA900
:1097400014D8E0FD173AEF41B2F713172D19C6E50B
:109750000CAC171BF4D9DFCCFFA2DDBCC033CB218E
:10976000C5E2112424060C1D1BA90EFA0EFDC3C868
:10977000FD23F6F4CF01C8C6E707ABE21D0CF20DDE
:10978000BFE317B6CFFAD3E3F00EE5CB19E70A45EE
:10979000B2ABF38116E91AC9D20FE5020507BDD9AC
:1097A0000EDD01F122DD07F8E814DEE5120DFFFE03
:1097B000D31F1F14E705D7F0DA21FC01CDC6F03620
:1097C000E10D0AF2BB1BF7E8EFE7C5E6EEFC04DEAD
:1097D00004FC1EC80D26280BEA14290FFDEBFB0321
:1097E000D8FE23F2EAEFEC07E90D0CFBF9F00504D3
:1097F000C1FC0B020EE411CEF415E9FE08EBF2DF1A
:10980000F2FDDCE50B093A07E80A14F7DBE907D3B8
:10981000ECEBFFECF503C90FEFF1CD2704D3DCFE31
:109820000225D6FFA4CEE7D00DE1E4E80118EAD680
:1098300004F7DF2DDD05281DE8CF0D00F3F1D8EC8E
:10984000DFD5BF0FF8122D1B1AE7FE12F7F003D673
:10985000EEF5DDF2021207F81F2614E507F508DC25
:1098600003C2F4112F17EB09DDF2D0050029CB1D3F
:10987000C0CF0AEFB9F750FBD9CAE7FEDCD005012B
:10988000D3150AE4F814F0BEBD15F605AB0ED009E9
:10989000FED7ECDE08221C020AF5040803F602DDFE
:1098A000EFF61AF214EBF308EFE4DAC5F32D07F63E
:1098B0000E00F8F6F1D717171D162DDFC4EC12EBCA
:1098C00002E9D526EB10D34F0DE6FDF6E9F61B04B1
:1098D000C662F0F5EF2914DDE80AF8FF0F10F6274D
:1098E00001C6E911D727E8ACD600D3C51BF208D3CF
:1098F000F20FF0E9E1F334CCE602310CD000D11ADA
:10990000CC040F021DE8F2B71E330011E2F9ECFBA4
:10991000FDE6F304EAEAD8EB12E5E23014DF0DF3DA
:10992000DA07F2C44CF0001CF9F2F4E601F6D9D5DE
:10993000E60412E2D8E21819170BBD2D042A25E31C
:10994000021FD2ECD7DFDBE2D900170B10EEDDC22D
:10995000F2161104E812FBF1EA141897CECAD735B3
:10996000DDF6EC26B618FC021CC405E726F62E121E
:10997000E3F1EF161A01C000050BF61E1FFDFFF6FE
:1099800024F2D6FCF9C235DECD1130050422FD0FDC
:1099900004DA15DAD0EC2415C408EFD112F3E1C9CA
:1099A000EE02F5F128E61DBC0E1FEEE8FCFDEF26E9
:1099B00011DAF0E907F2F7032503E7EFF51DFCF2F2
:1099C0000AE6EEE4E6E71EE208FD07FF07F0F2F71D
:1099D000281BC30A0009FCCCE7FFEF07E1E1EA0D11
:1099E00038E615FD16B4FCCCF221E5EB012DD604CA
:1099F000B927221CD9ECD6BED60821ECEAD6F62629
:109A0000DB1527EEDC1CE416051EDF03FED0F6DBBB
:109A100005FF17E219172DF59A0B291215D912E92E
:109A2000C11EF20EEAC9ECE3F3F204F9160EEC0DD6
:109A3000DD09113228CC0FE11C19E30927DFC0F83A
:109A400005E2CDE4291BDE23D21BE3EFB2BC1DC52A
:109A5000010AFFF1F7FEDBFFF3FFBC1A16E4F2D2B6
:109A60000725F3EEF3D8F2E6E6F41ECC02F61ADD93
:109A7000EE08C20DF81F171BBEC812B5D5DDC6E72C
:109A800031E4B51CE2F9470402101C3D0DDB0AE588
:109A900001D002E714F5E5F417090A0002D0161BFD
:109AA00000D2DC09011012EB0B25F4CF12E9EFE92B
:109AB000A6DC0210C8FD3123FEDBF3BC03C91ACBC0
:109AC000FD15CCD8E31CFBCDD91CF422E71FDE101A
:109AD00003DBDEC1070D1D01F9D8F21A3DF8092F8D
:109AE000FBFE2800D2E9D8C9ECDEDADAFC23F60066
:109AF00010EAF6DA12E6EB19171D1B02BB251FF858
:109B000014F7BE2E1115F526F3F0F4DFE5F4031576
:109B1000DE3F07F6001C3BDAE101EA170CEEEA1221
:109B20000EF8E327D705DDB3F9D1E8F129CCFB0323
:109B3000EE03FFE809F50ACBD0F64805D6E4F10DAF
:109B4000DFE2FDEF16CED5CC1623DBD8DE08F20B14
:109B500015F2F81022F9C9F129F0CF3E21CAEAF630
:109B6000D90AF491FD31E9FBCBF80400DCF5E6E11C
:109B7000CE091BEACFEE08D61F1AD71EEC472AFBE8
:109B8000FB18D517F4DCD5FCE20419F5150BC3C29C
:109B9000EA19E1EE16EEEBDCC1E30EDFEBCAE13CC5
:109BA000170DC91AD3DE21F81FB6260135E5080FB7
:109BB000F2FB0AE823FDB3D7E912F81A1E0F0B2FA8
:109BC0001FE6CB14F2F716E7BFF812EA33BFEA023A
:109BD00026DD04F9DCEF2D11E602E7F10DE1F6E9EF
:109BE00023ECD2F816C616D70D240111E4FCE625A5
:109BF0001FFEEA08350EF40B0407CCE3280507C561
:109C00001AD9F6E547EE17E6000C080900DBF9F76C
:109C1000D729DD120CEFE3DAEA0A030524F5E3FFA6
:109C20001FEC02F402BB01F2E12BEECF1530AF02C4
:109C300081FB0516E2DFF0E61510FB10D8CAF60F1F
:109C4000E7F02900FD07CF0E0903F20426C4D6D29F
:109C500008020CF21A1F3A03CD0E4B0D2FDF0C2316
:109C6000D20FD518D80733FEF0EEF0DF0015E40F61
:109C7000E3050A3B19BFFDDC2415DA071503CCF414
:109C8000ECCAEADA141EC207CF0DE300C29618E64A
:109C90002411FF00F2D7CF21D5F1EEEBFCD6D5E2AF
:109CA000EF2EBB1903CCC30AE50027B9FEC321C5BB
:109CB000D10EE2ECF8002901E1A6F2CCECD3E2E10E
:109CC0000D029B309FCD091F0E1605F50FD21C26E5
:109CD00011C316F11702EB0438360E1DF7EE0B35E3
:109CE0001BF4F101141908E7F40DDEAC1426A6E10B
:109CF0003BF0DEDAE5F00D03CCCA12D9040E18E809
:109D0000F544E1F22526FED6B70EE235031BC62642
:109D1000E4D503B1F70F1F1422B4DE0255E5FF129C
:109D2000F6EC23DFE2DEE80903F5DAF111120007B1
:109D3000E3EEE2E6F7C4E5DC222A12D3FDE611EEFB
:109D4000D129AC25EC14E82316EBDEDDBFFEF3F4DD
:109D5000F33F11DBFC0532E8EF18DE2D1EC80C05C1
:109D6000CCCF0729D201DC172B02C12649E303E13E
:109D7000F8DB0B08FBFCE1F0DAD30E1DEAE90D007D
:109D8000F4E910F21DFCFEDC1426121DD815EF08B4
:109D9000E9D0EE2516E3E51210DEFE4FFFBCE40429
:109DA000F6F7ECBD021EEE1BCD011E0ED2BE05C99C
:109DB0000FF410D7EEBB18F60916E11CEC1D47AEE8
:109DC0001422D92BEAD9B3BEEA172BF30826E6F3FF
:109DD000F817DFE70002D3C3F8D70DEFF1CFF45047
:109DE000F9E6E412CCDEF418FDFE14EF2DD1F81ED6
:109DF000F9ECFF0115FDCBD7F210F9F02312DE4785
:109E00000CFCF5D9D8E81DE2FDD527DF42D2F504D8
:109E100034F6F3F3D6FC1408F134D5D1030AFDD897
:109E20002AF8EACD34002BCBE5EAFD0DE8F7EA1677
:109E3000F8C0F5EF043514F82FEBD3511E151412AA
:109E400010CCF0C540EF19E3F0F719F2D8F8F0F7AD
:109E5000EF1CB9021708D2D0EEE7F2FDCFF30504EC
:109E6000052326051CE2E618EE05B7E41918000FD5
:109E700000C215BFF715DCC5043AE6FBDE1FA926B4
:109E80000306EE06F50DD905C4FCC919D1FBECEDAE
:109E90001801E14305343901BDEB051F14FD01082C
:109EA000E20A15F314ECE7E4C227ECEE0FC0EBCBAB
:109EB000CB28F1171FFFBAF301FCFB0EDC27F831AA
:109EC000DCFD35E60EF334D9FB3A17E4CBF8E9E4D0
:109ED000042FE6F5E841C4F51D0313E6E7ECFDECBD
:109EE000E3E4ECE1B7F03AFAE912DCFBEBDEE3D9AC
:109EF00004FB12F5EEFC0435E4FCB57BD1EBF83B3A
:109F0000F137222B451D010944F51A2C0BE9D5DA4E
:109F1000C4D1F512F527FAE3D4DFC50809FB2BC03D
:109F20000AF0E703ED3ED50ADD0BD8F3100BA508C8
:109F3000FC081500D01235011CF8EED908C7F60050
:109F4000B51227F0E3F70501BDF8EB40CF01E8D3E8
:109F5000F3DFD01937EEE9E7EDEEB5FFE303FA2BB7
:109F600017F7FCFA30E3DCFFD71901FF09E2FC0523
:109F70001CDC0DDAD8F7E60B13EC26F235C61A1DF9
:109F800010E41328FBFDE2FC18B5F5BD08D7FCC2B0
:109F9000EDDE18F0E12C0400FFE2E8B3C208ECECBF
:109FA000F0D3F13AA01EE2A8FF1EE9F509EB24CB9D
:109FB000310E2BD8E6230654B5E1C917F5C5CFFB02
:109FC000C7E8064509D1FCCAEDF00BED13BB011241
:109FD000B8E61DF81409AEF624DEE10BD1CCC1E1E0
:109FE000CFEDD7FF260FBC1DF6F114EEF51DCBDD2E
:109FF0000AF7FCC6B523E209EDF7E9301EFFF0EDE4
:10A000000109E70FF84BFB1A2D011319FA191E93DA
:10A0100035E4083C0BD7DEC21CE6CE812108FDDA10
:10A02000D9E215C1A30005DF3CE6E923E2F51026DD
:10A03000AECC12E41D242D14090D37E300EB2BE305
:10A040001903E6D3E3FC0E0ACB0406DD14F122D596
:10A05000F32CE30ADC10151DF3E3DEC408B5E3FCC2
:10A060000DF5F2E1C1E8D4C2E6109F1C274314F8B5
:10A0700035F60E04F10918E929E7F7CE039FDEFB58
:10A08000294317BBE1171D23DD9EFCCF010AE2C661
:10A09000DFE7FF1823E924D415E4E813FC180F05C3
:10A0A0000A1309FF39F0EBD4E6F1F3D41A05C6F729
:10A0B000CFFAFFAEE315E7B6FC23060AD31CB5F1D1
:10A0C000F71D0901100BD9EDD70BDC01E3EBDECA5C
:10A0D0001AF1CF22063E2D12EDD9EB21E6D113FD68
:10A0E000D70BC229240101F8B821E7DF0940E3CEEC
:10A0F000E90D0F3E1F0BD9190D3013DE3CFBC7F1E4
:10A10000C7E834E8E1D5B6EDF827E2F3A8D1DDC71A
:10A110001926F3FCEC4BDCF1F8FD29FCE3E61AD53B
:10A12000F1F0EE0FA2B53608BCE9D905E9D72CF05D
:10A13000231FFF06E919F513D9F2A8D0CFFCE80ACE
:10A140002B2D031C0FFD1FF030EBFA0B04FFB0D3D7
:10A15000DEA80B10F30AE1CCCBDEB7F6FCEB292F1F
:10A1600010EDD10FCC28060BF814F2DE2822C9F529
:10A170001813EE08F0EE01F83C22C6F731A428F6D9
:10A18000D12105F3E10E3208DD1A0E320904F8F888
:10A19000FDC5CB153E08FF261215C0F0FD2210FAB2
:10A1A00015EDFD1515EEE4F2DF14F2DA0FD5031C00
:10A1B000FA1E0FC0EEF8D4F2FBC423EDCAB5032B90
:10A1C00005EE212FF0CFD9C119ED0BF01E0ECAF10B
:10A1D000F8EB3A14F5030ACAF3F2EDB5ED1ED9ED2A
:10A1E000FCE21E3C9AFAECE60A0A08DD0B1837E698
:10A1F000240A27F0FD1A144AA5F3B21D19F0D9EB71
:10A20000DA3F19261CCBE1E6F504B304EDCFEE13DB
:10A21000CBDA24121EDED4FD28A9DE0F18CCF79D60
:10A22000C1E9DEE2E928E429ECE114F7E619F1C41A
:10A23000F3CAEDF3D414E805ECEEBD142205E2E117
:10A24000F812D901212FFCEE2CD319E6F019F7A54D
:10A2500018D3013A21E4BC87C7DED9B0121CD81E3E
:10A26000F1E815ACF0F705DE321CE9F60BE70E4518
:10A270000ACC13ED1DBB21FFE31939F005F82724A3
:10A280001DF8F3E301080AF71C0801BCFCAE36DE3A
:10A29000C214F61721FFFAF701E4BACF26A90A0D76
:10A2A0003B03E9ACCED5DABCCE01D80FFD2C0503BB
:10A2B0003C063408ED17D9D126E2D71F009FD008FD
:10A2C000242309D4260FE914C7CE2BFFE2FFDEDFDB
:10A2D00003F02DE7F2DE27D905E7CC0EE7EB2C22C1
:10A2E000EE22F8E8480022A9E410DFC23512DEEEC3
:10A2F000E7D0D5BCFFFF00D40117E1080F00C1FC77
:10A30000FDF1052D1021D4F6F2DC1DEDF30AF299D2
:10A3100014EDD9130B592F05DEEBF312FCD812E222
:10A320000406E824270FFDDD13EBC7DF1521DAE86B
:10A33000D900F54019FFCBC90A0905E93229DDF832
:10A34000BBFC19E2F7E8C6E2F118F3E3C6FBE90546
:10A350001C0AE6F7F535AD00F60118FAF2F821F718
:10A36000EEF6CE13C0A845F7B713CAE8E2CB1E0439
:10A37000FD2C0DFA0310F108CCFBBFC4C6E4FD0DA3
:10A38000261F2617DDE80DF11006089DEBDCF7000F
:10A39000EBBBFDE2F6F3F3B8C5FDF014EE393B2755
:10A3A0001AEE1009BF21E90EC5FBF7F736EDC7011C
:10A3B000100D10FD08E60BF521D7DD0330E73BC497
:10A3C000CCCB2115D1093024DF221E2C1F1723F7F7
:10A3D00005C0CB1FE1E4E91D22F6BAC42609C7DF98
:10A3E0001C23D92612DD1DDCEEFFEDFB32D9E30B79
:10A3F000D9370BCCE80ED5E9E2DA3ABFCAD5131843
:10A4000006F0221FE6E805BC2DDEEBDC08E8CAC139
:10A41000FDE8240AED0DE1E71203F6BFEBC5FAF102
:10A42000FC09DA2F96CCD40D0501FAF619FF0DE8D8
:10A430001F0E0ADF1924F12BA9FFA30B05DCE8C1CD
:10A44000C11D0F2C1F10FDFFECF8170406E8FD15C9
:10A45000E1C9150F40E1C01030A9F51000F01EFC55
:10A46000CAEED3C5FD39D01FEBDF300EF50FEBED93
:10A4700001D3DFE7E305E219FACEE8100922D0D3D1
:10A4800005E7C5F1EC21D99F3C182308FD2213C72D
:10A4900013E6F73A1CE6D7F1D8DCCAA70504EC0DA1
:10A4A000DEE2DED9BB06C7FB344BFCB304DF04128B
:10A4B0002F9EBBE3EBA232EED3053BF3190B231A1D
:10A4C0000BD7E9D9D7F700F3CED80EC5FADA26B202
:10A4D000EC14121C04F7FA1412F5C70B320D1922F2
:10A4E0003C06D9CAE709F6ACF8F01218F52BE9F8E2
:10A4F00023FFF0DDEDE9C0FB1EC4211E19D1CF0AF8
:10A500000830E8CB1E0DF001F5CB1EFDE300C99F1E
:10A51000A8062CF10BD5FAF6FBF3F0D40E412A165F
:10A52000DBD81F02D011F09DC6FA06F537D2E1FE46
:10A5300004F6111E0DB600D81FE2FFD2F61D38ED4D
:10A540002FAF0D11C00BE31F042F3725E4E12C239F
:10A5500004AFEAE8F4E18205EE25C41CC3F8B91A99
:10A56000DB20FC97DAF02E1CD2DA5312240C32E8EE
:10A57000ED1C372914C8EDDEED12EDE7E7BBFFFB5C
:10A58000CED6490ECF081CF5E4CCBE1E29FA0C2EFF
:10A5900001B8D1E813FBC5ABF5DCD0FA202E1ACBFD
:10A5A000DE342A3E20FFED1C179A1DCEEF0ED88B0D
:10A5B000A4F4D013DBCCE30A5BB616EAEAE41A147F
:10A5C000F4D8FFF3F0D200D7CEE406D832D4341F4B
:10A5D000FE1614D7BF0E1AF40AF41A0D382924599E
:10A5E000C6232A2AE9B1F5B22F1F34130EF44811FD
:10A5F000F300D6D4CEB6D8DEF604D0D41CE6EFD71E
:10A60000E8AAD0F30D02F5BDE6F5D81A199E11118E
:10A61000D5113EEDDE9B0A1D9EDC1AB20B1D259D59
:10A62000060AE220D7A5F5F0E7370A1A3D05BFE391
:10A630000705EAF3E6C419EECCFEE3F0FBD6D52518
:10A64000FAF6D2B51FECD7DD2E0BF91FE6B3243294
:10A650001223FFFB05C90D2001301FB23235C6227F
:10A66000D2E2FE1AD8ED2C190225053430D4DCDEF6
:10A67000F6FFE92E0CD4C8DEEE12D2E22A2CCCEF83
:10A680000B0D0BD6DC13F3DAF5F313D6E2FF23FA46
:10A69000EEF9E1FBB7FA36E6BD3BFC08FE0A0CDD3D
:10A6A0003A132CF5EE421AF9F52A11F3F8F631F8BF
:10A6B000EFD4FEE9ECC601B5C3C9EDF4EAF2EADD78
:10A6C000F2A4110C04BE14CFD42BBEEC36E9D2A7F1
:10A6D000BD50BFBED5C2310D32B80DE73BBD010044
:10A6E000EACED6D7F4CFDDCFD00B04F536E3D1E7F1
:10A6F00004DEF013B1D4DAD7E907E0FA0129F00853
:10A70000F8451FECF4BBEFEC0DC20AF0FBBB08D41C
:10A71000C3DC11C804D7E1C5C601E61A48230DE41D
:10A720002BDDFF0EF00C3E29FEDC1007F304A3F531
:10A730000ED5EEF9D7081EE3E4E3CE24B9E9E40828
:10A74000D49FCCDD31E9CC2325EC1EC0D830DE5BB4
:10A7500044E0EFE2F205F4F800F919D8D537F01E1D
:10A76000D8CB35D0EE14DBC8DA00D8F22AEACC19FF
:10A77000C304221312B801C530DCF9E704CC571129
:10A780001FA4041FBC19DD1208E83B2FE4D63016C5
:10A79000EEB0E7E6F0DEB611FB12CFEDBB02B2E79A
:10A7A000F01E1ADBE7CC05FC2FECE9E706F811AC4C
:10A7B000021436FBF6AFC9F41EFFCB011002FC24D5
:10A7C000E82F2804DA29DDC526EDC5FA190A1FEF9E
:10A7D000FCD407F8E4D2AFBDDDBEA1F918160CEC2D
:10A7E000E73B203C0504CA2C299812E7E43AD095AF
:10A7F000DAF9DED4F600E00C45E214D51117FEEAD2
:10A8000012CAE7E411BB0ECFC5EE0EE429F22EEF1B
:10A81000020CF405CED1EEF8101C35102F1C323787
:10A82000B3ED410702F2DAD0C4E41F3412D4322867
:10A83000E025DA01CE020DA518DABED006E7FEFA51
:10A840002FAD26E2EAAFFBB0BFA5C34204C5FC0EA4
:10A8500014FC3DF801E71201B1AF0DEC010C00F959
:10A860001F0622011FA70BF2E619E73548D2BFBC2D
:10A87000241CA910CCF4E7ECBE19C2EEE919ED13C3
:10A880000AF5EFBE43C8EC2561E30AD8DCDE022BF3
:10A890001E18F9FEE4D0ECD21E14D0B5011E052F0F
:10A8A000FEC9E422E0F02CFCF417FF0A2FAFDCCC49
:10A8B000FEECEE2B142C14CAE0FCDD22472EB8D29D
:10A8C00016010EB5E920D6CBF8F9FFC3FCB61EF091
:10A8D000D2E2F807C3102BE3C507F3C3ECF6EEF69C
:10A8E000110C43C2E30AFA0EF525EFD8EDD628D0B5
:10A8F000DECCE2D7E3F8EFD728C5F6EF0C06D5E2B9
:10A90000E1C9120D05FFE3D2F425ADF035DCE1AB72
:10A91000CB5AE9CCF9DB111344F818054FF00A1AA9
:10A92000F9B004F814EAFEF6B8FE292C30EAB6E7CE
:10A93000FCF50CDCDCF9BBBED7E7E117E4DBBE0CB1
:10A94000F917F6FAF906DBFB23F3EFF30BB9FBE09B
:10A95000D5D11DF0DDDAD2C0FAFA23FE301414CFBF
:10A96000FFF8E0E70EE4050EFCD6260E01DDDDF66D
:10A97000C6B9F6000B175ADEEAC6F038D5FBE2E39B
:10A98000E41DF4DB07DBF8012AB22EE7DC290C3DDD
:10A990002AD8CFD7E6100DE10BE3C9C6D147EA2A82
:10A9A000ED9AE1CF191DC4DBF90201D20BE6E90BE8
:10A9B000B1F42E01E6B7D201F8ECEEF419C9F018A3
:10A9C00000C2CF23070CE316F4F34B36FCE7F8067E
:10A9D000EDC5EA0701E1D014E8EFCAF3CEE0A3F831
:10A9E000ED2401B811EAEAF80D16EDF2FBB7F3A376
:10A9F000F2020CD8F6D5C2ED13F2BC022ACE123800
:10AA0000E32C0A14F51FE2FCF8EFEE122CFE13D42F
:10AA1000F0CA12F8F5F3E3D7E1CAB6F226F9023D1F
:10AA2000E4562A3DDB0CDB11170522F8F84BD1C4A4
:10AA300007CBF0E7F3FFD41941F0FEC8071EF3E996
:10AA400017ECF3E7FBC22BE6BFC002052FE920DCC1
:10AA50003C2311E6ECBD0BEA01F62ADE20ED041CD6
:10AA6000C3C43112001CE3BDE6E72BFADDB71EF4C8
:10AA7000E747DDBB93F401D802F5B0D5F5B6F81081
:10AA800025A70ED8EEC2E2A7FACEB90ED2DAFBFEA7
:10AA900004EC3DCE1205E813EEC4EEDD00FBFFD85A
:10AAA00025B818251398FCF6E832E3077FE2FCAFDF
:10AAB00022F6B110BD0AD1B3CC14DA07F00DF300C1
:10AAC000F0EDC3CC4DDADBEEF6D102AAE7A30038F5
:10AAD000F81905FFF3DDD7DB1313CECB0C16060EEA
:10AAE00005DBF6FCF3FA30DEEF2200F60DCE13A5FF
:10AAF0001944EA26E6302FD401FCD7292A26B8D7F4
:10AB0000F0F01AD2D1CFD5CE2F00E2B5D8E026E6AC
:10AB1000ECD2D208E61D37B9E21014DEDBFACAE740
:10AB2000E90038E74D0DE816F62BF605D6CF32E6EC
:10AB300038B9CBE9FBF510C31ACAFEBC0CCC01072F
:10AB4000D8BC05160AD7BC12E3F3A5181CF6EDD83D
:10AB5000D157F9DBF8E0F01E19DE28E24B0BF0309C
:10AB6000F5F4EAF5FAC419D4BBBEFA1E1607B31CF5
:10AB7000E6E1F8BCE405B5B8DE0CDB14E722E20A36
:10AB8000CBFF30F0FB0AF30D2A19FF17C6D8FBE103
:10AB900004F5F80100E3DEDC0CDA280430F50505E5
:10ABA000C9F5E8F4EAE6010B1CFC19F3EF10DE101E
:10ABB000D2BF0AE716383B1CDBB50C02F2D4DEDC50
:10ABC0000125F0DD1FB3F000FEA010E8C8EF001F64
:10ABD0005BDBC0C8E634D7DCE3F02B0CEDF8622079
:10ABE00011E7011203FFE3F400041216EE07E5ED8E
:10ABF000ECF2CDC83B0DFCFCF2EFBF292719E200B7
:10AC0000F6FA02DD19F3C41C0EE024FE0139E10B53
:10AC10000E21121D0AD106F0E2E0F8D1E2191F1050
:10AC2000110D00160C45D9FA0E2AECD8CE00CEE351
:10AC30002FD323ECDF21DC15D7E514F45FFFDFEF22
:10AC4000ECCFFDF81A15E32009D843DF2527461479
:10AC5000EA0EF7D50B02F0E7F8F0CDE90DEA01F7BF
:10AC600010CD34D0F7040ABAED06F51F2919F30BFD
:10AC7000CF0AC5030209E0F01A07D0EE3A31F6BC5C
:10AC8000A529EACCE106DFDBEED501EBF9D5AF195A
:10AC90003A01A903DCDB000DDDEDDFFD351610F513
:10ACA0002D13FD0E13EFF8E5D2BAF0E4AFE9FD087D
:10ACB000F7F2202B11D315E7021CC8E7F01DB93AB3
:10ACC000D011D234E7D7F6101BF206EEBB161629C8
:10ACD00010011408D3E1C9E7D1B50A04084007C040
:10ACE000DCF8E61EBF250C1ED0070BDFE300EDF3FA
:10ACF000EE0BEF13EE1CD91BE72AF8F72913F4B675
:10AD00001B16FEEB29E7D8CDE2EE39E2FAF6EEDCCF
:10AD10002401D9E0210A31ED23F220E6D2D610F247
:10AD2000FD16B126FCFFE9E0D500D33B390BE4C8A2
:10AD300006F410FE12F9FDECE6EBE6F7E3DACD27B8
:10AD4000D70019D54F0207FF0E04E9EBCBF404D866
:10AD50000103C7E73700D30AD6CE331FA7F9F9F5A9
:10AD6000EDE00C0EFDE11715B5CBEDF2BCBBECF040
:10AD7000E9D8F3190907FED0D0D543C9E7E5E6D7EE
:10AD80007FEFFFF515E5F7F4EDD6D9E00EDDEB0129
:10AD90002DE2DAE50E03E102ED19FE13D71154009E
:10ADA000F80CE917D8EEF0C415E2FC17000DF8BA5C
:10ADB00000C0DDEA08D306E3F7F3E6083A25E70723
:10ADC000EE04CECFE6EFE6D5F5E9F70CE0D7BBFF12
:10ADD00008F4E50BE7E91B210C100BEB0A160DE25A
:10ADE000E2C3EEEB1401E1282AEBF6FF242012F374
:10ADF000EAF6E7F5EC03FC08DAF2EAE1EEF2EF033B
:10AE0000BDF7F5FFC604F52AFC0917CF00E71F0DB3
:10AE1000E42A12011EFA2607FDEE280EEEEE2F138D
:10AE200002E711E012F0E2BC04FDF410E7F0290C97
:10AE300013E1BCDA230C091503F0DD1C1F0DC5E17D
:10AE40000A00ECDB23EA0D0E110212AB132DFDFA02
:10AE5000041B1F0DEAC3F5E1F2E90AE004F9130649
:10AE6000170006D30C52F510021F16C0EBC3D8DA38
:10AE70001EDF07E2F41BE532C7E91AE12A0BBCED3D
:10AE8000DFEA2E03C8E9ED3EE3D130B0071C3D16E2
:10AE900012FAF7D11302CBE3CCEAD92404DAE7F9AA
:10AEA00013171ED3E60A26CF06F3FCFC111AE1168F
:10AEB000F6E7D7E1E4C8F6F2EF13F2060816D2F788
:10AEC000B22707F5E608E1EF15CDEDF600D3EF1157
:10AED00014D8EC19EABC0E19E6DDF0F91BC41DFF0D
:10AEE000330DFF1017F6AED9EBBBCC17AAE325F74D
:10AEF000F7D11D1404CBF6D0FF1EC9F8C516F31DFB
:10AF0000DD0DFF13EAF5D11606CFEDCEDBF90A17FA
:10AF100017F70612C6CCCBF9CDF202041443E7EEC4
:10AF2000DBDCE21015171739F00E08D2E917F2E250
:10AF3000F6F2F81AF8FDE414EC15F0D70929D7DB7E
:10AF400016FF24F708F9E7F8C0BA28EEEDD3C9B523
:10AF5000FCF0D0D312FE00F01DDA07E2E1E200F4CB
:10AF6000D910E9210314FFFCC2E6F755241BEAD7E8
:10AF7000F6150619FEF5F5C7D7E0BEE9D0DCE311FA
:10AF8000F32FD6FD0408EB00F4E2EF04EBE10DD75C
:10AF9000FC20DFEE1A1AE728CBDC42FFE40CDD15BB
:10AFA000F9EDFF31FED819F5DFCF2806D6FEE22FE6
:10AFB0000CE5D01BFF03F001F2E32DDFF5FFDAFE15
:10AFC00076090B1E00E3E701FED7D6FA23E2CC0890
:10AFD00026E9DDF0FDECF30A0823F307D7F52AD2C2
:10AFE000E703140DCE04EAB51AC515250406DBDA0D
:10AFF00010DC03EFEE190DD0E3C3F71D3CD5F2EFE3
:10B00000D923B6B4F9BCD1000ECCCD0EF0C50916CB
:10B0100010CEF4F635F5012402F803D8EA3120FC0D
:10B02000C3C4EDE92620191F0BEBE4D60D1F203217
:10B03000EDC8F3FDD50B16F6EAE504DAF0E2F70306
:10B04000D00DF9FAEC04EF08F9000CDC14C81AF87A
:10B05000F9F425F831E1091D0BF91508DDF90C0D9E
:10B06000F9E1131EEF0227E0F006F91E06EC1E20A0
:10B070000906C9D3F716CFD3FFF5C02B2908DCE9A1
:10B0800004F209EB12EFF204110EFFF6D13DF8F7CE
:10B0900013F7261FDBF415E9C6B1EBFACEF6032948
:10B0A00003FE0AE51C24F9100D230DF2F30804E653
:10B0B000270E0BEBE41EEA03BDF21CEE0707CEDF02
:10B0C000D3B82EEFE6F0040ECEE2FCB3242E1E41E0
:10B0D000F5DCEAF2130E06D715F2BE1304B9DDE56E
:10B0E000E3FE27DA081C1BF0F00DE3110C2DEDE553
:10B0F000F7EAC902E3BAFFEA07FAF20E270CFEDC10
:10B10000DF0114E9FE1403D212F813FD20E3DBDDA6
:10B1100007E2CB26D69F11F8F00AC00A28E403FE06
:10B12000D1CF07082028D00CF3ABD11CE2D8EDEA30
:10B13000F3ED1F11FCDC0ABECE0CF0EF0301DC0ABC
:10B14000E1F0FA06E4C7F50212C6D1D6EEE7E31243
:10B1500015FFE014E70AFE0AC3F2152BEF3400BC1A
:10B16000DAF4EF141E2404EEF3F7F4C6B90EFFD799
:10B170001CF9F716E2080601F316FCD7EDFCDFB266
:10B1800003FC19EFFDE9BC1006CF320809E9D7E04E
:10B190000021D9EB29F312F204D323FCF8E2EFE407
:10B1A000D1FCD910201A1202E1EDF00D2F0BF8C8D6
:10B1B0000010E11DDD0006D8E9E2F4EECFE4E11372
:10B1C000ED17F9E70A1BE2FCE202EFF0F6E9F5DC25
:10B1D0000D4002EDEDF8E40BBAE2510EF3FAF5037F
:10B1E000F7FAF515CDF51AECE1C5E7F0E3F9E91446
:10B1F000F3FEC2F60C25EC0607F739EDD3E4C8D50B
:10B200007BB9C906CFCEFD10030BD2E119D5EFEB08
:10B2100001BEE90004F6F6200B24F2ECF20202DD96
:10B220000CE01931FC06F6D00AFF150EE50AF7D737
:10B230000CF6FAD9F2FF1AC7D8F5DA0AFC02DFEDEC
:10B24000ED1BF4D100E2D602EAD8D803BE00EA072B
:10B25000FAD7E0F421D90A1DFD1102FEDF313800D2
:10B26000DFD2D3023326FD19FDEB0AF8F528291C9D
:10B27000E0CBDBEEDFF9F6F4E1ED01E3E607DFE436
:10B28000C20C0DC3DB0328FC19F004C707D6EEFE81
:10B29000F7EF19ED37081328FD0C03C232CBEC1E73
:10B2A000FD01EEF5C3ECC7D604EC01EEE609B620CD
:10B2B0001C01E8F2E20C0F2BEDFF1AE1C5D9DCD737
:10B2C000F0E60903E20C22B8C20EAFD7C7FDC9FBF6
:10B2D000170F0908F02E260FDE131F0417D22220A5
:10B2E000DEED17DAF1F5EEF51C1013F0F0E2F137B0
:10B2F000DCC1FB1F0FE0DA07F8162629FC0BDD1373
:10B300000B05EADCDCD605F416F53E220C260918FE
:10B31000EA00F1E0E431181820F00BCA17F908D65A
:10B320000F20D6E8D7E11FE5D707E4F8F5F803F2D8
:10B33000DA12C722AF1CBF17BE36E201DCDECB0833
:10B34000F42707F4F5E0D51C4208F03BFFF109F0C3
:10B35000AEC598000FEA142233F9E0EA230E310E4D
:10B3600016D3BAD11400F4F2C6F2F8142D0BCA08A1
:10B370001B1403F0C6F9F4DEFF1CE9FBFFDEF4F159
:10B38000F01AFD08F7051E41A5E51C08BA1BD3F805
:10B390002209950C0EF0DE16131BE1E0E5D3C6F58D
:10B3A00000CAF9E10F07EED2E909DEE6F9D907EEA6
:10B3B000360531D9DCE210DE37DC3320ED05260519
:10B3C00001F92323F8F409E9E181B70E041C14C341
:10B3D000CADEFB0EAA18D2DCE2F9A0D9DC2354F7AE
:10B3E000E8D5E5E9CD2437CAEA3D1CE1EABC1249BB
:10B3F000FBE5FC12001B2DF2EDCB0EE903D5001787
:10B40000CD0CEAE8000018F112DCD3FC17EEF7A728
:10B41000E63744122DE29D03C918E6E8E1F1DC08A5
:10B42000F933FDFCCF05CF24BEE6DE2D2E2BB2BABC
:10B43000BE26BFBADCC51BE82D05BB0F2B261CE4BE
:10B440000720A4C2C910E509B29D030FE9BEDD03C0
:10B45000E1CDF0089F1E0C2313F4EED7CEE410EAE2
:10B46000011722E1DA41D50135DCFC0014E6DE2AC1
:10B47000E2F5A50416040E0F362E332B18CBFBF283
:10B4800000BED9FFF71018B4B7E2F10852CEF8B3F6
:10B4900033FB521EB7FC09CD51D1E00116E10E1C61
:10B4A000CE2BCFFFF2C60EE6E52FDDF20112EDF74F
:10B4B0001310FC1BFCEDD6FF16FDC5DEF2B7AE1275
:10B4C000F414FDF5CDF80BD1E2B2E0CB4DD708A5D1
:10B4D000F020D5DD1AC1E4DC1316F9A83DCED30364
:10B4E000D1EEE20BC7E4E2C9F81710C116E5221F3E
:10B4F00007F9FD09F803E22FDEFC0EBCE1F8DEC51A
:10B50000C505E20BE2FBFBDCC113C3EDCACDBBFCFE
:10B510001F08F5EDE63623F9E91008DDE2D92232FD
:10B52000D924D3E0B8D7FDE40EFF07D1F4F7F445F2
:10B53000D5DD082316F0BB00FFED1755FD1CF19D6E
:10B5400009FCCD17E6E11CF4F7F20F130414F5051E
:10B55000271CECF21B2E182323F220F716A3070852
:10B560000E1FE1B7BFF509F001FFEC160808E10F67
:10B57000D5160B31B801B213DD2DBEF4F7CADD0FBD
:10B58000E62D07FFE4F2F41417BB1C3F07DA23F2A1
:10B59000B8F18AE81CF126091FBFF1CD1ACA37E4B9
:10B5A00007C1C3FB1305F2E6C7F7E01324CBAFCB0B
:10B5B000161A1418CDFDF9F0DDE4FCECEEE0C1FB49
:10B5C000E417F80B010F0F23AFB607CA032BF409DA
:10B5D0000E24B6F904F40EF00C1FD2C70BE8D29B70
:10B5E000FDE4DDE50304D7F09D13D7CACBC500DE2B
:10B5F0001AED23E4EC0F03D523D9242BF91A0B3FC2
:10B600000BE52D23050C08F0F1D1EC08243604CF0E
:10B61000AEF2FC059DF7BA04EDF9AFFBD2DE3703BD
:10B62000CFC9E5BCC21431C9E04413D5DAA3323521
:10B63000F0C5D9DCEC2D1EE0C2EA12D703F71810D2
:10B64000CB0C03F4FB09ECFB23E4CEE80FD318DAB0
:10B65000005F0B000EF49717C509EAEDF7FCB3FF86
:10B66000E02AF1DA103203370E1A12030310E0ED6C
:10B67000D61ED1AC09DD2DFF1BEEE500FB1014FB3F
:10B68000D7F7BFECF812F917D2E60014F9D3071870
:10B69000F8CAB8D2AC2B20FDE2F7EEF2EDE8E91ED5
:10B6A000E20E2ECBBA16C7232AFF08F9EDCD1220E1
:10B6B00003E6A8F801001B1C37121FE51EDD1A0067
:10B6C00017B2EE00130B09D6B0C7E6290CE9A5C2E4
:10B6D0001CFD410CC51B17F9FFC1DAE5F9FBFF1290
:10B6E0003AFDD9F1D50504FFDA3FDEEDDEF9F5E6E6
:10B6F0001A14F808F741BE101003E60F1BC7B82351
:10B70000DAD6F20409F5F2ECE1CA0EE51ECFFC2010
:10B71000E1BEF9EEE4C5F1E92009C5CD31E0D1D6AD
:10B72000CBDDE607DED7DA3201F8EAC9F1F9D21348
:10B7300010F914DEDE14F920E40024B2F22FFBBF6E
:10B74000DE27F71BD7121CE1F4D6C5C7A7D22D0FF1
:10B75000270E0C16F74520FDF20B1313E6001C48CC
:10B76000C61EAFF7B70BECF1FCD917F508E4184982
:10B77000AFFCECFF03F48CFF14D51027CBFF1EB0F9
:10B780003910F4FFDEE514C70E2E0FE5ED05C2F407
:10B79000FBF5E9F5121AE936100B160FECAB16A8FB
:10B7A0003507EEBFE9E522C70700F7090BEAEEF51A
:10B7B000A1220836E9F9B6161337A007F0D2B70769
:10B7C000D2F50BF95DDDB4D10B13310B00E5D7F9E0
:10B7D000F4F2BABFD5EEF0E801D9E0CB2FF739E5A6
:10B7E000E4B717E018D9F7EAD7B3FB13E6EAE101AB
:10B7F000E50C03FC03EEEEF9D3EE07D5EDD2C6FD62
:10B80000D70CDC05F200012BB0B809F5F4F20F00FB
:10B81000F727BFF901F826FFF21EE8E5F5FCECF486
:10B82000DDE6B2E1F1F7F0E89F18E008D7CAB6EC20
:10B8300022F101E2F1F5141B17E92B241C14DD3B66
:10B84000DCD2311EE5EE260409CEF2103D5C09F291
:10B8500089EDD107BAED9F03231CAF1B0C0F4200EB
:10B860001ADEF2BBC91839BEED3D1CFFA39B132B9A
:10B87000E8CBE917E91F1CF5D5AF03B7FCE51716B0
:10B88000CBFBFCD3E1ECEAFD1CECEDDE09E50BF4AF
:10B89000C2541018E4E8E918DA36F0C31E03EDF7D5
:10B8A000E62BF2F81305FC1FEDF21216BC1CD9E4CE
:10B8B000DE2704B4E4E101ED22BBB70EEA0E14F971
:10B8C000CE13E800AA24F00FDAD301EA00E4121F35
:10B8D000CAC203D7B30B26F400E6F7DADDCF03D3F1
:10B8E00000E133D5EE13A7082EAB05F7DEBCCEE89A
:10B8F00016CFE910F2F1FFFD201629FD24E80FE133
:10B90000EEE6FFE54812E8F0AEF5DE17F909E9D5F5
:10B91000E5103313161A36F4EAE0F2C5F8EE011F0B
:10B9200044E2AF04B40501DDC317CDEEE9FCFC2908
:10B93000101BDEEA05E0C5131209F8091209CA084E
:10B94000D3E8C7310001EACFF0D2170424D9E424A8
:10B95000D9ACFDD9EDF0D5E000EF81C4E609B2EE37
:10B960001FE3CEDC1C1A0501E4C61AFA08EFF4E660
:10B9700016E1E9FB9A0CEEE112ADD7FE09210AEDC2
:10B98000C4C13217BADB19391DFD1CE80308D0D039
:10B99000CFA20EEFD4D9ACE7FBDB0806EED7A90C9B
:10B9A00016F9FDDB2DDEEFEA43D007431705060F3E
:10B9B000C7E1FDD73B1BD6BBEDF21AF201ED340314
:10B9C0004DE3BFF0D82834E9EDE7E1F90925CFB51B
:10B9D00002DBCCCF12B1D514D849D5D8F61AF90B61
:10B9E000D7DDFDE618FEB7E7D9D4F808F7E5EAF0A9
:10B9F000F9DFB2E7CCDB20D22B061CFEFBE835C812
:10BA000005E0E5E008F1C4EAE4D838F7F729FBBD22
:10BA100032CF31A6C6F8EDD206DE0639EE0CF416AA
:10BA2000E513F6DB1308CFC8F80EE4220F1DFA1C4D
:10BA30000FFF38F7F0E4E511DD181031DE10EFFEEE
:10BA4000D0B50E07E8F8FBEE21EDE1E81DD5E516CF
:10BA5000E0E725C5FB08DCF7B5F2E6FB1F21F6F6AB
:10BA6000DDEDFEF5D0A1101216C2B300F419FF0FE0
:10BA700011F10CEF0EF8F61CF431E9EA1418E1C6E6
:10BA800016F642AE2000BAD535E7F1181A070CC7F2
:10BA9000E4FEAA130BE60CF73BEC4A551602CED88F
:10BAA00031DFFDF7D301D60F20DE0308DE19F708DA
:10BAB000EDED06FF27A0ED8A21F6E90AF42DA62276
:10BAC000FFFE0B1CCB31F7141DD000FDDD05FFD9A7
:10BAD000BAD9F1C509F103E8D5ECFDDECC10070FAA
:10BAE00045DEFAF9E0CFD0C7C5BDDFDFC2EE0605FF
:10BAF00013EEE1ED2AC8FEF5BAEAF9CFB90AE4C4BB
:10BB0000F9BC1753F7E8FEE4E5EE0E00F6D6F9B9F6
:10BB1000D6C118EFDE09CDFB09F93A03ECF8FAF8C3
:10BB200025F4D9EAED2D22F6D3220C0BDFDBF7D872
:10BB30001BEE09EFDCFBF2E81CB9FA16F7E6063556
:10BB4000E6E918D61018E9E5391D1F2CC705E01ADB
:10BB500023E3E8DE0BB7DBFB2232EDCED83E0EE36B
:10BB6000FEE6D4F21F1FE6F71130F5CCFEF9E4EE45
:10BB7000DC0EEE05E8FA13E8DCF622280C28ABC848
:10BB8000BDDC09D41C12CEEFF93A07BFEF17F2E77C
:10BB9000302924161225E507E401C2D2F416DB177A
:10BBA000E7E4CCEAF52206FAEDBB1B1DFAEA35DF25
:10BBB00007CDD6F5C729DCE3F4A299110816F8DF02
:10BBC000B9F72923EFEC362817E90AFE101DD3B484
:10BBD000EEB31B1A0308CDC8F7F5E82110E0DB022D
:10BBE00005F916032CFE05E828E3E83225C51718E9
:10BBF000EEC1DC11E518B9E5DFE63AF5ECF538FE03
:10BC0000FECEE7FEC21CF0E4E0ED09DD0614E325FC
:10BC1000FF05EAE80CB60108051AED05D712E801A0
:10BC2000DEF90B05231709FBE6F8E803FBE5CD0B6E
:10BC3000D9D6F5E6E7DB1BE4293927070F092DEFF5
:10BC4000F7EFCBC40BE5CDFFE0CEDEF7133A02EC05
:10BC500012DF1D3BCC0002FF0EE1E921E305EE2AD5
:10BC6000FB0302EC1AE9D9E703E7DD240CFEF01927
:10BC700011EF38BB0205EF1CDC0F10FDDC16E4DD14
:10BC8000C8A6ED0FC300F8061FE4D0BC02ADDD0F5F
:10BC900025E513F0022CED01B3D2E716092BE3FEE4
:10BCA000DCEAE40AFDC4052C2BD2E60B2036E1D5F4
:10BCB0000B09021DFB07D82C091CF7FA1008FBCA58
:10BCC00014EE0EBEE017C4D705F6CD0C2008D7B78A
:10BCD000B1DDE503E10918F62B0B3F56141CE1F129
:10BCE00005E5DCCA210CD7EE0FF1D5F4EE27CA0228
:10BCF0000ACF090CC69903BD27FBCC22DE2ADE231E
:10BD000013E0001AE945F0F9139BE3FDD4F4D8D50C
:10BD10009DF409E83FF41C07DDE70FEAD902F81F9C
:10BD20001601DEFEC7AB21D3D4B3D611BC11FE245D
:10BD300017EDD4F219EADCDDC80FFEEAD0D7E9F13D
:10BD400019E12332FAE5F85B0713F6E3FFDCF0DED6
:10BD5000EDF01FDEE411FE07F41745F9E500D9D533
:10BD6000F0E9FA19FE25161BDD1308E6EEFAEFF1ED
:10BD700017CCD303D218F2F00ACBF409EE00F62A5E
:10BD8000E0FE10AF2AD4CFD72D060E23D9FEC50270
:10BD900014D7E4CBE4C11F30FF2901C4C62A09D35C
:10BDA000F4C7D9E81A12E316051AF4BE1BD2F80B31
:10BDB000A6F4B913C5F008EEE006D8440921DEADBB
:10BDC000BEC8E1DF0C1AD30CBC43FFA5D9FEED3190
:10BDD00023161F12FA2BE10EE00ECCBDD80BF1F8A2
:10BDE00014ACEFCEF11110FB13BBE616ED1C2CF2D8
:10BDF000FEECD5F4D32BB2DBFDA5DBFE0B213AD64E
:10BE0000C1442D0CD9BC082C130208EC17E9FAE543
:10BE1000E3D92217F4FAE6C813E6E4EEECC6F21111
:10BE200018D9F9E4240601F027E6F924E4EF220703
:10BE300001E7F8F6F22E0AACD7F149DEF4E41CDB98
:10BE4000CED3FAFAEC1BF81CD3F90CD5F005FA178F
:10BE5000FD07E4C70BF1BEED200FE70CF233C3FE84
:10BE6000C3D4FEDEE9222207F403ECEE0AFBE6016E
:10BE7000F8DFFAFBF9D417D013FD2AFB1306F10003
:10BE8000EE13D5D0020CF1E6D4E90B07DD21E9D59C
:10BE9000E11B1630FA1110F1EFF7D210FE2AD90F7C
:10BEA000E1EE05F10BE5F2FB27FDC81FFB03E4D72C
:10BEB000D2EC19EC100BB212211202F8C7FAE828E2
:10BEC000F6A1D40FDBE6DEFB09CFF5B30CDEC333FE
:10BED0002E0FE0EEDE12FBFBBCEFE112E80EE61BDC
:10BEE000BDD4CE17FBC22A3122EEF0BA031FD5EC27
:10BEF0001C02181801F6E50E111CE7DF310AF4CB1D
:10BF00002BE921C3E9F70201D506BE093103FDC3C0
:10BF1000E621F9E7FB010CD3E1C33230E9DBF2E6BD
:10BF2000D9EFE0A10B03D9E8CDD5F6DDFD19F61761
:10BF3000F0F0FF22B6B61DAB20F7E00FEF3FF72B76
:10BF400035EA2114CB1831FE13E3D6DED9F5DED85D
:10BF5000F120F9D0EEE5F8F8E4060AD6BFE113A522
:10BF600018FDC605E8B50ADFE6E3E0FEF7F80311C1
:10BF7000ECE1E0E51CDBC6D0EFEFE7F0AC06D3F078
:10BF80000CDE0EEEECDCF01B050102E913DDE7E050
:10BF90000CD30EDFDE0E0631DB096412FAF7B3CFE5
:10BFA000FDEFE742FF1B0AEFE70143CBB702D8EAF8
:10BFB000E3F6D70FFB09E3F12BCBCA0FE5F1101C19
:10BFC000E0E91FCE27E0D5BA39E60F2BF4FAD20EFE
:10BFD000EDE4E0E111ADF6280E1F08F5DF100BE1EE
:10BFE000D2F9E1022D0FB6140925CFC717F40CD0F2
:10BFF000E1EAE90AE9DDE9F8E105BE1FEC2DFE03FF
:10C00000E1D9E0D8F021DCFFBC7406B3DD3DFA13C2
:10C0100010112713E13BED25E7FCD209051210B002
:10C020000406DAD2F1EF0405EBF6F1F5EFC90217D9
:10C03000E4CCE917E724E1F1F5DAC0F2EC161500DB
:10C0400002D51502D2BCF51F1F01FA2E07EE0F1103
:10C05000B5CA16AFBB1014B70A20FCB10AAADAFEA3
:10C06000D9C527AD35D0E404C2F4DF160E05E2FCD5
:10C070000707BCE70535FFD9C921FBC9E6E915006B
:10C0800012DC142B1C07D2F9E524E239D21ADA0E9D
:10C090002520EBBB1717D63CFAF62E43AF230C092D
:10C0A0002321FE0931BAEF2CB7B41CF4D2E6F10C0F
:10C0B000DB3CF7C2EE3135DD11E02CBFD7F902EFE2
:10C0C000040416200506E6150F00FEFEF134F6C73F
:10C0D000270B11F9E41702DA0021CCF5E2F0EF01A9
:10C0E000E6CD09D5ECF60A311A04FB2B06F924F14A
:10C0F00037DD37BA21E5DDFE07CD05D40B11DDE0D4
:10C10000D9BFBAFCF9E1FEFB21BFEAD207C6EFDDD9
:10C11000F72ECFFEEB0425F0ADCDCF0E251B0BEE99
:10C12000DFD9C40E00A6E2090AC7200AFBF7E9C45A
:10C13000F7EB06F0D6F70AE6E6AB3FE5D1D9EAD44D
:10C1400001F6EEB50EEC0FF52514DDBDF7FB11F48D
:10C15000E6D9462517E601F93E1E1026E00F0AD45F
:10C16000FF24BD0E230993211B0EDC06D5122727C1
:10C17000FE3A17E7E7EC054114F4FCF53106F22529
:10C180001ED7F7F701F52315FEDF1523FB27BBECC0
:10C19000E5EB1CD6EAD4230FD5EBC7CD0ACA06FAC5
:10C1A000F2D7FE02DBCB05E7C9CB88DCD700FA3A31
:10C1B000E7DADFFBEEB7A60F01E6EC2FD0D5DBF414
:10C1C0001106161FDD1CE4D73005FB26B21931CD50
:10C1D000FF11E512BA31F5AD0A2E01072A11F2DB83
:10C1E000E5CB040714342FCFBF240CA41CDB311182
:10C1F0003E0EA8C0A0EF1007061117E004E20BFAEC
:10C200003315F607F6F4E7F1F0BF24DBF51BCBE5B9
:10C21000CFD9F7C4ECC7E5EF2FE6BD26F4E911F05E
:10C22000413F00FEBD0CB4A6231730C2062907F417
:10C23000B6159FE507CCDBF2191FD435163131193D
:10C2400033E4EBE4DFEC1CC9F1F0CD0FE9E1A22E01
:10C25000DF174E1E123C203BECDCCAEAFC2504C072
:10C26000EF21DFF6F10623E50AEE00DFD6FFF9291C
:10C27000EACDF6FFEA23EF200AF6EE000B12F1E515
:10C280001FD4240AEBD906111A21FF1CFBF6F1F08A
:10C29000E9C0EED7BD0B10AD04E6EEF0FE05F017D9
:10C2A000EB24C08C370FDF01E012EEF5190A2000F5
:10C2B0000009CBCADA3519C2DDFA17DADAE421FA55
:10C2C000B8EAF93CF4FEF7FFF423CA2CE709FFC2F1
:10C2D000170EAD01F125160520FC2702E91BF2EC33
:10C2E000FE07F6E41FDBEFF998E1BD0CE5008814CA
:10C2F000F52EF4DFF61239EE30FB3FBAC4DF02044C
:10C30000F1E62B21FFCDDB12FEFCEB0BE71BEFD59B
:10C3100017E70710CF150EFFCD0EBD19D129F5EF88
:10C32000D6DD10EF12EB294017FBDC19232415157D
:10C330002BD11BD1FCE1C91E0BF914D2B40EC9DDFF
:10C34000D2D0E0FFFFCF1B0F23D2FED007E6EF01D4
:10C35000B8DCD7E1DDC104ECE0BCE417D902F4FCA1
:10C36000D4CA1E15F9DFE601FEB121E710EFF0C7D0
:10C37000FFF50FBFEEF64321079116F9E29AC525A6
:10C380001ED5BFE006F43AFC262AE1E10EE907EAF1
:10C39000C9CB2E190F04C202E4E50AF2E1FF09BC81
:10C3A000D11AE2062B1F87D9311FD5ECF120551A7F
:10C3B000070F15DAB6F125340AF2FCC11C11D93584
:10C3C00030CB241B020101DCE4C5C12AFC29C7E7EC
:10C3D000DDD917C6EAF1230FD6DBCDEB11CBDBFBA2
:10C3E00001D2FFF10BCBC6F6A698D9D7B2F1EA1667
:10C3F000F50C11EAEAD1C01ECF000B27D5DDC0E451
:10C40000060BFBF4EF1E98FB1FE416D9FA0611E0A9
:10C4100001D4D72BCA2FE7C706202F09F217CDAFBB
:10C42000EED1E4FC10262FF6E910C9FA15DD25F649
:10C430002C04ADE4EBD50C2A16070FB81BE2173914
:10C4400033C210DDB726A8DFD5C239B4BD0AB8F5AE
:10C45000D9CA3A02DC1AC2E21A06B51798EE16D902
:10C46000363EFC02E934ABD92A073BD22E14C7046E
:10C47000CF1BDFE925AFF4EB2A26D741262536DF8F
:10C4800015FFEED6EFFE1CD29DF6D61BDBEAD6D703
:10C49000F7F03A1FFA25FF1FC1FFE4F5FC40E0CAA0
:10C4A0000131E5B011EE21F1E19BEED5F50C101153
:10C4B000F9D5D20EE716EF150BE1CDE60120E5E543
:10C4C000FEE22AEFB8E2061924210537E6E9FFDF8C
:10C4D000EF16E4FFCD23FFC706FCE0EA0B07F400EC
:10C4E0000FD4C5AA2402FBE9EE17D70202DA23FA19
:10C4F000050FDFEE0B2515AFC7F214E7EEEE2402B1
:10C50000D2FAD92CDB090F10F124EF3104FB0AD544
:10C510001C19EFE1FF36EF0F11EA1CF9EE1100FBD9
:10C52000F711F1D201D1101CBD24DB1EDDE6DC19B0
:10C53000F119C0DDE90214D1300426FBC717D1FC84
:10C54000F6363F09F2E515E907ECDDFED1240F1AB6
:10C550004AF5FE0AB0FFE0F2BFEEA2FCC6E2E6F545
:10C56000E1F455D91B0016020BFED72FD921190A69
:10C57000EFDB16FFE1F1C436DDEE0AC1C602CDF4F1
:10C58000C2B7E710B1EF0A000CD5C4D0EEBCDD0491
:10C59000B8A7F4D9D1041B05B7CCC7F6D201E4097A
:10C5A000E2A52A2A14C9F605EED2C0150201CBE293
:10C5B000FEEBD1CC06FB391EF9A01CF5EC9BC61195
:10C5C0000ED0D4C4EA02E416353015CD0BCF1CFAD8
:10C5D000C0CF3004F106DAD1EBC500EBE714EEC9A9
:10C5E000D929F1000C17C7CD0B31E5EF120A0C1653
:10C5F0000A2E12E4D5CA23362701EBD0FCF2C0354F
:10C6000030EE392411DCE6FAEFF7D62E0520ADEF37
:10C61000F5C60BE548EA260FE6D7DCCCF6EADDFCEA
:10C62000FBCCF1E401BDFADDD9C2D2F5EA04C524A0
:10C63000D4D905F9C4D7B023DCC2F92EF5E6C0D2AF
:10C6400029F5F7CD0627A03A25FC120AD5E915FBF6
:10C6500001E5C22CC912C0DF21044129C216F5F13F
:10C66000EBE6E70B013723E5FF0AACD0150B2EEE06
:10C670000AD6ADC4EEE01C240EF510EA34FB072BFD
:10C6800026C6FEE0BB2BE9B0FFCA4AFAD0FEB1F2E3
:10C69000EAB53A04EB0CF009EC0CB80AE4DF17F445
:10C6A0002450D5F2D202C2810C1235D700EFBD0E54
:10C6B000DD35A7E43105170F3120FAFF152A05EE05
:10C6C00031140E0104EBFC06A2EAC91F02E5E1D910
:10C6D000FAFA0C25F201090B11DAEDB40AF3FA01AA
:10C6E00009D3E9B400F32B0EED1627E1F3CBE629CD
:10C6F000F2D7F226C400CCFAEEE2F3041E19DD03F1
:10C700002D15F2D3E3D704FC3CEB3CDAF71D2C10DB
:10C71000ACDEF092AC10E30D260EF01F2FBBE92922
:10C720000C1615EFD31947231DD31BC0F61F08FFA6
:10C7300005CB15FCB02317E2BBBAF8F6F409EAE121
:10C74000D8292606DC131203E5D0D3EE23EEC40865
:10C75000E139FCDCF6D4FBFCF4B709EF2FD0CBEDCC
:10C76000C62213EE0410D8190AFBBEF204C4CAEFA5
:10C7700009040EFB1001E6CB19D40C052D0DE1FCCC
:10C78000F2B934331D2D1FD5B75FF0C710E52BCBA1
:10C79000EEFCC0D4D3DCE5EFD9BAD4FBD3F3C7F0B9
:10C7A000F7F20EA7CDF80A1F01B9010C1F09FBEA29
:10C7B000110CEAE235BBDDDA3DCD3038E7F32DCAA6
:10C7C00010CF24EDB624041206F31ED5220A031E50
:10C7D000EAE3FDB51B05E526012D0AE6FF0A11195E
:10C7E00015D3E0BE19A033D80AF82C09EAFFDEC23F
:10C7F0001F01F331EB09CAD7FF09DD30B0E00D0CA2
:10C800002D00CFFA38F623FCCC28CDE1DAEA0D3141
:10C81000F6ACBD0AF316ED11F0F3E6EA05F0C7B683
:10C820001D1306B72922FDFA27D7090CF42201139C
:10C8300004FC09F40DF2DAE3130DE6F7E9D1D40EA6
:10C840001DFDC7B6270A1615CAFFF724FC092BC21F
:10C850000311BEBBC6F015B6061DE6040D1F40BA97
:10C86000FDA412E1EAF8CFF3C305EB220511E0F7CE
:10C87000040CBDCB10060CC609CFED23B7F0BDC626
:10C88000CBFBF7E905CD09E9E7B6150DACD7FD22DD
:10C89000091EC29EC41B40FC1E3C0D220001F3D3A6
:10C8A000F6D700EB36E6D10CCAFF0CE1FD1D22FDE8
:10C8B0000AFDED3403EEE7B4E0CFC4FBAC1EFDDDB2
:10C8C000E929FC06EFBF24F720BDD403F61E0A03B6
:10C8D000E2CA29EB2F10C843F3CA4717D7B90ED5C0
:10C8E000FDEA051989E0EA19E0FF28CFB90633E32C
:10C8F000F7C0271B04E6FB081FC2A8FD0A1DC434AD
:10C900000AE6EE49CB0006E5C6BBEFEF1EE0DCE928
:10C91000D010F801E9B4BE34DD05EDFDFF0AF6FFE5
:10C920001EC4EBB1151133FAF61901F0F7BF3D2023
:10C93000F7A71116E1D717C2F3DDF806E7FDF805F2
:10C94000343DEEEDDDBBFCC40ED128EBE903231D25
:10C95000C7EFEFE7FB2BD71F06F705E1190CD5FB57
:10C9600026F01AF8C315EF2705E61BC2DA10EDFC16
:10C970001AA30CF7E5080896D1D901FAE0FFEF0EEB
:10C98000F6FF28CC03DD31FDD4D9EED91AF0F31A25
:10C99000031EE2F200EB1A26F8D1001613BFD0D323
:10C9A000C01F09F20630DE10050DD3CFFBE3E1D343
:10C9B000FAEAF613061AA7EB10D906161B08D3E1FC
:10C9C000D5BFF3052C3C04F7D06430F7F8CB06C292
:10C9D000E72D17DC08D009F009B91527CDEADEEEFE
:10C9E0001106FDA3DD0EA526EDCD0E044611001B9C
:10C9F0000DE5DCF4FFBD15B930C2171D93F7D0EA81
:10CA000006F8191BDC2408080ED917D0FFF2011F05
:10CA10000CFD05D41A04D32F0833E008F60315F4EF
:10CA20000ADC06CD1E9810C4260811FCEBF0F8E9CC
:10CA300017F20C22EBF4E0EDE915FA29E9EFE0003A
:10CA40002836B101161A1001F005F7EAF40AF812B7
:10CA500027DAD10A05311234E6FFD11A15C7F2C61A
:10CA60001B17FDC208461511F4E2F704081D01CAA0
:10CA700011EBE1F0F315EBC7151BAEB7D1FFD309EE
:10CA8000FA20D8F40C0927E7C2F3A90CF6014CE010
:10CA9000D0F8D8DDD00EFFF4F4F6F3D5DA233CFF5E
:10CAA00010ACE3FFEF0517D9B9F4D30CCB26D5EDC5
:10CAB0000113B5B5120D05DD1DFBFD228F08C8D091
:10CAC000CBD701F31BC805F4E5AEB7EA10E0F0F6EA
:10CAD000FCF2CCACF20D31041638101BF4F4EAE091
:10CAE00000F31FDE29E9EA04150E30D313223513B3
:10CAF00004E01643F203F20EDCF2F80CBEC2D7D00B
:10CB0000FC23FD0103DC220D23BABDF7F81B0E0D3B
:10CB1000F6C2150C16EDCC450ED32CEBD8CC1EDD91
:10CB2000CA0EE622B5FAE11FFD0A13B7D7E227F3D2
:10CB300001ED0830F8D9E7D523C8B223EF28FCE986
:10CB400019D91F29DCF400F6A08103001916E608A4
:10CB5000001A1B0D2494AD26FBE9C42CF3EED92654
:10CB600011E5DA9B191F1349DD1A1FDA04E023F6D9
:10CB7000F3D1381706F611C6E0F7FF1BF4D8EB0027
:10CB8000282BF7EF16BF38DA1A030DD1E61A121A5E
:10CB9000D909C7D4E92CCC3E22F2E5FA3C1EE11BB0
:10CBA00011091DD3BBF6B915F80020A9DE16FFF256
:10CBB000F8A3F306D0FBFFC4D7E3F8F8EDF60CF2C8
:10CBC000ED0A2D0C1110F4F2DCE1F8DC05FBF22685
:10CBD00015F3D0DD09D01B2931B02C13FBBBD1DC00
:10CBE000D8F2E9CD0924D5170E04F3E0FFF3BDFF19
:10CBF000FB03F826EF23B9EE06E5F6E50316C4D3EA
:10CC0000B2CCF0221A3DCCFCAEE900E3F0FB0EFD05
:10CC1000CBF8CFEBF6EBE560D9C01BE6B5D7C2DEAB
:10CC20001FEAE2A00C3AE339C0D7E00511F7C4A728
:10CC3000F4F3DEB906AA26B630271A1B00E3F6B9CC
:10CC400011FD1527C83A1AF7F4E122D1E3E5F629D8
:10CC5000FF1AF0E90104FD221D3DEBFFF8DE34F47C
:10CC600008FF17CA109B0EB4D5F6E21BF2F801FFBD
:10CC70004FBAFF1AE6DCDDE6EF19ED29BADEE2294C
:10CC80002C15DCF6FD201E03E3DA15E0C32F00EEC1
:10CC900008B5E003F20DFA3AF7FAE64B39B1C6EF00
:10CCA000050CCDD52F12FDEF220C1611D509D4E1BC
:10CCB000131203DECBDEEF1A2B01C4AACCE2D90A91
:10CCC0000808C6D519134506C6FFCCDDFF9F3EB642
:10CCD000D3D415E619F01BEAFFF8E6E2BE1FFF10F9
:10CCE000CB9A04F728E02DF3DE090D11082FE60397
:10CCF0001013B7D3270D12FB26F80E17BB1DD12337
:10CD0000D9F7E3EA10C42F1703CCC40E20D0C8D93A
:10CD100011E1C8B5EE0C20190833C712F8DDFC008C
:10CD2000D02BF8DC2BD3E9F40EB913EA1FF731D876
:10CD3000F31E003DEA15EB09E5FCE5FADDD5AD1083
:10CD4000C633D1CDE6EB1AF60ED597F80906EB19E6
:10CD500016B72B0C2DDDDC3AFBD326F2E3160D00C3
:10CD60000816CB23C711ED30083A16E1E5E631F09D
:10CD7000F0E2F8381511E31227BBDE01DDDAE9BD78
:10CD8000E2FDE92BDD10F7E2939EFA1E2F26E6EA7C
:10CD9000F8130E0C27C8C41D2ABCAAC4E5AEF502C0
:10CDA000DC261B21EFC84A1A121517ABABF21D1473
:10CDB00027F80805E529FDBFD6E6470F2C36B6DF74
:10CDC0003923E0D91BE0930338DF003018DD060B70
:10CDD000E300D632000BBDCD060BCEF1E303D1004C
:10CDE00008ECF5C4C414E015DFEBE5BD1717122DF0
:10CDF00012FBF5D718DCF818FDC72102CA2F02F57F
:10CE0000EFBF1724CBEBD40823F8AB00300E0FE0B4
:10CE10000F30E012E60ED4EF0CDDD1DFD6B1350FC6
:10CE20008CF5050B2AD6E335E3C4E2FA3CE5DDCE0A
:10CE3000142FF81212CEF220E5BAD9140EDAB9F591
:10CE40000CFE33331BC71DB6D32ADDDCD7C212B7A5
:10CE5000F1FAE9D0D9E8FB17B3E0F127B01BFE03E4
:10CE600027FBF20FB708001500CD2003E3DFD69BA8
:10CE70001BBF17980EE6D4B0B7EBD6C4CBFDF112AA
:10CE8000F5AE1AE6D915DF021AD0CDF1EEE946E883
:10CE9000B4E8DC383C1B3FE5F81202ECFAF2F8B7D4
:10CEA0001AD615AA2ABDB7C5B1433EDDFDC8FAF5AD
:10CEB000B6430EDCC215C4FAB6C8AB15DAF5F505F3
:10CEC000EED026EEC4D04AF4E31B260BF211EE4955
:10CED00014EFDF12BA2AF414C4FBC724332FDFDFA8
:10CEE000E94D0E0FBCF7121D29182A0509F73F0C52
:10CEF0002C1AB7FDEF0EB63332D12D81309806BD16
:10CF00001403002327EBC729E815380E0BE2143968
:10CF100027C4322FC7140F0C21D11114EB472FE86F
:10CF2000C7C8FBF5E324E6EB3C23F82F0B29C5C467
:10CF300000E043C1180F1BFB4AE5D3FBFD085E155B
:10CF40009C18D0E31D23D7FE33E333C2B7E3DFD908
:10CF5000D90814E9BCB121CEDD2DF8443C06E6F138
:10CF6000F8F12F933CDDE0F7E81B0CD0DDF83C2A0C
:10CF700005F412BF20D32117E6B733FAE5D912FD25
:10CF80001DE9030CFADAE31DCDFBE9EC43EE17C211
:10CF900021F1F5061D09BC05A1E8EBF1F4DFBCF8B1
:10CFA000D4C118E5ADE81BDCB3BA2C0B90D1C72F68
:10CFB00011EB35D0D9EFE92D15FDDFD10608002999
:10CFC000BA15F40FFBE9F5240FEED0140B12F8C5D7
:10CFD0009CF203ADC7AADAD73B2DC81209AE0EB634
:10CFE000F41500E802E315DA080FDDB6DA0EE60301
:10CFF000E80FFEFD5BDDEEB114CA24052A39B6D078
:10D000003C1DC4DA27CAECBF1BCBE91BF1B7FEFEFF
:10D01000E212E22F12DCB10B2CF809C1D3FB08ECB1
:10D0200012F1112F9C23B91AC4C7D9C4D1D9DAE39C
:10D030000809F2CB3FFAFDCE00D30BFDDF15FDDA78
:10D04000B4E605ECDFECBCEE0F0BC106FEF5E6D74F
:10D05000E22AFE1A0F02E2B1EE0314BCD0FB4C1D13
:10D0600099D31A2C0CB6DC0EB9D0C50617D468B00B
:10D07000002403110511E9FB0E95FB23ECBDE60529
:10D08000CE03182A2C0B2FA5EE6402F206CB0C8DD2
:10D09000D017F5ABBDEEF4D01EB0143BD4E3F1E2F3
:10D0A0000600D920D41AE20803EFD7EC03C414AA6F
:10D0B0001BBA490836290217090F2D08FADCD4EFEC
:10D0C000F1EE12ECF520B30B00EFF812CDD159F5CB
:10D0D000BCF4C73C2AECE2AB081AB7D700F2F2A4C2
:10D0E000F8C4E3CD05E3C8C7BC352DF1F78DE643A1
:10D0F000E32C11D0D909D1C296F2AB06ADE8E91103
:10D10000EBCB41B426C52C00E5291A0BFEDF004607
:10D11000320BEF20BF26DDDDD0E3EB112605CA0080
:10D12000E5001B1D9CB90C030F001D08DAF800EB8D
:10D1300033CEC20EC502F12F38D64308279F14D72D
:10D140003E4DEBE503D7D33812232FFBF7AEF12D7D
:10D1500030D6051DB72C02D61209122FFB140EDC97
:10D160001DB4D19CCB1717FA520CA15BE00CB11D7A
:10D17000E6EF46AD0F20030627B1FAEFE01A44149C
:10D18000B9FB06112949FD1D261823FAFB0912E9EE
:10D19000C2F73ED1FDE30EECCB0BD6152D14E00803
:10D1A000B00529CA4AE00BBDEC20D708D31B2C2FB1
:10D1B000CA0C02DD17D12A2ABFD73FF5F74D2D9BA8
:10D1C00003DDF1470CD4BC06DAE600D3C50C2C0015
:10D1D0003EEB350321CD09DC0502FAB3ABEBA1FA36
:10D1E00009EC0903B18DC4E0B18F352DC523ADF72E
:10D1F0001A0B32CBE5EFD038FD0BF5A7F2E9F72A91
:10D20000C8F8E91BE0C100FE0EE3D73BEB0CCEBD36
:10D21000E51120AAE0E829B72727AE08FE0241CA97
:10D22000FA140BE0D6A7FE491D1ACDEEE8DD031473
:10D230001224DDF7F7C705DADCF739EF2AF4DAF460
:10D240002A50BDD420DDF2E0F5A8E018CEC4C2001B
:10D25000FD11FE2F1ED3C1FEE6F11DD6D9E00CF262
:10D260001DE0F535D312E61ECDD0120BCAD4EE0068
:10D27000BCF1D9E2440814DFE3E936E5E02000B769
:10D28000DACDC8EE14C8EBEFF1E0EFF1D6F2C8EF5B
:10D29000D0EBF70FFD05E592000E0BB6D9E0433059
:10D2A000D9F10021F2B6D9D9E6DCD70E0BD4399BDF
:10D2B0000C200F1AF1EEE20E0FDDC718EBD3E808D1
:10D2C000E6F1114A140306C2D71EE6E20FBD392C5F
:10D2D000B6EEF8F2DA380BC8F8A7D33E0FFA0BDD3A
:10D2E00009CD1115CE1421460E02E5E6B6D9EB554F
:10D2F00021B13EE317C5CA1530CB2414EFDFC2AE0F
:10D30000CB8F23020B1BB7230BFADF2196B03E2FE6
:10D3100014E3F43FEF0B3F0CB00935D908E6E88F72
:10D32000F405FEAD358D14BCC22329EB2AD7EB35AD
:10D33000FA0F26B9ECF1CEEBBFF8C2E5AD15300817
:10D34000EFBD38BDB1C5500918082015E30BEB3906
:10D3500024F8F817AE270ED1EBD7EFFE3E18D121F7
:10D36000FD121A179CE51EEFD31A020BEB0FCBEE42
:10D370003CEBD6DC1803F53E1AD90B001BB903B100
:10D380003220FDFA1BDDD308E203FA03E918F23874
:10D390003ED6D0F83020EEB6DCD9FA09E9D4D0DD9B
:10D3A000E5CAB4FBD41100C84320B14FE527B3ADA3
:10D3B00020AE46C8FD26062603A520F1BF18472C3F
:10D3C000C505F7006232F70623B72611E80C2635AB
:10D3D000DAE8FAA72023CB11F12F03EC3E350E201B
:10D3E000FEEBFBE24CF7F5D1F1F109D9D10C30326B
:10D3F000EF1424E802AE2135B9FD390BDF3B3009CB
:10D400000C9E021AFAD49FDAE5E0BDE6D6FB3EE6B2
:10D410003EF23F1208D1F7DDF5F4CDC7E6CAD4F1EC
:10D4200009BD23F29CB0F8EFD69B140CC446B4009F
:10D430001B0B4AE2F2C8C2B9D0CB03CAD7EB110E1C
:10D44000EB23DC12C5EFF82106F4FE00CE2384BAEC
:10D45000D00223D7FEFA05DAD9F2E601E6ECE8D1EC
:10D46000A9FDE6D81C10CCD113D3B1FA08F029EFEE
:10D47000C4F7E206F3D701045C28ECE5DCDAFB1321
:10D480002CA4D818CA6C3FF906EF08C11C071AFB78
:10D49000C7952E1AE4C9AEF40432EFF118ECFEF38E
:10D4A00015E33816E7F131FEF4081DEAC30D40F923
:10D4B000F4FC29FAF019DB16FA2A043CF2EA12FC11
:10D4C000EEFDFF05E2E541BDC8E5C10DFCD7FE2933
:10D4D0002DE7BFDBECDE01E41DD9DDFB3109FDCE1C
:10D4E000D8FF02D73ADFEA1305ECD9CAD90FB7281B
:10D4F000C6DAEAECED0415EBFCE64E09C2DA2EEAD8
:10D50000DBB9EEE224EF18CEE4F6F1EE1E1C2ADFC2
:10D51000033311DB0823C2F61ADB1900F30A3904BE
:10D5200094152AEA30FF0908081F3BFA3ECF14CEB3
:10D53000CEBFB0BAF1DDF0C8EFF129D92201F6F77C
:10D54000DCBCD5C4F815FAC1CCECE6DD2893F3E8D1
:10D55000DD3417EFD7DFF2E4ABF028F6CF14FEE5A9
:10D56000EBF9101306BC28AA2ED20A0FF8F9A4D39F
:10D57000EE1FC4391FA5DE33F8E3D9DFE9FAD0EE98
:10D58000CC19E7D5E2E5FA07F6F3DF66D40510F823
:10D59000390214EDE6CC050FCFF81025E94123AD93
:10D5A0001EE9C9E1D8DEC8D91CD1ECD80C32FCFD8B
:10D5B00016DDE7DBE5DCF3022AFEEBE7FC2F31D7D3
:10D5C0000E0803FCCCFDECA8EE1CF9EFF9E13B08DA
:10D5D00002F4FBD5D5F2FBC608FAFD080E0304DF02
:10D5E00021D5EDF7E6DE67CCF4D1E6F9C2F0D81A22
:10D5F00000C427FFEEE4E6FAF21F04F434F824F343
:10D60000DBC4DAF81EF003DC18222EF7D9FF01E4A0
:10D61000FAF70D07311100F3F9F32B17D3DAECE326
:10D620000D0FD80026EBFA12E209E7E5F2E6EBF679
:10D63000092608CFC0EB9E00EC1701E9E306FAE2E9
:10D64000BF274DE41D01D2DDCEDB08EEE71EC00290
:10D65000FE1833C9E1DAD61B0C2EF7072B2D1AE67C
:10D6600021E402ECCF261FEAD2DA2ACE08F1F1DA61
:10D670002D18DEF218D1F32FE1EF162BEEE2D1E7F1
:10D68000F01A2A18FBFD10EF0210CE0FD12A00F07D
:10D69000E6EDCF29D831C7EBD8D8EC3DD9D21CD88C
:10D6A000EAECDAF2160FCF0AD5CED5FF03A4D0D616
:10D6B000C7B4CC0D21D0FDCC5E1EFCEFB3DF320D24
:10D6C00027DCDF0AF96C4B1501EF08C7243D0C0479
:10D6D000E8C11C06FFCDC6DB0F12CFE81CECC0F082
:10D6E00013B3AE18D5D712F61FDF0FECEF132EFBD6
:10D6F000E11849F10302EBBEF328F2670AC20612F1
:10D70000BF47D8D538F8FBDB01FCC724EFB203C70D
:10D7100021C8C4F4CDC5FDFB1C4DDAD72EFBEAE4CD
:10D72000E4EDFEBE24EECF1AF9CFF2EEBAD31BEE33
:10D73000C4B5F6ED391E0403F4D411F40DD540DC64
:10D7400002BA34D024CE2EC9C71B1AC4EA2315D47A
:10D75000D212D2DC0633CCDAFFE31AB4DF19160595
:10D76000E2EE0CCEE1043CFCDCF209BA07C7E9E5C5
:10D77000CDB2CAC51EFBD8D109EBFFCA251718F7D1
:10D7800016D9E703D5D9089DEFFEFB500A9BF0E5BB
:10D79000C81E3CBECCEAD23BC7E131C5BA0F18EC7B
:10D7A000DEFDFF0CEEC04BB027E7190DFF18D402C9
:10D7B000E408C5DED4C6F61EFFC9EFEEF0EA2E1669
:10D7C000FCF0F4D7E4E8E408E8EFF423FB09D11215
:10D7D000221317ECE9D6EEEFEC130A2ED95DE6A77B
:10D7E00010E6D1ADC3DEACD82CA5C1012216D614EB
:10D7F00016EFF2C03CE1E51C2EEF03FEE216DBF66D
:10D8000015181ED9E2FFF60FF317E8FFEB5810ECDE
:10D81000E617F20737DCE8D60FC21B04D8E905F695
:10D82000EAD106DDCACFB0C3E7D4BBFFC7BFE4E18E
:10D83000D6B33021FDE6EBF0BA1AF30C4E1C18FA01
:10D840000CE8D60E2A0EF109001B050EE50C25EC9E
:10D850000F0816CD1903EAC51BE74BED03FE1EE8C2
:10D86000FDFBA91E2703EBFBE3FF16D414D1F2E95D
:10D870000E2C1D96D40DA9B5F11E03D50F19FBD1A1
:10D88000CC273AD7D7DDDCDBE82709EFCCF8CD048D
:10D890001C162BCAD4F0DAF0E841BF1415010DD6DE
:10D8A00003F8F6C5EC1B02C1DEEB21FEC3E805B0B0
:10D8B000FE05E3DD26ECD42FDDFA3A21F1F8D11193
:10D8C000E71914FEDDD615DCD011FCE2D6FCFECD46
:10D8D000DFD9F82F053F0FE1D2C5E347FACA0DE4BF
:10D8E000CFDAEDED21EFC6FFD4C2E4F207CA15F49A
:10D8F00090C3D8FEEFE6E5E8101621EBB2DB1F1C63
:10D90000D8C9EF12F72925021FE90ED61C10EF0720
:10D91000F0F223F6FCD297DB0E1EDBE607EEA30047
:10D9200014C8B017D6B9131C3CF2C8DDDD383A0074
:10D93000E71402E7F1FED2C6DE22F46800D8112A0D
:10D94000E766DAE528FE0AE6030CE633F8AFFDD217
:10D95000F2E5EFECD2FA1629CC4FE5C00917EAE45C
:10D96000DCD4CDE10CE9B9020810EEC3ADEF26E23C
:10D97000DDD6FEED222D0A1BD9DF0C090A002E9FF1
:10D9800006030EFEFDC2EED6E71F121DE40724FCBF
:10D99000F41FDFC81330CEC70FCD0FF3D512270EFB
:10D9A000DB0618C6D6E519D7D00A17C8FA9DF4EADF
:10D9B00050A29DED47E2B0F912EEDCE434E834F910
:10D9C000FCE5011E31E6089CF106C45103DDEEC002
:10D9D00003EA39DBD4B2C52FF1BEEBDED7EF140E6C
:10D9E000F30CDED804DD3FDC28C8021001140D184A
:10D9F0000706CFEBE8BCF903FA8113F412D92CDA4D
:10DA0000E71425E4D8C9F9CFDA15D31AC512F40002
:10DA10001CEC13F2E5BBF01EE60CFAF9D3F8FBD4CC
:10DA200004F6EBA7F1CAECD80FDCC9FF1D18D6DC51
:10DA30000809F2C92DA9EEFA3EFEF6FCEEFBBB1872
:10DA4000ED2637C6CEFE0ED91CF7FE0CC81B312CB6
:10DA5000DD010CF23CB3ADA8F8E5D3E4E507DC1337
:10DA600003FA00D5C7E118DAD4C7D1E7B8B4DCCDE2
:10DA700024E6302203DEE2D6B355EAE861EB11DAA0
:10DA8000F7E8D70D2FF1D6D910170602A3F908C56C
:10DA90001704E7F71B08BBE71F0F1130EA12FB0C56
:10DAA00014EDF2FE1CD6F216DB000DF2EEEC1D3B7F
:10DAB0002112E608CADAE1B51F3B08D1FFBEF7DF45
:10DAC000D31423F01DE2C6FDE41B1BF8CAF8BDC940
:10DAD00011100AE1D33EDDF23933B92109F122FCFC
:10DAE00024ECDBF6F10FFABCE6CDFFD8D1CE04D2A0
:10DAF000FED70CB238F21D4304F105F3D701D5036C
:10DB0000FF103ACECFF41CE7F21A45FDFFF227DEF4
:10DB1000FD00F723DDFA3F02EDE906DF09CCBDDAAF
:10DB2000EC0F2AA8FA2E00D50BDEF70138E305EE3C
:10DB3000F745052A1C0919452C2155F1BBF821FB95
:10DB40001E03B922BF0E201101ED0EDFD6F81B38DF
:10DB5000C29A0514D2DB81C71C30F7CDF32EDFE863
:10DB600000D219A701EE2526F2CD5E12202722FF52
:10DB7000E00DF7001130FCD506DC0519CBC80DCE41
:10DB8000E92A0B0BD12201E81651E53205D6E7E36D
:10DB9000B12AABD201D6FFEA5109CB6BE42FC7C340
:10DBA000ADD60F2E22EA001803D7CDE2FB03E80A18
:10DBB000C2F1140DEAA5F81BF3A2E532BE261DF151
:10DBC00003B9DFD219D42FCCF308ECEA09FC38A54D
:10DBD0001C2A1814CD2235A5EAD70ABAB318500169
:10DBE000B9E72CF139A30AF20AF814F80BB617F5C5
:10DBF0000418BEF6F8D70AB39EDAE2C922F7031278
:10DC00001E86DA221627CCFBEFE2D7202CB80B0BAE
:10DC10001D2B34CCBFE8F809BDC835C9C30DD0E50C
:10DC2000E02BFC29D784B3AA2FE9180D1CBAF1E820
:10DC300004041C1113FBDFC7DB1DE3CEBEDAF21BAD
:10DC4000B1E209C6D6E0F6ED0E26FB0FAA1E2AF6B3
:10DC50000A30E01B4225FDD9EFE5EF2E0D21BA0E6B
:10DC6000D6FCE0D716D4211D0409D514B4C2E7248C
:10DC700006FFE7F6D1B9BDE02AD9F3180E1BEFEF86
:10DC80000FD2DFE29C1CDA2F09EF2BD0B31320292F
:10DC9000E206FFBDE7C932FCCCF3C3B80D21BF01DA
:10DCA000483C05221D042AEF04ED18E0F6FA1E0B8D
:10DCB0000604122FECDEF81209D0E8E7112BC6E9B2
:10DCC000BED214CD14EAE2DED612FB21082BFD0DE4
:10DCD000FFDEBDF754D9F213F5EFD02EE3D2F6F301
:10DCE0001DEFA8ED2EC0E8F8C32AD0C8DBDEC9E4DA
:10DCF0000AF70A05B8E3D1EED701E4D0AF17FACCA2
:10DD0000D5ECF6D1E30FD7F51DF30411DB38C0676E
:10DD1000C611DCD51722FDE2CBEF0509121627400C
:10DD200014F5E7CCEC0322F2DFA22AD5FCDBCCBA57
:10DD3000E309CEB8EADBD1FF30D20A09DAEF3C0DB5
:10DD4000CCFA04D4D911F2D5291424E5D62987F5C3
:10DD50000825F73CFD2CD514E034F3111ED9ED0451
:10DD6000FB0819DEB90A06DBD0E5D2F547FCFBDC7F
:10DD7000383ADF251E12353C262F3AECE724190FDE
:10DD80000D0FD619C8EDDCFB16D2DEB6F8DF173959
:10DD9000E5D4FA1804D798D1132112C6EE2EED1E41
:10DDA0000AEC0BB8E0E91D450F0417EE33120AFF29
:10DDB000D6F500C4EE041DD71BF5FF11D403F817E8
:10DDC0000AEC0A20E00F27D72038FC242A0BC7F1E1
:10DDD000EE29CCEA22DFE9D71CDED7AFE20BD5B4BF
:10DDE000F1D72A182701141119BEFCBB43C9D2FF71
:10DDF000CC0E17D00387F80FD2BD03EACDE232373D
:10DE0000E7D9DABF18FCEFBFECF3CEE00AE229D97C
:10DE10002E1600F3C6E203E9F3E308CDDF3745121F
:10DE2000BDC42FE7253717EA11D6190911FB03E501
:10DE30002108C9D205E900CC12D1CECBFB0EFC03E0
:10DE40002FA2F8291BFAD513DAD7D6E718EEF2D7A6
:10DE5000F72748CBBFC4FAC7A3CC40E9C704CEF824
:10DE6000C2FF9F11D4BDBFB335E52B271D8FD1DC79
:10DE700005E834DF2AFFF7DECCFCDCD2AFFBFAEE9C
:10DE8000C8DCFBE5B0EF03DBFD06120DA20634EDA6
:10DE90000638082413F6ACF3C9ED1125080DCD2979
:10DEA000E809FAEAE5DF110A0E08A3E3E5D6043330
:10DEB000E4EEE0E2E3C0BAF82ACE16F1DF11F2FA9E
:10DEC0001CE7DCE3D506ED1920E514F8C0D93A24A7
:10DED000CE0106BDC8BE2611AA01D1D50937BADCCC
:10DEE0003325EE0426ECE7E8170405B613160D09F2
:10DEF00022433C39FBAAE9D518DBC7CE163CC0113A
:10DF0000FDF8F1BE18D118BDB827CC0DBF0F0A20FF
:10DF100024CEFB0050EAD908FA0EE01CC3C4190451
:10DF200037F3CDD0270DE3E5B30FD7E0D0E2B5E569
:10DF3000EC1811E8E22BBFFDE31C1301D403DFE36F
:10DF4000E8F8FDE916F70AEA1320F62CD426D0B03B
:10DF5000DC09D1EDFB3808E706DED0FF18FF0E29FB
:10DF6000F8DF03D6FAB600E9E3AC1BDFEDE4DAAD87
:10DF70000622CBDB05E8D5010A0BEF14CCDE2FEE31
:10DF8000A5D23DEFF326D2B9331C33DAF818D540C9
:10DF90001DE2E22B1830D633DF222B2101E7FD19D9
:10DFA000E4DF0DD7C20EB9E9B6B4D60612ED06DF2E
:10DFB000133CE71BFC18220408336DF8E01BE52036
:10DFC000FFEEDF27B3DFC206E8E0D4A80AE2FD18BF
:10DFD000E3B403F2260903CCFD2AF194FB21B5D664
:10DFE0001BF517D9D7EAD909F1080ACD26F2EC0EAC
:10DFF00004F711D603F333ECE2F6D0ECBB2EE421A8
:10E00000EDE5DE2BDCE224DC4140042B3506C4EEDA
:10E01000D522CEE2120324D2E3C8CE08D700D6CB55
:10E02000CBDA400530CD03F8F33EFAB519DAC41E59
:10E03000D9F627E50F94D91CDFF613F3D4C82620B0
:10E0400001F1C0DB11FB11ACE2C3E9403900220B46
:10E05000462001E4CEEDE8C7D6C203E9DF1716F289
:10E06000C3BBF3D0250E01E819DF331601EC3DE800
:10E07000D2F8D1CDEC01D4D6C4E5D2F6E9FDEDD28B
:10E080002ED104051C11C726F6DFD1E5F8E2F7D939
:10E09000F60D37FCADD11303C90DEF19BA1EA1CE91
:10E0A000B80DC838FDA8C0870FB61E2019BFE0D430
:10E0B000DAE835FC0B06FAB3E2D4F2F6F201F10D20
:10E0C000BEE3FBB6E9F3E9CCBDEFDF179AE94609F9
:10E0D000FD300BF6413290FCB5CD33F1E819E3F297
:10E0E000CE05E4FFF3DE06F5F2F7B4D2E5C7F63D60
:10E0F000CDC9EADCB59FD4132CF812EAC030EDF696
:10E1000004F1FFE3C2EEEE2620E20ADCE5D13D1C7D
:10E11000DE0FDAF7ECCD1B0BE417C2DC1914F6FCAA
:10E12000292CEEFD0EC8CEE2FD1318D9F31DECDB51
:10E13000FC2B2061F5B809E217D9D5171EF5D413C9
:10E14000E5FBDAB11ED12A37AAF5FAC008DAFF1CBE
:10E1500027E3E3FD24F5F7EAD7FDBE2FC6ED37E54B
:10E1600017F8DBED0D0BD0F1D5ECDCE5CBECCD01F8
:10E1700012F608EDD22CCE13E518011CCC26FFF7C1
:10E180000AD906BA1904F5C62CF8FB252A12FDFF98
:10E1900005FDBFF6F73ED7F100D5D0EC29EFFA2EFA
:10E1A000DFDADECE27DCE7DFE7FA2EEA06E5BBCBD7
:10E1B0000432CBE711BEFD21EFF2E0D6DFBD251D15
:10E1C000CDB61D0B2712E5A70FF129E801DFB52E0B
:10E1D00004E9FD2B2718F208F8C2C2C8F12CD2E2DC
:10E1E000EB57CED24BF9E3E0EBAA2DDB25EF34E67B
:10E1F000F0B5C3BEB7FDFBE8F8C803F0A7D4F34100
:10E2000009AE22EFE7D70915E23007ED05F8D2FD98
:10E21000E6E4ECF1BBB7ECBEF0DEEDE315DFCCD409
:10E2200010160CD739F0AFD21A10C2E0B7CF3001B8
:10E230001AEFCA16D80CF4B6002CEFE7FDEA0FEC83
:10E24000D7210B0B0FC3DFF821DBDFE6E0CAD8DEF6
:10E2500007D6E80FC7EB1C3DF8EB0109D203E20437
:10E260002509D4E3F42ED2CBD3F5EA0FF5F1CCB9DE
:10E27000F8DEF007EB0304C20CFC29F0C6EBC71E66
:10E28000590CF7E4CBE4DACF31EB0728D839EBA30C
:10E29000DBC3FBED201EDFB51E39FD4132AEEC07BE
:10E2A000F839EAD804F5F4F4B9162A42DEFDAAC01A
:10E2B000FF0411B2FB03DF1D1E3E1CEB0D260F0CED
:10E2C00019C300347FAE46EC14D4E32201200421AC
:10E2D000E0C719DEB6E82D012DC6BE34D4DFEB0150
:10E2E000E7F5DF080D920D2A2926E6090BD308343D
:10E2F000D80DF1DF0C2A09160F9AF0F10808995B86
:10E300002DC0EACA07A3C7FCCA18EDCCCF41DBB1C8
:10E31000D0C84289FDBE29102DBB249DDCE2B1C7C7
:10E3200038BBDAE708B2BBB5C6BED2F4F44E32FC55
:10E33000A1A331CF01AFCB3AABF9D8FDF905050B5D
:10E340000129511CF03A38C30D95FBE2DE1008ECB0
:10E35000EB2E42BD0CB1F5FF20ADEA07F11AF73CF8
:10E360001D07E3D401D429E7CEE40DEABDE3CBD603
:10E37000360F250BF404D4F5EF0BDEAE16DAF1E020
:10E38000DCFC1DF103F8E03140320CED2DEF26E806
:10E39000EAE41DF7F0E6E3E4EBD8FBE6E3F0F3FF95
:10E3A000FFCEEBE6BA423E39ECECF0D4EFEB24FDC5
:10E3B0000819BBE2E407220FE841F81E13E3462ADE
:10E3C000E0AB4205C73DF8AED30310AFE6F8FCEF73
:10E3D000F01D000CCC1C25EAF425FB0CEDE618E43E
:10E3E00028EF38EDD20BD7D729EFDCFCF0F5C6F5D6
:10E3F000FBFDB326301DF9EC991D0CEFAFC3C00532
:10E400003AF531E0F011CC05C6FFD215D2293839E2
:10E41000F0F801F51AAB1828C3DBA5F7E22E390393
:10E42000F866DBBE380FDAECBFA546B5E707DAE6DB
:10E43000C2C3CCF3D6FCDAA10CD204E3ABE7BE1C1A
:10E4400009AD2D00FBDB1626052D08F7012DE4CBC9
:10E45000BA000CEBECA2ECCBF5DAD43019DBECE42F
:10E460002C1EF3181ED8E0DCFC10DBF0C03D21D6DA
:10E47000FCFDAA5A072500CF1329FCD428D7EDEFBD
:10E480000311F4D618BEE0F71CDED3DEE0EFE6ECB5
:10E49000F9B3CACEC220E05D08FC05ED111DFC25D4
:10E4A0002A05C4DFE4EAE0E2E224DB0FCBF845BF53
:10E4B00011EBF525FFFFE6BEF50332CBA1CFB50189
:10E4C000351A0DF4C6C2E4E742080851E73CA9D367
:10E4D000C8DA25074D00E8B6F720D0211CE3F03557
:10E4E000E22CCEE7DE0525C2EB112640D2B7EC22A6
:10E4F000D7F5F8B2FB0DC4F42439181D304221BF02
:10E50000DCC3E62C39AE3CE21307EA1E26031318DF
:10E51000C4D80813BDE622094718C32CCEEB070B5D
:10E52000220519090CB31C251C1A1108DEF8FD0F71
:10E53000CEE2ECCA08201510FF94E214EAD6212C92
:10E5400018EBFBD4EBA3E6E7BA36C4B90F4BCBBF4D
:10E55000B1F12AB7F5EF051005CE38BABDC8A9B399
:10E5600011BBE4EC20C6B6B9E4B1DCEB1C401504E9
:10E57000AAC42D9739AE083ACC56D7FBDEF9FBE793
:10E58000E410262C094DF1DE18BAD4FCD214D6CAF8
:10E59000DC0332CC11C7CB0D2EA6F0F00504CECF94
:10E5A00010FCFFE611D7C0EDC7BF0DCAD8F3E0F7E6
:10E5B0003AD414FBC008DB16C700C3B218C6C7E7BD
:10E5C000C005EFCEFFFFCF28351122FC18F304FC65
:10E5D00001050FE8EDE8E8BAF1F50BE3F9FFF5F90D
:10E5E000DB95F8ECCF38422EF909D8D4DCF335C4EA
:10E5F000211DFDEAE70411E708202400FCFF223872
:10E60000E2D3222DE20C019AF3F1F4AADF9BE2EAB5
:10E61000F110F41CDCF80FAE133109CC340318B33D
:10E6200042F13CB1EAB5D4A74FD3E0050814A9D410
:10E63000F918162E281AFDDFAA010501EAC6AAF468
:10E6400038041DE440F1EF45E0FBFF2ED32811C450
:10E65000F7DFD6E8D3A3ED14C8D49509E2524209F6
:10E66000DB6BF5D3590BECBB05D24A9907FBD7E41A
:10E6700097DAEC11F3E7CBC7F7CAC8D89AB1E32908
:10E68000FFD330ED0BECE351E4ED09FBDA4209C7AF
:10E69000DBF1FBEF24C832D2F8C2D6070FE7CE1A5F
:10E6A000141DEB1630F41D07FD08E6031A3113D3D1
:10E6B000FF019A570414219D1E16F7EC21D6FFEB9B
:10E6C0000029F0B7DBD7CBD201F9DFBFC60DE4FBE1
:10E6D00030CBD6F3B708E369F00503CEEB1E0F038A
:10E6E0000BF0F509DAEA07F8B335DF0895CB3AAE57
:10E6F000EDFDCFCCF0EFCAB10BCF18A6B2DCF0FD28
:10E700002CEC03FFE8C2E6AD612008B7EC1509E484
:10E71000F0D6F4D341FFDBA91915C647F130EA253D
:10E72000004504D0EDD0DBD7ABE00514F3B9E235FA
:10E73000190B0BC40B10A7D4DE08E3211E2E26D222
:10E74000EDED113855CA26EC1C240F2025F538F8BC
:10E75000C7AFD708D3E3FD32154BEDF4F4F711F54D
:10E7600040F9ECF3EAC3041104D319110B1EDBFDCD
:10E77000B3CABADA22FB200003D0C325EBE70114A9
:10E780002A0707ED09A7F3D8D62AA3C7263EECDA55
:10E7900000BA3AC2D6B9DF16D7E61ADC29CAABBE30
:10E7A00016AD24C6FDB3B7D7CFA7F41C143C08F1AF
:10E7B00003E246F722C4F51E0101FDF5E3FDD2FB9D
:10E7C000C7FF1026F8150DD8FDF8B9F5EB2CF00FA2
:10E7D000011551D420D2FC1C19C3F7E00000DAFF68
:10E7E000F4040CC4D8CFF0DA21A92DF1BBEC07BF9B
:10E7F000083C08EAAD0BC219CB16F3D611D4DAD710
:10E80000E20B24D300FDEDCB2C5922F7E71A07B910
:10E8100008E831DFF01A01EAD0E71DB6F1F80D097A
:10E82000F4AFCEDCC72C4321FB19F0F1C7D825F09B
:10E8300022FCEC05DFD73EE30B3613280DFF3E4DDF
:10E84000CAEB094AD70155BAEFA7F3A9D8C29FD896
:10E85000E81CEFFDE82201FC0816EF2A13F91E0D53
:10E860003AF55BB709C8B7C73EFCE014E332AAC467
:10E870002400E7160BF40C07A7E80B2914D7C4F7FC
:10E8800036EC093031E800040FF85639CE4300D495
:10E89000DEECD3EDC8B5F42DDDE9062507FAD34348
:10E8A000FFC9DF17ECEC0B1D10D4CA1D14EACBFB1B
:10E8B000EC0111B7E004160CF5D907051F2B32D572
:10E8C000A71BD2042817EB95D209CDD000D4E8F0CD
:10E8D0001F1DEE073B1427FA0D9933FF12CF17E6E1
:10E8E000D3ECE0F00FD5E8EFFEE3E6EE1127C2E847
:10E8F000C92BB927E3C9B9071AF5EB22EA3DA9FEEE
:10E9000010E1EFDEE5D8DFE6BC00F10BD814DA0D3C
:10E91000D6F71FFC1B311CE5140F2A0B071A351BF9
:10E9200025DB9EE5D0C0FAEBA909E4FE000A010F41
:10E930000A2EFB0C15F4E627B71C1628E3FCE6F5B7
:10E94000111700F4F1CFFB3526DD18162CDDC7FFBB
:10E95000B8D5D20C30FC0D1FBFDFEACA1A152AB297
:10E960000CDFF7350A1C1011EA1BBECFD6FED20011
:10E9700009E5FAF3AE26213BD4B90A1D0BCAA9FA60
:10E98000AF1807EC181CF51FC3310BEBA11209D906
:10E990001B5DAD21EC2707FA2E180FDFDDCACBDE99
:10E9A0001F0BD8F72E0DD4E4C70FC7D50AE02820D7
:10E9B000D3F406F4F5E30DEE23CE10D01FE0F7F606
:10E9C000120A0717ECEFF0DBE4121F1220BEFAEF79
:10E9D000D8F42610C2F1BDFBB4DECDCFF5DE27168C
:10E9E000BC04251000DB02A8CF1F39EFEBE5EE1BBE
:10E9F000DAFAD2D011212A0DCB05F6FC20D32DF462
:10EA000001D9C8D6E5EEF5000BA8D4D430F1B34156
:10EA1000211F0416F102E111E4EBBCD846C410F644
:10EA2000EA01FF17D2090A0ADBFFF028092CDD40B2
:10EA3000DAF5FF12F525F4DD00FBFAFC11ECFBFB27
:10EA4000FA30EFE1FE15EF072DE832B92BC50A23A6
:10EA5000CFE5DFEE06F705C4C723D601FF0DE62C90
:10EA600025F128CA9D07FEEF15D30CFEF310EE0C1E
:10EA7000E9CBC304EBEE092D16D50DE3E5A62ACBB1
:10EA80002EF0FB00FE00FC10E3F5FFF1DAF910DBDD
:10EA900009E3F5FB02EAEBE4EFD91A20D9E0FE0A1C
:10EAA000F4DE99EBF4D8E6D0E60A0D12ECF906ACE8
:10EAB0003718FA0D16F0FFF9102611EAF6DB10E10F
:10EAC000C41C4010F0FE25D52C17E9272D001CE4AE
:10EAD000D5F4FCC9E6D0D9FE0217051D12F9D6F708
:10EAE000DEDBBD1AECCF23FC1A01C8F506EFF904F2
:10EAF00005F41BD0D9F01F23B8F315EF2AEF1CB390
:10EB0000E90011F3111BA7DF1C0506DBCFDEE8EFE0
:10EB10002D14DA161C0A27E4E0B614D21DDF21F703
:10EB2000D2DDCFD006C40100F0D3F0071DF0F0E035
:10EB3000C04CB305DDE6DA0C14FAE939E125CF1251
:10EB40000BEFF516D50C11F40AF6090DD01ADA10F0
:10EB5000C0E01416223C0AC422DF23D8FA46441C23
:10EB600018EAB9E5F6A3021FDA020B060C07DFF973
:10EB7000D222EF17F607EB10D516140BD0CFEA28E8
:10EB8000FC141210D0D8FF231BB1EA061BBAD3FF26
:10EB9000E3DDB90F1A0A0F26C9EEDAD820DBFCE351
:10EBA00002DAF12C0516D9040031C304DAFBC4D013
:10EBB0000BF11406D5010B3BD4091ADAD0AFCF15EF
:10EBC000D41602E123FFCB1FD01D02FCD622F1D5C3
:10EBD00015DEDA2EF91FFC86261B120D04B4ADB724
:10EBE000210BE0FAE8FCECE4C407FCC9D9E92325D1
:10EBF000B4E60BEAEED5ECF423B907090CF61420C1
:10EC0000FEE51409CEBEE6EFE309162223DA1FFA69
:10EC1000DBF11207C5F4F6E4BAD2FCB4011426FE07
:10EC2000EB12462214CB01EBD0331BE6D8CB061FE8
:10EC3000F307BEDAEF0F053BDB09DAC318D830E87B
:10EC400002A40A1FBEDA0704E4D3F5DB320BE53E6B
:10EC500021120107EF06C2FBCF0DB9E639DA101019
:10EC60001A1AF301111D050F06FEEC110412D63716
:10EC7000CFDFF9FB2306EFCA02EF11F025DDD30643
:10EC8000E02ECDBCEF020707F7B432FF10E3F41B10
:10EC9000F6F0DEE404FAECEEC312B3FB00E4DDD9D7
:10ECA000FFC21DE9C90CFBDA18E6F9D5E302E9F663
:10ECB000E6CAADEFCBE3281B0CE430DEE1071CBE57
:10ECC0003EC0C5F4FF10FC21C2EC27233B2206F412
:10ECD000F5D8F91822E4F7AF1ADAF601D3E9F618F5
:10ECE000DA04B8E3E9E9EBD0EB12EE0AD5DE18DB83
:10ECF0002A17E9FE12C2B900122614DEECE3121D37
:10ED0000F50C270CF1BEF0DE1BF9C30F1AF701F763
:10ED1000D9DFE8C0F6DA04DBF5010C260D06D0CF0A
:10ED2000E8F0CE31CAE82A171CE4E804DED9DBE1BA
:10ED30001AFC31DA06E10F180FD20DD223FC11D5DF
:10ED4000D60DDF1BE605BAE3CB0CCEF0D3DE0DD536
:10ED5000FBFAEEF917102DE6B4E601DD16EBF6C767
:10ED600081D3C0C8C8DFF5F402DB17EA1002C3F98B
:10ED7000FA41CA0CD9F9EBEB18CF0D1AD5E4D61A23
:10ED8000F5160112FACD00001022F307C800DA04CC
:10ED900012DE2017142AF4E9DB0923E307183EFFEB
:10EDA00017D4E0B611A0010FBDB9DE2B16E5D50BC7
:10EDB000AC28D831C7F7EA1021091FFAE0CBCB15F0
:10EDC0002D0A23180ADF271F231132071DEAD5EB6E
:10EDD000B6DAD9072BDEF70FBDF1FCB2FE22F0C880
:10EDE00025E3D3260FE00700F911C4F5001DD00577
:10EDF000C2F0280201F3DB1CD0B115EAE0FFCE051A
:10EE0000DB11EBF111FAB91DC80ACAD8FA02EED427
:10EE1000F4E1D218090F23BC31171BE6F9DDE5CE6A
:10EE2000200AEEF7D00A1BFF07F428CFF10642268E
:10EE3000C0FF2CE3DF0D10F528D001EF23FEEE1FFD
:10EE4000DF07272AF9D2FC15FA0C361D1FEE0FFE3C
:10EE5000E0F3DB06BFFC1CE1D8FEF5C710D01C3385
:10EE6000F40A041A26DFE9EBBE2A2ED0D8CE1C2BDA
:10EE7000EFF9DADFEA28E825CB05E0CD2DE4010142
:10EE800017CF1B0CB8E5CDF4FED907F33C11A94D03
:10EE900004F1FC18E00DEF0CBE16D9F558D4DDD501
:10EEA00023FEF3F9FA0DFF10E105CBF62A22F53D1A
:10EEB000D2D8F9E90DF7DBB8F3E600FF00F4CAF7A2
:10EEC000C51CC400F9F500220DD42C1AFEE811254A
:10EED000F7C3D4D9FC15EFE5DA0AD91500FBC7F55D
:10EEE000FCE816CB0F0114E914FAFA0DDD14E40462
:10EEF00009C2BCF9E0D51F07FB9237BEDF0505EA62
:10EF000021E0D407E804DF09AFF00910152301114F
:10EF100018F0D9260DEA04C5DBC5D2DDF400E107FF
:10EF2000CDF7C8F6F002FCDFCEFA0405F0E3F7CF28
:10EF3000312BE3F6F3CDD2F9FF31F721DFE5E02302
:10EF4000F6D82E18FCEAEAE1E4FAA2DF28D5EF01B0
:10EF5000C7CE02C7F711F4CDC8F42AFDB1E0E6DC54
:10EF6000F0F5DE06120AC6E09CDBED1F0E32CC0F78
:10EF7000FED0CF1B32235811F0F1CBED0BE11B0972
:10EF8000D8D72233DBDEE700F1F8F9C312F00B0328
:10EF9000ED2224D6F4D81D02EC2010282EE822B54C
:10EFA000E0C5E6E713D82C092BF1E024F121102865
:10EFB000F2E6182EE931072AF000FFC1FDA2D6DBE8
:10EFC000E0CE0AF0F2E408D299B411202AE6DFB3C9
:10EFD000E0E91408DDFD451910F5B2AECF170CC7F6
:10EFE000E7FAE0F5FD0C1C1CFBD812E3E9CED908CA
:10EFF000C8C4C5DBFA520ECC01F9E623ED38290E60
:10F0000033B6BCE6FB363C1410CF18E3FF171C1FC9
:10F01000CA1B130322F138D9D3C814A2F9E6E7CDED
:10F02000F1082A06F2E9002201D8EED703E92122ED
:10F03000D7FE31F5F600FBF8F0D932F8E5A5F0E699
:10F04000C624D0D20AEAEDC6A525D7F130D82113BF
:10F0500020183BE1CFE825E413FF2BCCE5EF19F0B6
:10F06000DD35F71A0206F2BBE5D3E33509FBCEF630
:10F070000619F0F7D7AC3A0B010AF4EE0813C6E014
:10F08000062509F802D6D7F4132BDC05B7DFDEEF2F
:10F0900003D6E11A1D05F9D8E5080725A202D7C84D
:10F0A000E905D6FE38DFD53C1F0012F9E91BF9F857
:10F0B0001F27DB18FBE9BC0719F40EF41220080E19
:10F0C000101FCEEDDF2B2D24EADDF9CACCF7F905B0
:10F0D000C8D5E3DFC6D721D7ECD0E6CE1317F6E7C5
:10F0E000E7B20012D9F0B605F4F905E0E9F6D2C1AD
:10F0F0000AF01C0CEAD58124C223C5EFAF16B1E893
:10F10000F7BCF5E0200922C4DEEDDB07DCC2E43108
:10F1100012D8E5F6FEE5CF00E40FD314F6F9084562
:10F120003F20E50113E5CE31DC24C6E1B4DCADE1DE
:10F130000CBBFAD9CA23DCBA20FED0C406C3E0FD5A
:10F14000311C12E9E7E620D91409ED4BDE22FA144E
:10F15000E523CBE5F9E79B08CFEC16E6E81C5A510E
:10F160001DEAC70A0F17CE471ABCFFDC291013DDB2
:10F170000301D21FA0CBE409E513290EBAF2FE3B2E
:10F18000FAE5D84711E8D3E8DF2A3DCDEA242BF190
:10F19000F0F61F3E2932F523CFDD1F0CE5D0C7EF77
:10F1A000F5DED7EA0C07E016B4F6DF3A241BF60CBE
:10F1B0003ADFA40F2D2718FF13F2091F22F10303D2
:10F1C000D4D60C2EE0BCF400D5E0F0C1200819E341
:10F1D000E0130FB4E4CB11D5D800F7192B1A0EBAEF
:10F1E000E3AB35E90ED7231B1DC4DD12010C1D391D
:10F1F000F0D2301DF421FB2EF5EFD6D0FBF1DE026C
:10F20000FF0106F2DFE7F4FAC2F1DE283406210836
:10F21000D9F9F2E509F7320B03DDD71CDB07FEED68
:10F22000E8FDEFDEED09FE18F8AC08162ECEC2F5AB
:10F23000BBD7BFCCF02D16B4E1EFDF06EE2E17D40E
:10F24000E9B7E3F6031DFA10F6C400C2071D18055E
:10F25000C32E2320171111FBC2F21AE8EEF4D3D704
:10F26000EE2203D421DEA2132BE0DBE1FA00162C00
:10F27000D605F507F2E82901E1031F10CDDDDD0C0D
:10F28000ED00F1DBE708DD071619FBE414B91919E5
:10F290003D1C44F6F5051DCF0FD646CF01090300EE
:10F2A0001223E3FAD4FAF8D4F8E8C8300101F5F2F1
:10F2B0000018ED0CF7E33C290F310ED20AE7C7E640
:10F2C000FD0EE714F7EDE9E9142B0AF2E107D3DDAF
:10F2D000E8F5DB032BE53BFAFE051AFEEFFDE0D374
:10F2E000F217CB4F2CD0DD080C1CEADBBD24CEE39B
:10F2F000120BED07BEE3F4E11CE307D7FA0709168A
:10F3000003F1FEF6D3113339D8ED09C40EE1F9F655
:10F31000E6D2D7F9E5E513C7BAC3DBBCE81CD62DA6
:10F3200009B60211FBD20FD2E8C307F21909E3D3E1
:10F33000132BF6130ADBC8EABF1ABCFDC23AE7BDBD
:10F34000F7A3F61213030B8FEE09E02821F0C4296E
:10F350000AFED83306DBB33DE41AF708ECB507F133
:10F36000133DE51B1BDDC22BE424EAE5F5CCD50AF1
:10F3700027A5D9EECE08D30E0EF5E7C7FDE6E8F8CF
:10F3800011EA09C107E12B1624DD1822CD0CFF2A52
:10F39000FB2AD0EED8D3ECECE8E127F8E10F283CCB
:10F3A00018F0BDF42036B92D0BF60AC7301B06F74E
:10F3B000CAC5D820C8B7C3100710DC1DD607FEFD8C
:10F3C000E906D731ECE9D8D8E0052EED0CF633EAA2
:10F3D000EEFA12353413E119CAF8380ADBD7EDD347
:10F3E00000C8F8DFD8EFEEE1E3F2DC232E190AEED5
:10F3F0002EBEB208F435E6F4DFA8EA102DE6FB01D4
:10F40000190EFFFAB5DDFBE3CA29CDE436F802DBBD
:10F41000FFF033C7D8D2E9F5E5031129320EF1A385
:10F42000B2FF3EDF0AC51DF50CC50CF6FDD213CAAE
:10F43000FEE52EFADC1DDFF5DD1FEEBDE4D5FFEEA7
:10F4400009FB1309C6DD0620E7FAD34963EE1FE086
:10F45000D60BEED412E925E1BFC6DE2AFEF2F5EDA9
:10F4600002FBC1F5E419EF01DDDCE80AF9F8D92562
:10F47000F5CDDEC3E71A1BC2E6E4022DED27E5D881
:10F48000E6C5D6D92320E3F1E7A3DB1FEE2BCCDBC7
:10F49000CB24601BFEFE28F5C83B24EACE9C00C6A8
:10F4A000C61418CCE9F7DF2A3AD9C8FBD8E832F7F6
:10F4B00009F5E3C7D3E33913FBF81617C8EDBD0C04
:10F4C0000AF013EECA01AAD4E410E8CF19B321134D
:10F4D0003314462216E122CEDCE309C80C11FD12DA
:10F4E00001E1DFF0CC1FC7D4F8F5FA01EF1BE1E32F
:10F4F000F41B1C14DCDDF043F52306B5DCD3C4F1AA
:10F50000F1F6E4F41BFBCB03183821F7D705E5E847
:10F5100008F6E9E525122D2542BD23E4EC11EEBBEA
:10F52000F82CD72C0FD6CFE9E801DBD8C33603EC93
:10F530002E22130ED4DCF4D4290BFAF6E911DE0ED8
:10F54000F7090CCFBEF61D09E3E51B12FFEEE5F54A
:10F55000B6E1DEF0E30307B7C8CCE4DEF106CBCAC0
:10F56000DFE6290EC6F4011D06BFF6BADB02E80786
:10F570000219E5350AE7BDD6FB2803F9DD12F8EFDD
:10F580001CC7060602FA23DCDB12CFF42CD3C11F02
:10F590001AFAFE2DDDCDD328C51F1F01C5E7F1F8EE
:10F5A000F822080ECECAE816051BD92DF102BEE4DA
:10F5B0000EAC0FCCE432D3CFE3D2BE12E6E9DFF4D7
:10F5C00031F9FEE1FB06273C2CE11A1AD9031C2471
:10F5D000101CC8E9FED3F5F4E3A82303E32C0107CC
:10F5E000D4C7DBE01D11CB230CD716D8241F0F2C5A
:10F5F0000AD5D022BBE3FE222E2DE908DC03CFED95
:10F60000B70BCE33E002D9E7DEFF24F8334D7A1191
:10F61000FF1412223810F4F627DBBC9CD2C509383F
:10F620000A00C999E0102C150A1B04D3FF15C8461F
:10F63000F3EAF40BD826DBEFD5140F170AE5EBD667
:10F640001C282817EED8E1C818F7EEE9C9F62601FC
:10F6500017FEEFEFF320E50B1A28110DD6EADDBAFD
:10F6600041FBD205FBF9EC22B409B6AC092EF10737
:10F6700006C70BD807053CBA3CD400DEE5D6F7D464
:10F68000C4E50F2CCB0CCFEF09161B0A16EEF5D2F2
:10F69000CA22C502EEF5D9061DCB17EBEB99DBFFAD
:10F6A000C80618C920F32205D625DA12D3C033FACA
:10F6B00026CF0BF12CEAACE1DAC8EAFF3BEEDEE53F
:10F6C0002222F7EC04FFFFFCC32EBFAEC5EB15CD25
:10F6D000F6F70111BFDEF6F5ABCBCDF6B2B3E8EB32
:10F6E000050404E1ADF3EF2601D6EBE3EEF60CF1F1
:10F6F000EE1BC7CF2CFADAB1F0D602F5110DF91FC7
:10F700000CDB2314EED4CF0CFFD859EB0FD4F4EF5D
:10F71000D401E9E4F125CB06051FC9F1DD010F2174
:10F72000E9E0D8FE23B7E1B70AE02D1D09232CD864
:10F7300018C023F1D009CAF604CFFC25A8D314DDE4
:10F740001D11F4D6D220201BB7129EACB6FFB720F5
:10F75000D0E0E9EFE53C20D9EB16BAE3D0FBC0D905
:10F76000DB09EFE60FDFC720050A96D815051FEA6B
:10F77000E801F5F3F7F6D8E312F40132F7EBDBBA60
:10F78000FBF49D142E06CF1596C9CE07EFF421D6B3
:10F79000F9FBFFCBEFF50DE30CFFEBC8064028109B
:10F7A00028DFB4F5B2EEDA04F526F0EFDA00C50B87
:10F7B000FE40D6AE1F06B4BD4335EEB3DFCFECC777
:10F7C000FAC8E6CA1DDF0B06B3C9D404C8BDEF20D2
:10F7D00026EBEED2F3054631F54FEC16FA16D3CBF5
:10F7E000EF020BDD3318D3F7E605E6D5DDEE1CEEB0
:10F7F00002060933F316EFE9C9F1FAD4C8D4CD15DE
:10F80000F3F1AEEFE901B90F15C3BED025FA12121C
:10F81000D052E9F9FB3ED0251DB7FCC50CCEE01750
:10F8200009111206E4FB2E0FDD1620D0D8EE49C7D1
:10F83000C9CFFEF0CDF6EEF0020BD306EF160D0D9C
:10F8400001E0EBDDF9F4EFFCB8A6E11402F7E61BEA
:10F85000D4C81A07FEAB174C09FAC8D8CBF0FFBFC3
:10F860000AFFE8A107142B1AF50F0209F604F12884
:10F87000FFE6F504FA1605FACE1A1116EAD8D60BE9
:10F880000D25FCE1DBDEEAF4E6FFF325B91425F7EC
:10F8900016F407EEDD10DE1C1A313328D3F4F1051F
:10F8A00011061825DE1AF640E309E4C9F60BEFF558
:10F8B000FA93E1FBDD072CD420F1DFF60AE014CA4D
:10F8C000E9351B07CAF740EF061437B2D8F5D31550
:10F8D000F127B7F4F7FC2017041120B609B8CAF4D1
:10F8E000E1DD18D2102328CDC437E9C7FCC4BDEF31
:10F8F000F9DBFA1116CFAEF7CEDDB91239CAA8116D
:10F900001740C7020D2AE3C7D42AC0E9A7C40CD206
:10F91000FA11FCFCDBDDF0F5B4EC0217CFDDD0AE64
:10F9200018E1E6E1B6D3F91FD6C8F1F40C30FFBDFB
:10F93000C218D0AB1704DBE6CFDFE61FEEEBC22D1B
:10F9400020DA221FF432D90B0C172311D304EEE175
:10F95000BEFB06E30AEFD0FEE9309DDDDD0001F4D9
:10F960000033EF81E4B1F9E33EEF2D1F1107EFFC07
:10F9700011CF2D04D404BA0110EE1107F920FB0BAE
:10F98000EA392207D6F12C1BFA1ABEE1CB1B37F35A
:10F99000B7A6D6100A3CCE1BEA14ABFCDD15B8DACC
:10F9A000E923D0DB183CE012DF17D618C5FFF5BA03
:10F9B000D4101B0AC3D2E5B914001221E905EAEB01
:10F9C000D81ADF12FEFC12FAC4EAD4BCFFCF41B849
:10F9D000D5E6D6CED4BD2BF6FF25D405D6265ED4EB
:10F9E0000CB8C832EBADDFD6EBFFE90C0131DBE040
:10F9F000E021B7B13012E60D222A0A1F20DBDEB665
:10FA0000DFA8F7AD11D33710C0C3B6EE04D6F0109F
:10FA10000DDDD2E9DD444F2212170C21072812E92F
:10FA20000904F5BE46E8DAF3BD02F0BFCE120FF5C9
:10FA3000E0FFFE3800D0FACBCE30EEF5CFBAACF90D
:10FA4000D022D4FAF7CDE5CF1A25E0BF261D2EFB34
:10FA50009C41FB110C41CD11F4DAE84EF6B8D91CEB
:10FA6000DA2120FEA7CF4706F61731C0D9EB2DC803
:10FA7000A7D921F4C4BAF702F4E3FAC7EA1B1617B0
:10FA8000ECE3E0FFF320D5F5DDBFE017FB05D33C49
:10FA90000A02F50FF1C90B370A0A02D6C9CAEC01EE
:10FAA00020F6F4E404150BD8DB16FAD5FABD1610CF
:10FAB00021CE010C20F32BF626DEE6CDFFF3160651
:10FAC00004F0D409F701EEC8EEFBDA11C417EEE337
:10FAD000DDCBF19BD2F0FA173000F040F9EEFB0CD1
:10FAE00043CE362EF102DF11B3F916CDFBF5E0DE81
:10FAF000F5A0CD05092B59E6F3E4E1E121F407C2B5
:10FB0000E306BFE6D2E11102F4EA0DDFBAEBE51F2E
:10FB10000B4AF1E3E4D81DF5181425C50701DBCF26
:10FB2000F50555D3390609DEDBE806D20DDFB60C44
:10FB300005E4EC2210E3D300D8070F2741EC010FB6
:10FB4000304DCB040532FBE0D4FCD42EABC417F40B
:10FB5000E807C4D2E1F5E30F11F7E50CDAD4FEF1C2
:10FB60000CD9CA30A2EEFB16EB02070DFB2E23FFC9
:10FB7000EC380BD5E5FA21DF8E57EB1C04E1BFC44E
:10FB8000FCC8FBE6D6311AFFDDF12ED2EE20D01FE5
:10FB9000F40B10E04E1FE0D4CB36C9AB12FF0A0BBA
:10FBA000EE4C1BD3E4A6E5A60401EAF0F620D8E368
:10FBB000F3DE400BF521D01604F5FC1DE81D16CE32
:10FBC0002804E902D0F11F0BDDFAD5D5C0060C15CB
:10FBD000E8D4F40DFE22E51AC4D8AC04CFF4D6C89C
:10FBE0003137E0E5F94E16D81DF4DB18F9DADEE11D
:10FBF000D6C005F317D4E9D021003339F907DDE881
:10FC0000FEE8CB25FBD647DFD5C9D80121DB04961A
:10FC1000EE00DDEAAFE138F51715F9FAE50A0A1446
:10FC20001118CF28DEDEDAE6E809EA01222A20FAF6
:10FC3000BE35E5B936E1F3F3E822FA21B4040DE16B
:10FC40000DD6E3BF20E000DEB9CBE0DEFF060F2DCE
:10FC50003B111AEACB1F36FBF0EB2EFC1037AF0C32
:10FC6000FC53FCB925E6DDC702D311E597E407177D
:10FC7000C51DEF1715EAF5E10BF5F011C39592D00C
:10FC8000D520992BFFA10CF11AFBD3D3F9DA261159
:10FC9000D542F5E5A026D518E4F0F9330DACDB0C20
:10FCA000FFF31F0FB1ADF41AE80AF6D3D9C9109EBD
:10FCB000EBE6D80BD60D20D3DA96DBEC054405EC49
:10FCC0000001E6233EF9FFE9EFB605BFD9D3D90518
:10FCD000EA1C041A18C4FF1DF63D2728F8E410F7A3
:10FCE000C9F9DD0603D3FCF732DCD0E5D1E7E1F654
:10FCF000020D13DB0BDFE9D7092321C7F1EC04F672
:10FD0000F33505ECF11DE6CFF422E7FE31D7EBC465
:10FD1000FB0CF7FF28F6F807DBD81B08DF30F7A647
:10FD2000FEDAE925D6FD03B204F2E4F106F1DEC7FE
:10FD3000F920C8EAFFD0192026ECF9DF09FAF10F03
:10FD40002B13E1FDE5E0D19F3511DCF0DBD8F6D4D3
:10FD50004007EFFEECDED9B2F12B103CC71005E8EE
:10FD60001CE0203ED2AFDCF3D329EBCDA71906EC83
:10FD7000E4D40602FAEA3B0516E803C604F7C51503
:10FD800000EBE7EFC2100BD5D1E3DDC8D82FD924A3
:10FD9000210AFFC6F1EBBA0E373838F1E2DDBDF9C2
:10FDA0000A01FE30E3E808CCD306EBF2EF06DA0EE8
:10FDB000C1F7CCF4361120E9FFD8F0EA0D16DDE6E4
:10FDC0002D0724F1CFE3ECEE0905DDD3C0F200CC22
:10FDD000E206BE24261D2A0EFA1B231FECFC01D4CA
:10FDE000ECE603CEE54E24D92AE1E7D0B3DFE9E122
:10FDF000BCC9F0DAC728F0ED01DEE5C9E91F260B22
:10FE00008CEF0527DF1DDD1DF8D6E3DDEB09CAF118
:10FE1000EF27D6EC14F0F81A2F2525DE1BD5D40ACF
:10FE200012032B08B2DFE61605F9B9F305F2E6CAAC
:10FE3000D31DF0FEE6C7F7FCDE03E710DFFFFACDC7
:10FE4000F105BDEDDEF1DAB44FEA2FE9FB2CE0EF6E
:10FE50000412E8E211FFF832052FE4D0E8F1000ABD
:10FE600023E4E90EDCE4C8F84A012DDBCAEEEFDF3B
:10FE700013F0D5212FFAECE135261A4117ED17F6CC
:10FE8000FC0F261ECAF9D1CAF2FFF3FFD727F61BD3
:10FE9000EEE1D9E7DCF60022F7CEEEDCFBE72EF749
:10FEA000DBDEB2D6C7C9E1DFD7E6D50FDBF1FEFC5A
:10FEB000E823172FE3D3B9D8191C00EE13F8FAF38F
:10FEC000E1F9E20EE5D5E819E5422CDEFCE365CE6A
:10FED000DA00F3E3000E11E5FD06C3E914EDC0F40A
:10FEE000C2E62BD62C0522F4EDF6DE01F7D3F2F2B2
:10FEF000331929DC0D3F1DDCBDE91AC517FB27C7E7
:10FF0000DC0B0DD7ECE816CD1312DEBF07FB29047E
:10FF1000DCCACAD6EBDC06D0F52A0D09C1B9E70266
:10FF2000AFEECE08FF00EF0434D2C7E4CCEEC3EE50
:10FF30001BF1E5CB01FDFEEB1C3014FEDBE707D027
:10FF4000E907F3C1CD34D3D47FE3DF4E2BDCDDE80A
:10FF50000116FBFB28E50015DEF13B30FD1A0BD640
:10FF60000CEEF515CEF70500E2F2F0F4EFDDD3CCA0
:10FF7000D1D4D0CC09D61B271DB927D2F118E6EE73
:10FF8000F93ACDD6D3D5B4B21D03F1DAFBD00F20A8
:10FF90003F1BF7EAE7C62AE6FC000EE3EFD7F0CAFC
:10FFA00022F4075DEE04A3EAFD3AFDE3C81AE2C2BB
:10FFB000CECDFB01E1D2270EF5D807253A12B9279D
:10FFC000FDE7D3E7BB3A06C7D6F7D0C5EE13E30E7D
:10FFD0002B02111E0EB5B62406422505C0D7CCC78C
:10FFE000EB29082BC6C3D6DCE3F8F7CBC5120BEF21
:10FFF000F122BDF5491EE6E0FC06F600340DEBD912
:020000040804EE
:100000000B0527E9E50106C8ECF905E2E5E217F67C
:10001000DECEDAFEE42DF4E1FC11F23AE6F625E557
:10002000E10FF2CDFC2B3BC113E6D5F9DDD207D1B0
:10003000E6DCFFE8D021C7B914F0F2E4DB1823CAEC
:10004000B6200E14E30BD81CE4C4EE03D0F0CAECC7
:10005000EA0F05DF29E5F6240445FBD8D7D2CEFE0A
:1000600018E613F4C921D0D505E8B6E41ECCFCB2DD
:1000700012EA10ECE2C1090CE514EC34E4F90102D7
:10008000E3D2E70A2AC511BE4FF746FCD6F0C7CE29
:1000900013E6FDCD0ED32721122813BDC92FF5136A
:1000A0002DD6FD28E900F70552F433D205B5F00648
:1000B0000907E50963F90000401F191117020CED4B
:1000C00015162B37D4CEDDEE0B0BEDEDEC130D1822
:1000D000E9DFB8FDE64BF021DCDCD7F5D85F35F67B
:1000E000F4098AE4B0CCF912DED9F6C2FD10EBFFB8
:1000F000ED21083302BDA7FE1605D90108EDE20384
:100100000409D403B4CFFEFCE315ECF3E8EE50335E
:10011000D713DEEFE3E7BFDFE8CFE11D19E2CF132E
:10012000B7011BEB07DB52DBEDBDFBFDD3E7380569
:100130001FCA1603E54F38F7E51026C216E7200060
:10014000C7E417CEF2D1031013F6EABF27F0461822
:10015000D3F4D4C3F2D372E2ED02EBF4F2AE0FF5B6
:1001600009F3CF0E38D9A30EF4DDD7FEFCC5F0029B
:1001700026E409EA18F114ED0721F6F3C9F3D8D6FD
:10018000DEF9CFE9EF10FCD44CC9F0362CF0CEE705
:1001900004C6CC27DFE3E62BDF17FB22FD26192060
:1001A000E1F70414DAB212EBDAE200FCCDF1DADCAA
:1001B000EFB3FBB602F5331EE2D7FECB0909DDEC47
:1001C0001A1ED7F5D9F7EC01F51AF1EEDEE8F028A2
:1001D0001C2013FCC3DF01D226F511F013E40EE757
:1001E000540D0349E8E1A0D1F9CD0BE60CFEDBF09C
:1001F000F0F7083BE3F41121F7DC072E2712F11A80
:1002000039E1DEEDD333F4DEAD19F512E20CEBD6B5
:1002100009EA1406F7EFC406272C2708CCE8C7D94B
:10022000E027C96FBAD9CAECF60AECDA1132F5DA6E
:10023000EC01BEFD0C0FBCEFE5F7F0E22705F7EA95
:10024000F5F11BE1EA0608DFF0E909E81A02DED75A
:10025000F102F4F10A1EEDABD40ABDE001E7FBF0B8
:10026000E8F811DDFA17FFF70ED4CBE7C5EAE5EFA2
:10027000F3FB1E050EF9F0E3DEF8F0F2FB1802B214
:10028000E321E02B0DFEB43CE5D3CD01D5DCCBDC86
:10029000F6F2F9E831E2D305F92F0901F3EFD601BF
:1002A00003FA13F8DC43F0DE60CF0A1221FEDDCE44
:1002B00017D7FAE0ADD505F2CBDD162BFE0B0B1AE6
:1002C000EBDFF02321B909C134ED1808FAE8DF1C8F
:1002D000DEE2FFE9FAB5FBFE1215FBD1BA04D70C3A
:1002E00027F1DA19FDE2D0EF070722DDF0D4EBECBD
:1002F000CB0EDEF34B06FD18101C0BFD1F1404DAA9
:10030000091809E6CAE3CFBBEE000AD1F022060EB7
:10031000F9F8102503E9E45808F1E8F2DC53050286
:10032000151AE1F7C4ECF01E03051EF8D73BE813DD
:10033000DD23152008EDAFF5351BFB09DFF0F3D108
:10034000F8FDE316E0D705EEE83CD4E705165514B2
:10035000B602F6ECE0CFD80FFFFC0B071DE0DA2168
:10036000C41D1FF30DD2E1EAD01401FBDCE92D011D
:10037000EEEEF70AECD728E701CEE5E111E71CFE27
:100380001A0515C2E0CB0C0E15CDFCC71AC5022903
:10039000F603DFE1CFF257F3FF25282D08F43D08DF
:1003A00019EC0D101CCB050D28E82611EBE8250BE8
:1003B000EA04D3F52DB9C4EB111107B2FDB230EB4D
:1003C0002AEBD6EF280CFC05CF0022C6E4FBF4FF95
:1003D0001916D72DF0C4F1CED3F8F90024DC083972
:1003E000F7420921D2D4B9F81A3E13BAC0100F0D42
:1003F00040ECD7A301CBD6250CCEF1CCF313F9C436
:10040000E7DCD4B708ABB2FFEFF4E3D804ED43FF69
:10041000E3D3F3D4FBDADFE700A7F9F3DEF3BD148F
:10042000E79A2218EFCF15E6FFF1DA2CD30539E36E
:10043000E60320B626C7EF10DCD2F7DFECC41A566D
:100440000D280CDA0BE3CABAE03CE00BE213BF5311
:10045000D821EFEF11DBDFF7E80CC33CE213F02506
:10046000EF0813F0F341E2DAF5F5F8DFEFCCF4E44E
:100470000B22F73EECDAC6E308F7E7DF36BAEFC245
:10048000F3241C34C32ECB160811DAD6F8FDFF0F67
:10049000DADCF7F0CF03FDD2DFE3FC00F3F0F5F98F
:1004A000B6EDC308FD4135F0FB2507C8DAD4160CBC
:1004B000F010F0E3E8F4C7D7FDC71CBD0B2CE31D1B
:1004C00005F5BB03F9D3F803FBC34A001630EFDC94
:1004D000DFFCE70D00E2AEDEDFDEFDF324CFD6A9C0
:1004E00067150BDADAF1182C00FD10130FF9E0355F
:1004F000F90DDFC7C6CEEBEBE8E2E80704B3092A43
:10050000CBFDED0CD7C6F1D4380101D0D8072D1A98
:100510002616C4D32D53EA5AFBF30CDAEDDFC62CB2
:10052000E429F4D3D713F516EBD2E0050416EDFC5D
:100530001AE2DC26DCEFF8F0E2D83128350708CAE9
:10054000AA260904EFF3D6EC031D2509FD3EC8C415
:1005500031F50F3928CFB5AF2CE3EAD6F40B38BE0E
:10056000EBF72642CFBE3911DCCE6204F0E0BAD6FA
:10057000D7ECD2F4D7211C1C10E6F724E60DBFC639
:10058000F1FF0718FB09F004EC29E2E646E604F562
:100590000505E413E70BEFC0DB1EDCB3FCC6D2A1FC
:1005A000ED0719EDBAF3EBE0FBF59F2400E3D6006D
:1005B0001632FFFD0B16D40FE221D8CC329AADB61D
:1005C00025263CEC201ADB05DA0FD7F5EBBD140924
:1005D000F5CABA30EBD0B1D6E81D281922DF0109DF
:1005E0001CC01616E895051E2DD63013EA0CF9DF4F
:1005F000D41DD8E310DCEAFFE3240BC220EC010099
:100600002DF3C4CC0FF8F026F7263AD6EF03D02806
:10061000F808E43AEAE3DC04E6E3F9E315D828F362
:10062000FC1A042D00F5EDC6FD4632C6BAED1640A3
:1006300038EC0FEF39F7FC39290CF7CC012DE7D452
:1006400018EF97F3F1DE14BFE2E0E2CE09B724E33E
:1006500009F8ECD8E8FDDCEBE8C8D4D2FDE6E81DEB
:10066000F8D80807F7D2EFC3FCE8AA4EE4EF131856
:10067000D6FB34A509DFE015BABBF5E3ECC61E389E
:100680003029E6E3D7D4E3B5FDE0F0111111D33EF4
:10069000D0E6EDBE18EBFF1000FFCE2CF8B7DBF371
:1006A000C40705FDEF4FF7E2AAF81001D010AEF134
:1006B0001634FC0CE7E3ECE6F4C4F7EF11EFE8E7DF
:1006C000D714191DF5040304132D03B7F8FF2105F2
:1006D000BEBEF7CCBAFBE4BE05F8DC11CFE6F9E20A
:1006E000EB10F7ED0836EBEBFC1603B5C0CC083485
:1006F000E40FE6D4E2FBDFCB22CCC3DEDAE6FF3147
:1007000019E3DFF5D6C8BAEAF0CE3DB5EFE03DBA61
:10071000140BEF09FFDFE0D8EAFB31001CF5D4EB46
:100720003C21FCB6F1EA05311EDCEA03FBECC21801
:10073000F1BFE8B3C6F8D211EFE6D30C26CEF7F43A
:10074000F319D438CCDA1DBF011801DEBFD710FC75
:10075000310FDED3DE5B013224EA2DDEFBF3B7017D
:10076000B738BEED1039ABDAECF3F725CC0307CF81
:1007700031F4FD209EE8E010F33D2A2215ED13D858
:10078000D62EEF18DCE2DE0708213910C352CAC3A7
:100790002DFB012816CEADE4FFBAD80C0BF71E11C5
:1007A000C8140B22BADB0008D094A609DC0F19D4B8
:1007B000F9E71616CBC71E03E6F80516EFD608E2D2
:1007C00003F5C7E0DE1DED0FF50400C0FDDEB2F15C
:1007D000C02AF926012CEBE2CB01FDC30CE7E09720
:1007E00018132EF5F0D0E6D3ECF1BA142ECA09296D
:1007F00025001AEF000DF5E6CE10D4D2049D9E1907
:100800000FE6320942FBFBF5F443B613DCD816AF12
:10081000FD3A8245D8B9CEE4D71E0F1347ED11FD3E
:100820003ED426E7E4BDEFC20FEA2DF0DF16FDCF80
:10083000C730BFE411B2E3360419F4B621E307155B
:100840000CF4F8F925DCF40FB9F31ACEF9F30D2501
:10085000F0EDDE4BD3FF1905DAF7FD2C16C826287C
:100860000F302421FDEFB9BEE62432ECB1EB1313B7
:1008700020EC09002601E22436ECCCD00D0C28B97E
:10088000E6EFBAB9EDE620070FF3CBBEEDCA41C4DF
:1008900000EDFD0807F70FEBECDEB9D4F000CE0059
:1008A000ECD6080301DED2DFE400BA3EF3E6FB0C2F
:1008B000F00F30CEE7D8E615DCDFF3ECC38104118E
:1008C000FCCCE0DCD8D2D3CFD8FB26D3FC2AF1DB9A
:1008D000D2F708E319C0C0190CD72C18C2D7C2FC34
:1008E0001DE8FC101830E3D8D8DB0BC4E707EFFF96
:1008F000DC4105301CE815F916D70CE0DFC4EBCE5F
:10090000EBFFD3340F08052AFF2E14F0BDEB1415AE
:10091000A6FCDCBEF1F9DACEE3F83630C8E4ECCC64
:10092000D210D8E01349FDDB1E40D6139EB9EFFB71
:10093000CFF0DAC4C4F3F8FC0BE0A6CCC70335262D
:100940000DE2E31AB6AFC3F5F3E036B3F3CF36D317
:10095000140FD7AD18BDF5D6D3CB29E30C0FDEDAD3
:100960003E3210F10FBEF43E09BADEDEF3095E241A
:100970000FF7F0A3EA07B907A6DBD411DFE7002DD4
:10098000E003E826E0F9FDF8DA1A05C3D2D7FD2422
:1009900038EFE3FCC861F71429F803F018EACF0C2C
:1009A000CA38D4ED141DFDECE4CB0BF4BE19F8DC11
:1009B00013262A25A5DFF40CBBDB190C0C0DF8DF80
:1009C000F832F922CCCABB0400203010C831C8A9C3
:1009D00038E7151D30CBCCBE16E0E8FB100C3821F3
:1009E000DEF9F128C0D6F4FCBEC7E3F3CCD3DC0BB0
:1009F000F8D41408B9F315041CFDEC080CC7CFF7A4
:100A0000C0FDFBF5EB39F428E8F818B6CCBBF7FDD0
:100A1000BE29EF41293A07CFE210FBED03C4E7A559
:100A200011F52CF0F1DE09BDE7C8F3411DD2EC074A
:100A300025012AEC1C41E4E7F50411031ADAD4F38A
:100A400015DE4F0D49CBFBD6F83AAE15CFD6DCBB41
:100A5000081A9F3CD013D0A3E01F203617E350FEA6
:100A60001DE2E128E8D80E111BD415F2BEE408E11E
:100A7000F9F219CA2CD225F4FDF4F7E9E1D6CA023D
:100A80002601FEDB190DD302E3F22716EE2BCAE492
:100A900037FAE407FEDDEB1CE5E8F0BE09F7113696
:100AA000FED9E711DBF9EFF8F71615E9D4E9D6F42A
:100AB0002FDCB702FD37241027C6E7D10734BED696
:100AC000AF2FD2D6CED00FBD05F7F8FD20DAFFFB51
:100AD00025FAF9FFF10108FEB5D42EE810F9D30587
:100AE000F6E12A1F01E009F71003F7FF2CFF26BEED
:100AF000F1272AC909F9E4C4F0FFF6DC10AB982A03
:100B000014190244D810CECBC0F7CEE4D301D43BA5
:100B1000E00FD9D8F1F3F1FEBBE8E234FA15081082
:100B2000F2EAD90DE14CFAFADBECBFD8DBFB0501A8
:100B3000F80FD93002C2F7F10F02FAD9E81BE5C06D
:100B4000DA06172AEC170023E805E5BFE80CF818C9
:100B50000E021B0EEA05F2D2D0F0FAFBBCF0E02642
:100B600006122AEA2A40F0C5DDF7F9CAC6E20814DF
:100B70001C0C00EAD0ECECCEF3F3E8C3EE28F70C43
:100B800036D81EF0D5DC12E3DBE036F3FAF9031EAB
:100B9000ECE0E2D1D3DFF117E9D0D9191ED6E1D2CA
:100BA00024271C201B00D82608D0D5FD020C2A12B1
:100BB0000DE1FFE3F1E7E8F8E5E40806D3080932C0
:100BC000E827CDFEEFF107E4EE07CAD22CF43E2A67
:100BD00028CDF4BB02FDF4152CD509F40E05E5EF84
:100BE000D301E806E0B3E02B16CBBFC4D11EC93950
:100BF000F1EE06391D06DB070DE508F10FE7CBE541
:100C0000EFE5F80DE3EEF71CFEE7C5BEEA260D336F
:100C100015E3C33EFAE0FE0C25D40DEB0523F709DE
:100C2000202E1CF9B10214F1E2FD10DAF402E4E91D
:100C3000D60DE8DD15CA0C3CCAC2F4FDE114E52E60
:100C40000207A5DADAE5DC1EC5E91CFF1BE3153750
:100C5000D30EC441E5F4D6F6A8DDE7D9C9D0F099A2
:100C6000D6332C1FCBEEF20FFE2CD4DBEA02E4F0DD
:100C7000C90DE8E409F32AF2EA02F4CB08D410FF24
:100C800010DAF21E00F7F6F8140705EFEA08E5E9B6
:100C9000F811E31FC5C50FFDC2141E0C14E00211AC
:100CA00012F90F3002CEFECB08D21510D42F10FF50
:100CB00012E028E525DC21CBEC07F4B4DFD9D8E934
:100CC0002A14F9B51F02DCF901D12B05070ADA1243
:100CD000FB151905C909E21CF6FAFB3A09030005E0
:100CE000FDF801FDC918EEF1CA1C15DC01E1DAFEC0
:100CF0001706B1F20212002527F1F4D21420E5B054
:100D0000FF08B0C7E1E502EC0EF6DAF70CCD1CFDEA
:100D100000E20000A40AE20CC0CE39F81DFFD6FAAA
:100D2000EAC61826DDD1E3DA1C350F160A18EBE9FE
:100D3000FF243AEC16FED4BF12ECD6E712B0E50A57
:100D400034F8F12A9619D4B3F8CAE0DCE101E85787
:100D5000F6E4F8D005E12605D401D01D0CFAF0E246
:100D6000EBE8F712DC44E7EEEA00D9DAE80A03EA36
:100D7000FF10C91B02D5F1E500E2E1E1E50CDA9EC6
:100D8000DF031D34F61C0E0FFF25060AD9FA08F9F9
:100D9000C9D1C6EE03FFEB06E4E5E1D0D6F6DFEA03
:100DA0000D0F17FFF62BEFD9E2F9DAD9B4E7FB20E4
:100DB00021ECE3BEB7E9C6FBD5D6EACD0A320A2755
:100DC0003AC3F4E2FFFAE90CDDCA1F190FE233EE71
:100DD00005EAF8EFD1EFEFF8B401E2051BC5EED25A
:100DE0002B2A2403100F064001F4D203D22E142D17
:100DF00008D3D1E4BDE5E4E5FFE80008CCF417171B
:100E0000F2100A2A080218F9DAE4F8CC15FE320FBB
:100E100014CAE0D4170FAC0D24BDF3100A0DF92845
:100E2000E4EFE71C2FB3B31C11DDE5F81418EF2134
:100E3000E1D407141002BC2A11F00314DBC7E9D86F
:100E4000EBF805B3EEE7E7F209D8EF16C92106176C
:100E500005DAD836E8E3F21415F1FAF2FF10E9F9F1
:100E6000126125EFB0E406D9EFD801DDDF01F6E528
:100E7000FFFACE3A11CA2434DFD1D3E4DDC4EBF655
:100E8000FEFAFED8DBEFCD0CDDEA2EE9F10A0A20EE
:100E9000FD26D22FE4F210FFBE03F3FED6E3E9B342
:100EA00019261551DCE5C4F1161BE1EFD8EBEBF187
:100EB000C7FB06DFE1F91E09FBE3F39606EC24E726
:100EC00000DCF7261FF61C242BE7ACE3F61901F033
:100ED000EF2FBE19E5C3FE16DDEF071720B5D80EBC
:100EE0001B0D0827EEC901EF34DB23FBE3171BD6EC
:100EF000FDDBE1D336CD0CE7F809FAD1F9D4E7D31D
:100F0000260014D0FFFAF915051210E7FA061D1D88
:100F1000F81CEB0AD2DFEB23E1B6012024DB15D26B
:100F2000CB0EFFF7EF23D508FFF914F7CAE2FBDF7A
:100F3000F4F9D3250126CD2B3B1FBED9170FF2C0E4
:100F4000F708CAA9F2D216DD03F1C0F7E4BA0AEF36
:100F500027FBF2ECB5DFF41617E03B0E1DD2E5F3EC
:100F6000DBEEF70AEC91E3F0D2EAEF2FFBFEF3069B
:100F7000E73D3BF62AEA25CC1B07C9FFEBB0F31C83
:100F800008BFE030CC1D0DD6DDFEEBB10A21EF2B02
:100F90000E21E9E021D4060CFAF9E9F32403D1F19A
:100FA000DBE8F7FDB544F9F4EF12C7F3FD1DCEEA17
:100FB000B00E02020DBC19E11EF8F3D9F7F8C7D044
:100FC000E916172A00071D34161F0101CCFE182749
:100FD000E8D3BA0AE4F3D9DFF3EBF4ECD5F9EEEF9A
:100FE00021F93CF62E23F6E3E9B4E005E3021E2CDA
:100FF000DAD8F0E0DA11E2F8F2CAEEFBDC40061FC4
:1010000026E1FDF8F9F8DA0FE0CB1F02DBDB1ED595
:1010100001CAECF0CBE5B1FFB1CCD8E0FFE9CBB32E
:101020002744D809111BB64432FEC019F012091E1C
:1010300016C5BEC4E7D1E7F1DDAF12E3C3F7FB2865
:10104000EB2DF42B2A19E1D1D5E9EBE11DDC2DD4F0
:1010500019C7E9D9F8FFDF192CC416D20EB7ECD0A6
:1010600000FABE1E37DC0311D4BBCBCD1612E53C13
:10107000FADD0F2D18000E2CD3ECD608E9F2BD01D5
:10108000FA10021CD5E5F9D4EC020C280111251D3B
:1010900001FBF23B18DDFA0626F9FBF8F9252BF4E3
:1010A0000A2A30E8F7D5FBF4E0F80E0CD428E3E286
:1010B000020FE22432BF202DE0D1CBE8CDC6D5F718
:1010C000D9DFD5E7EFDCE1F6DFCD28B309CC192570
:1010D000DC3BD32800EC08DCBF05011ED8E0F6BBE2
:1010E000EC372F61DFBFD02B1ED08116C3C5D5FBD7
:1010F000B1EA0507F0F8FEECF0D027F62DD4F0E8C1
:10110000EA07F61BF2FE1CF611E8CBF9E82C0CF608
:101110001C2FF717EFD1EF062DF7AFF8D3C3CDC3D0
:10112000F8D904D02FC70C28B0DB0610DA0E13B3A1
:101130000E082BB5D2BA0513FDD2E11BE6DBCEC6F5
:10114000D8D8F2E9F4D2E03316F20B1910FCFEE61F
:10115000C6F80E130E02F12D18F5E5FAC9FDB0BF61
:101160000018CA2C0D0BDE09E303E03ADE9DC8E946
:1011700016102FEFE5D8E7D7F714E4FD2CD1F308CC
:101180000612DAE9E00003EAFDEDE6B5CBD0F4F6AD
:1011900014D1E70B1DD0DADBD8C5EC1C2FFBD34CE8
:1011A000EF13E21A03BBDADEECDC44E7E6D105EA32
:1011B0000CF402B70CEE2E34DADBDAF5E6F8EDEDDE
:1011C000ECF8FCE5FAFBD126E7CADFBF040EE60126
:1011D00038DB03DCDCFFE2C925D6EEFDFEEA05F1D3
:1011E0001341D8DF2CB4EEE1F41713F1FE1CD6ED59
:1011F000EA0FDEE0E518F21B01DC08FBF23412F323
:101200000AF0D6F01A1300AEFCE42AF4F3F8E6165E
:10121000F4BCE2D5EED50EFDF625E8F4332A04271A
:10122000C8E8F5CED1D1E843E818AD0E1BE5CE00F5
:10123000D305D9E43E01FBD203E7D6FF0ACDF3F58F
:10124000F4E9E3BAFD3248C8C2FCF5000D3404DC11
:101250001AE3E6EADFD522EAD119E82F202D0E1194
:101260000DC230E8E1D106BC28DCE419E5E1E2E892
:10127000EDF3111416F029D0CC05D3002006CBECE9
:1012800046E333FD01EF09D1EEFBE6FBD2FFB5FEED
:10129000D4E9C6F80E1BE2D4193D09E8DCD2DE1011
:1012A000FD0104D9E2F4F5D9FDF21DFD22E8350F68
:1012B00003F0D10EF4EFF106C9E12DF509E6FE20A9
:1012C000DA213C160ADEF4FBEC0819FBD0F7DBBC94
:1012D000F34A1CF3FF08FDE51D1BEF01FFE91FE7C3
:1012E000DCDFBCC7F4E1E5BDE90D0D0E1F04F5130D
:1012F0000FEE0BEDE629F6B3E3F8DCF600F4E605B5
:10130000B6B3EEE5E9FD04ED10D118CED6E7D4D999
:10131000BAE911CA0DE6E6F7C31DF3F01F0ACDE0E6
:10132000D5F3EEDCEAEFDCDF09C6EEFE0EC7D932FC
:1013300003F4F004CA24DEE3EEF4D3FB032FF7C377
:1013400002D517F6F4E7EEE8051A14D10ADC27D720
:101350000EFCF2C7E11BB6E417E9AA2FE2CB22127A
:101360001FB108DA2BBEFF18DFF61BD8C8182CA94E
:10137000900E3DD8E7D2F10EFFF1F21AE5D0EEF073
:10138000C5F1EEF2ECF1181B2BF4171112E9FBB5C5
:10139000EFDFEF1E2DF1021312FED61FF5CBA9D8F9
:1013A00006251A1F1913F8CEE6F6D958B92CCAE249
:1013B000FD283AF80FB5D8ED09F3F4F3160204ED61
:1013C000D4F8DFCD13EFE7BCE5E7D7D2D2CE0600E5
:1013D00022CDFAD313DED6F3D519EF0411F7EC4D75
:1013E000E60FF2FCF4B7D828F70D1ADFE4CE2EEFA3
:1013F000FD14FDC0FF042836E5BBF4CBE3A90CEED9
:101400002FEDF6F30FD8D60CF31409D8FC05E7BD81
:101410002BB916C8E703CEA90DE80A160E03F7FC90
:101420001836D6EAF41E01E4F306FBE6EE19E3E80B
:10143000CD06F6BAFDEAFCFA3AC9FFF3370E2CECFA
:10144000E9D1D4E0FF29E8D4F4202F1C04E9F839CD
:10145000E8B0D1C6F1B520F0F809EA024730051D21
:10146000CB24EDCBF3A5F555E2FED5F50CDBDE186C
:10147000DF26E3B3160BF1CBDCC90EE14DCB0CDC60
:10148000E8E0D4AC200830C4D6FF1AC9040B1EEA29
:1014900024F3F1E61AED1EE6FE27BE351B1D011EE4
:1014A00002BA33E4D2C208BD2FE9F617F3FDDED34A
:1014B0001FE21410531A0FE4D70CC71B24E8F518C9
:1014C00041270FD6EFFBE9D90317E911D9E3D6FA83
:1014D000CBD7CB080910E3E71A2F06EDF3EDEFCCDD
:1014E0000B1F2E99FA14EED1F5F71D0412FB2BFAFF
:1014F000ECE3D419D8D4F7F3CACE35050BDC1D3094
:10150000D71932F7F5C5C8DA06251C1AD811ED9F90
:101510001238252226E318E9DFF4E0F00FFD191A4E
:10152000EFC8BFD7ECB502E4DA0B102F25EFFA08AD
:101530000DEA2AE60104E2BFE302D8ECCAEDF11697
:10154000F0DE03D2D61E05B70B1D18F1FCF3E6C57D
:10155000D60B0EDBF728D5EAF01EE7D50E2ED50DFB
:10156000F408F6EFF8F8FAE4FBBADE1803C3D0117A
:10157000050505E8C611E8CEE8EA0F05C813EF082F
:101580001A132BE90B0CF5D90C1200C6FF0004F05E
:10159000360FEDFFDE34BDCCF60DC31AF0E3361185
:1015A00002F825E91AD1E10E0CFCFDD9FC0D11CB96
:1015B000BCF237CCC4CBC8F8F408F4E4D4EDF1C8DD
:1015C000D80AD4E733000A26F0F22E06FDFCEFD746
:1015D000D11FF6112FDFFD0EFDCDD92503D6CECEBE
:1015E000F3DA0C1C2C060CD6D8C70962ED1CDCE221
:1015F000FF1620320AAAD4CEFD02E8FF1FF63317E9
:10160000E6F2ECC902D8F5E417EEF2FB0B0A21EC86
:1016100017E300F32BF5D0EFDF0EE7E83308C07FC8
:10162000F4FDF502FBC7E90CF80F0BE9EE0116EE2D
:101630001810F1C0E0211C25EDD4B8AF019F12F7BE
:1016400032F5D3E5FFAFEA0CF21E0DE6EEE212FE34
:1016500024E6F5CDF4EAD3AD19D22501E9F7040962
:101660001B06E501DE13E7FCE8E6ECF00FE301E81A
:10167000F201E1E806E9031E32F3D8011C2238F238
:10168000EFE8DCD3DF28E5BAEF38321B161A17185B
:10169000CCA0E5E2F30B281800FC2A192225F13D25
:1016A000F0FF03A604C6FF500C06DB05FBB4F81CD4
:1016B000D9FFE3BC22D2CDB8CACD1604FDED1A0184
:1016C000D5F7C6E7FA18F5D6CCEC1DCA1B1705EC02
:1016D0000DEE080AD80104C6F028D91920220118F5
:1016E000DEEA42F8C2C0E90A1CE20A1AF8E129CD92
:1016F000F8F02008300E08EFA914E11B34E5E9DB0F
:101700000D12BAC8F8F2CCFE01000B0FE3F5F11A86
:10171000DEC0D4112218BEC61D0DF6E904D9FCC0E6
:10172000D4FB14DEFF16E2D201FA2BFD10EF29E9FB
:1017300014DBCA20DED402ECECEE13FE11CEFB1C4F
:10174000D91C3012D2DBD7DECDF71F08D528E3C66F
:10175000DA38101F20BAF0E0FD20CCF50BCE2C0FAC
:10176000D703DBF200E3C7F5E52100EC46E5F8FB23
:101770000DE003E409FCEFAAD909E5E4E80DDA106D
:10178000D2D601D0F019F4E3F0FF001FE4F7EDD852
:10179000101008DED504E5F6DC0CF6E70FFBCE0CE6
:1017A0000C0AE8C701E713E713ECF5FC19D6EC19AE
:1017B00005FE02F3CE09FC08D1E43709E7F0E4EFB7
:1017C0002BE225E608D713E50902D6FDE8DEC0E2E4
:1017D0001211F8E2ED13E4AFDB2C263F0CE135ECFF
:1017E00019F90B1DC3E1E2FFF900FB42F9220310D6
:1017F000EA12D2C017E13805E6ECE5E33CE9FFD494
:101800000EE7FFA70405C922F40B0B1ACCECED2858
:10181000190AF20AD300EDFFC3DFDC14FF261E1AFB
:10182000D626DB2DC9DEBDE5281DADCFB9D3EEEE42
:101830004E0312D0D8DCD6282EE9F2F004DCE510F5
:10184000E714BAF5ECE3D7DEE5A6F8E60B034C1097
:10185000F6D71E0A16F1C500DBEC19BDEEE53B2EEE
:101860001AE6420B0125FCF91D0A25D830DB2ADFD8
:10187000DCC91EDC3DE39ECB0A03DFED2935DA0A25
:10188000E60B07F2C5DCE70FDCCDE7F926B6C83D6D
:101890001D05C92C00F6F625C919C9050F1B210421
:1018A0000AC8070E08C4E2E1EC0714A78108DF3577
:1018B0002D28DE6DF4C8CBB1FDAABEF8DFE5DCD47F
:1018C000102AE726C3D4140E0CE3D7C9ABC0DC073B
:1018D000D8DE07D6D8E6DFF0D659F1D8EC25CD0012
:1018E00028F1051FD83F1D22C81DF2E6F9D8E1F006
:1018F000C81EF407F0FCD6E3EAFCD7D82C0B07B9D6
:1019000024E5F9E22DEE1AC3F1CCD807E3F1EDB9E5
:10191000F6DAD3E7F834C9EC0BF829E904A0EE2491
:101920001F0BFF0808E5242AD307FB10C41BC4CFF4
:10193000C8DEF4CCDE1FFFFCF0E6D20A2E00B4E1D4
:1019400024FD430BD2EDBDF9DC19B9E3DBD7F6C0BA
:1019500000EAF81AEA4BE72E1721F6D6CCF412CD9E
:10196000F234EADFE122D712E7E6FB12B9E340DB0B
:1019700008CB07C8F444F9E2C3D026EAF1C8E30F64
:10198000CFD422DBE5F243C1CBE5E1EA0CF2D8F497
:10199000E3FFD62AFD00121322DCC3E728E9F0F4A6
:1019A0000EDFE219C0EDEED2D6B914221043E2DA0E
:1019B0002AFDE3FBC40126E7B2B9F200E5FCC0341E
:1019C000FF0BE7E1AE46E22933E598F6C4F11E3B92
:1019D000E124D70401DFED03BD0F05B90147DCB4F5
:1019E000D22421F6F6FF0E0574CDF5280AD6DF03C2
:1019F000C1DB10E9E622F1E90CF2CCF92E33DEF47A
:101A000021EDAFDE051610080C9A05E7E5CBFDEADF
:101A1000D23822C03039F9ECC8B50001120EFD00F1
:101A200001C41612BD2DEC160126EC2DD8E70138A5
:101A3000FD04F0CD1DE63DE1A9FFCDE61FDEE70E7A
:101A400003C503930C05F61EEDE31E3B1FE2EA3FC0
:101A50001FFCF810EDF6EC0BE3BED60BF1CC132C0B
:101A6000CC5A162EE59CBCD0554A14F2C5E7C7E502
:101A700051F1F8FCF8DBD8F422CCD3E629EAC0A077
:101A8000F41AC5BC16FFF2E9CDDEFFD808144E2DBE
:101A9000E9C813E1E3C5CF1F100EE7D7E5E2211E29
:101AA00001DB3FEE071703F221170BCD1624FC03D1
:101AB000EAEC0C0C35C88DDBFC04E7F91F1AED1AB3
:101AC000FD03DBC5E1D4D3280EE5341907A9B240E4
:101AD000E70BB8F500F2010ABD14DEDF26EC12B602
:101AE00012EE0824FFE6DAC0B2D622ABAE48ED0013
:101AF0002939C73DD7D00CDED0DAC1C8F9E695E167
:101B0000FD141921ECC9F4FFE3F0D41AD0ED28D666
:101B1000AEECFFBEDCB9F8FCDB16EDEDDE1712C54E
:101B200026CCB22EE6425229B925C9DBEDC804E61F
:101B3000A91ADC1ACC0EBD05DCF0F0DC2C22F2F880
:101B40001EE229BEF4D7DCA0F9A6F12AFB2221046B
:101B5000F2BDC3DAE6FDDA001EF91BED2EE9E9005D
:101B600031EDF2FF10E70F4FD00C080CFFFFB9BCAE
:101B700007FD07D8B93F3FFFF6D3B80C34AFFCE5FB
:101B80003024D8DCDBB2DED20526CCE3DAF0E9F98A
:101B900001DAFB07DC33D310212D07DBE72C1929F1
:101BA000EA3BE7CFF50FE71E072C1612DBFD38B531
:101BB00008CBB4E2BC440EC5D8B234B6F5B9F605CC
:101BC000CCD837C9E2163DEDBCE5C83B12DE16FFA6
:101BD00005E9EAF9F4ED280B0AC3E3DE2925F11A39
:101BE00062E107E7CDAD05C412CD031B054400BC7F
:101BF0000CDB050FADF41216CCE7BDF9FFE9D0E51B
:101C0000E331D20BB413E32E0A13BCF61A0539F6EE
:101C1000C512E1FB1316DCD3A5280EB8F53819E779
:101C2000CBFC191B050B001455B8D6FC40EAF01488
:101C3000D2DC1DEDDC0F17E9D8B5FDE70C28B6E7BF
:101C400038E2B50FC810F0FBF9CBDBE7ED0FEA0582
:101C5000EC3C14BA1F40C7F2FFBE17FD4407E6E98B
:101C60000A93F1F0CC3BE607FD120840C5EADC40E0
:101C7000ED2ADCF41FB231DFDFE5C5351F04D0DF0C
:101C8000EC0EE5C91307E71B35D7081A08002D47E6
:101C90001312ECFBEDADD814E100EDFBCDE12E0409
:101CA000D235EE10ED038BB821F229C3E301C8DE73
:101CB00005FD170E28AE952A29C0AF0B2ECDDBC02F
:101CC0001A34D2C73CFBE9E19AEEF1CDFB4057371D
:101CD000F8F900E9DB14EC082A1FF4E1DABC19007A
:101CE000F8EA2108E505FFC305CC17160807F4DC60
:101CF000E5F6F4083DF40ACF011726F02535C70EA6
:101D0000F21EE9DBF0F0D4FDEA002DE5F88DA21318
:101D1000E20BD0F43CEC393DEEFDADD051DF12EAE0
:101D20000FB9DF3FD331EC0FB59534DFD603CF01C8
:101D30003129015EE7000CC431ECBCD313F8C1DCDF
:101D40003F0B2847DADFF530DAB9AA33B5AF33DC19
:101D5000A70000CDAEF6B8E2C0172426E10C0EC0F5
:101D600028BEE933E93F37FFD634DAB8F6E6E6EDC8
:101D7000C5E6DE01EE12AEE507EAF6F4E72538FD2A
:101D800029D438DC2EE7E689B189F03F14EDE3056C
:101D9000EADADAD0F108D7050BE9F0E5EE04F2EE65
:101DA0000AE1D404DEFC0759DAFD07FFF20C24E552
:101DB000E2E1CFDBE7194BD7B4C8EE2513C41DF819
:101DC0001F21D7E9E3F1DFFD0822F0F5B9B40FD602
:101DD0002AF2F5F4F43907122619DFE3FF2A2EEA76
:101DE000C54001CC101B030CF41FD203D6E903AF8E
:101DF000D3C9B5CCD0402EBDC8D72DEAD6DCE3017F
:101E0000C9E33CE7E53342E1AFF29C380C190BE53E
:101E1000E7E6CF0EEAE63CD7F1DADCB54619042A4C
:101E200025FF2810DAB12ADCEDB9F8F91E14DFE13C
:101E30001FAE1317BDD40314F6D8DBECB4D6DAE129
:101E4000DA31F1C5BE0FC7F20C3798E734C016CCB3
:101E5000BA13F5EAF0E300E5CBE708DB280430D855
:101E6000A303220CC5F2DF243DC1B5F63DB8E51B46
:101E7000E51BD2E2FD2DEABAC7C401E5EDF4F50792
:101E8000FD1397F5E30EE7E6FFFFECF1D2F1EA1A56
:101E9000193D0BB813EABDEAF4FDD217EAD327BA0D
:101EA000AA18E5C4E4E920F1EB2CF1B4EDED35DD41
:101EB000FF18B2E825E00BE0E9190C0B191601C375
:101EC000D62FECE729CF26EDE8E6F60145FBEABA86
:101ED000B7D6FBE8FBC2D4F5F7D7D5D1CF2B93BB50
:101EE0001CE1DB190D190EE1F0D016E0F9D9C7EEAF
:101EF000041CC2EBDDD01208F1E6FD12191729FE11
:101F000014ECD3FB1FD7E4021858FDC6F7D5C9C09F
:101F100020E1F9EDF6F7F1BBEBF409F4E6B9C20004
:101F200010CAF902F004DF15CA23E815DED212F157
:101F300022E7080207DA26590BDDD62FDFF8232B1C
:101F4000DCC3F2D519D3E70FE436D0DFB210D2E606
:101F500035C30AF1C204C2DC0E10DDD2E0F4C8EED3
:101F6000CB191FCADAF80FB237F3C3FED2F4D9E6A1
:101F7000FDACE5F72103DB0F0DEDF4F3241637F785
:101F80001CA6DEE9FC0F0401320A03DEFE22F7C8BC
:101F9000F0CE00D3D4D1F408C4F0ED24F9FEF25C05
:101FA000D7F9EEF300E2021625B603F3FFC509E503
:101FB000BE19B4FE17F3080F00E9E7F8D2F2E6DB2A
:101FC000A7E1ECB8F33508CDCACEE9EEF7082AF858
:101FD000CAE517AA42C314E70501F2EDFC21150E6C
:101FE000DC29272AF2E51926B9F8C0DA14F200072D
:101FF000E702122200E1FEEEF025022DF9DAE5A259
:10200000FBD313DBCDCAF8F31601272AD9C0B714C6
:10201000D5BA13F21EDCF1D6CB2F18EE32EEDDB9B5
:10202000EAF0FFD4171B16D2F72732CA2FF7051094
:1020300031FED035F00C191703E1520F17E1E5F42A
:10204000F6F5DEFB4607DA022D60DA19F80820CD36
:1020500001DB041E24EEF9E8D2BBD0FF16EEF7CB6D
:10206000EC26BEF8DED0081AE0C909100ACEF0DC72
:10207000EC2A23C8EC0FDDF90D180904CAFB35F66C
:10208000E6D01000E0DEE80BEA2202D212D1BD99C0
:10209000F5FED0FEE514E60DF3D6E1D02DF7D9DE3E
:1020A00021DDCAE7FDFBECEDF6DE03F6F4F3D3E247
:1020B00001D9F2EEF9F122F5BA272AED360836DF1A
:1020C000F50710BE22F43C02FFB6FB43A6E7BCF9BD
:1020D00005E012E708D243DF1FFBDC17F8FC26BC43
:1020E0008112E2F807CF08EAFFFBE8DFCF0B09E92E
:1020F0002533E1ED2AFF17D3EE12F214F6FBD9BB1C
:10210000EC14FC0A14CB0CF0DFE6EEF821BD0AB8A3
:10211000D7F522F00FCAF72C04E6D1ABE925BCF6BF
:1021200029C5F3B603191FF10FCEF901F1D7FCFB56
:10213000FD37E4BFC2E202E6D90F27F9CD220C1029
:10214000EAF5FC42DDC7FCF81B38F1C6F5D2E0B871
:10215000DB00F2FED4E21804F4E50739C8FDB8F854
:10216000F8C4E6FF1912EAD3F727FBF302D9C4EA51
:1021700027BD1E01FFE21A4A13CEFB27DCE5093713
:10218000E2D3DECA0AD5C40DAEFB01020A16E81876
:1021900044EE02EDD314BBE8190AD5D6D707D0D543
:1021A000D31212EA07FE27EE2CEEAF03BBE6D15D99
:1021B00007E6F1E7042DCFFDF3D14CDE290D2AD936
:1021C00012BBDBEA171E27DD270417B4F21718DE4F
:1021D000E2D1D313CAFD38D7B6D31519E6E5E43CEE
:1021E000E9D4FBF4FEF3070C2DDBDCDBF10718D59B
:1021F000EAF9E5C41FE94EFBC5F3D6F4ECE4EEDEE4
:10220000A0ECF1D4154DFCE89FC7D20CBFD4E8FD7B
:10221000E0EC1AD755B2E6CD08FF13F9E104102C13
:10222000F729300EED0116D900DEDEBDE6C7F2F863
:10223000D9202200E4CDF805D01CFB300BF5D2A04C
:1022400013F00BDEB2ADF60319D61E2CDECBBE1892
:10225000DCCEDDBC0AB0F824DF2924020FD704B994
:1022600010EC14F30F25D6D6103150B83E030BD422
:102270004215B810FE02215D0CCF27030BF1E513C8
:10228000DD08FD0D3826B2DB1C40F23AB3E64EBC49
:10229000CDF9F9F4102BF8D901DDE6041912F7D1C4
:1022A0000709CAFBF13DF216AAFBDAFCE9B426EBFA
:1022B000E71A0AB7EBE1FC12002AF1D3F51A13EB87
:1022C000D9FB2914CD0EDED7E70BE1DF25DDD1B830
:1022D000DA0FF7F9000BFE19AFE2EAE023F3C0BC16
:1022E0000CDBBC04ECE608B208E1EACFC70CEACB91
:1022F000FD04BDFB300F36F2C51F04DE01FB3CC9F7
:10230000141B0CBDEE1C4D0307DF3A2EC5DFCAF8C7
:10231000E5CEF7DB19D91CE9EEFFE21F08FEADBAE6
:10232000A11E0FDF31E22A07E905EAD5A017E5DA99
:1023300010331E011FF12613FE1000ECD30EF6A47D
:10234000EAE20EDAE0E71CF4F3F4D4C212D2F0DCD5
:10235000CFF80BE61CCDF72DDDEED3D3D531A8C3D6
:1023600025D7F7B9F70F0DE20EF60DF8C9DA12E826
:10237000F614FBF3C3EDF4D1E80B0C0BC317FE0FFF
:10238000F3020D09CBF3EDF2F81504D0BCD4EEB98D
:10239000DB0CFB00DAE921E2F8DA0533E2F5EAF7D3
:1023A000EC0DEEFF0405F5F8D9020EEBE0E6C8EB04
:1023B00005D600E60C0B1F491ACB1FFFD0DE1327F2
:1023C000E4C2E5BD02F5F314F5FB05FFDB270FECD6
:1023D00043F109F3F7CFCE0C24F3CA15B7D1CFD40C
:1023E000EC1AF2E42DF82BC925E6D1F5C8C0D6F5D4
:1023F000D3E5F7CEBB1CFD150FFB53E82C0521D50B
:102400001EDBD2E1131541FB3A09FFE4ED1339E27B
:10241000D9D1E0E5ADE017F7E8C8DF05E7CE032541
:10242000B7E512E520D20F0419CEDBEBFB0A27C972
:10243000D7EED9D5ED0D580DCDECF2E9CDD0FBEEB0
:102440008E0FDFC724640E02D9ACB40CE4E0FE03A7
:10245000C3DD32E52AB0FD8D141FFB38CAECF81538
:102460000225212CD32410FF04D7F3CA17E50DE869
:10247000C2162C29D4ECFC20C502F032F1E5CDA720
:10248000150118F4DCD2EDDD1EDC1716E6DEE0E700
:10249000D0DFEDCAD7C8F322E12C2C23FBD6D40A17
:1024A00038E618E20543C4FBFB2314E9520EE807A3
:1024B00031F5C60BD9FB264202F12D031210D009CB
:1024C000FD12C6F21F2CF5350C2AF11EC7E940F0AB
:1024D000B82725BE2125F7DC18B6F00216DF0AA7BB
:1024E000EDCBF1FEFB682022D60402E0FCC52DDD19
:1024F000DD1214ABE0DDE635FC3D10E8D53B16DA25
:10250000D1EB08D9AC0DEAC8E7FFF5CE20D1F5C96B
:10251000DEE6EBE4D60ED4ECCFD5D9D0F4FBC0B4D4
:102520000EDED6EDD4E1DBBFF2CBEA01D1FFF0FC49
:10253000030A1B0D2E0E2409DC4003E804C543BA30
:10254000EB29DBDF0AE24EF405E72936D9DCDFE6CA
:10255000E0D0C7C5AFDC23AFFFE80EEB24D108D92C
:10256000123044F1CE0E45FAD440B505054AFBEDD4
:10257000EBECF039C7E813E4BA9D0B0AD92FDF283A
:102580000018C4E6279B4DA51C241E06FBFCCFE9C2
:10259000B6E3CA23DFADCFE921F0FFE3B2F6B2FA2A
:1025A00048E7FC2FF631D1CBDF23E7DCD9C9DFC9FF
:1025B000EE05D5DAF7E1142BF8FC13FBF01527082C
:1025C000D413F1C413E7080427E3D706EEF0F20EA4
:1025D000D0E23115C5E7DDB7CB0BFBCBD5CFDDFFA7
:1025E000DCAEE3EE08312CE1FD2245E3DCE6DC1055
:1025F00043F2031732F5C6D4172CB50E3622EBED95
:10260000191E1DC432FDCA06E20D372DEBCBF0CEEC
:10261000F1C0E4D9ADC4B722EBB7E9EDD7B8BAE958
:10262000CF09F7EBE304EDA43EF1D5FFE8F0F2E3C8
:1026300018C90BC72CFFFF0F1E70D3C6FBFF6AD54E
:1026400004AA3CC4F0ECDACF4B9E080AF727D999CC
:10265000F7CAE621C9D1DFFDE1DE951CCED9C5342C
:10266000080F2F19D5C41DF10A2218EBC1190D3519
:10267000E8FBB5F72223CB13A82CE904F6FAE6D53C
:10268000EB0EFFEC030009E1C2D1171001240E2468
:1026900031F0229D03CA01FA4AE7DDD7D40DFC01CF
:1026A000A705DE3CF7D909B3DED036D309DFD5C4A0
:1026B0001905304A002BF0F0AA270F3FC2BBB6DD48
:1026C0000F00F50304DC03321D28C410F3CAEBDD50
:1026D000B80BF22F0BCF90E6FDDC41410BCC19C6B5
:1026E000D00FD9B510FCC9A21221EBF11AC6E3E153
:1026F00024E31541D94324E6ECE22CAA1ABCF1F2FA
:1027000021D4DEF72901F80ED703E8DCFBE1F8E875
:10271000E80806C4E1FD0118FAD9FFE8DEF7F62F54
:102720000028ED0FE4C5FCFBD5B1BF1DF7C5AD0B0F
:10273000BD1D27B30408F006D3CEBF3FFBF6D0D9AA
:10274000DD0439D01806FDE80B27E90EEBD5192C6E
:102750004AE6E6F7F610E71713B2E301FBCFC4FB36
:10276000EE29910423C60BFBBDEDEB0BD0E40EF07C
:10277000D014ED05F1D11D14ECE221CB19E20DDEF0
:10278000C2EEE6D91AB80D3013BAE9F7D9F7B0F3AB
:10279000E91722B0EDE23FD3EEF027D7F8F3E92FA7
:1027A000081313CCC41059E2DC26BDF345BAFDE68C
:1027B000CBC2EC4512DFE7DFB6C0EC09D5291C4ED1
:1027C000DD34D11319BF06C0000A09080910DF095A
:1027D000CCC1F60EC6FAED15F6EDE3F5B8E681E6E6
:1027E00032CFCA21E82C09E6EDE60EFBD136E8BB74
:1027F000F33FA7D404FBEDF6C61AF010EBD72CDD9F
:10280000EDF118935E10D9150AFD0D1DE7A7E21032
:10281000B1BF08499F01CBCBF232BCA7D4F3E91F6B
:10282000D4C4F00AE91750EE292D32C1C7B52601EC
:102830003FCA03DA4FFA0109001DB1001229088CC2
:10284000C2312FA81ACAC921E40BCF26C5BA05E3A5
:10285000E4D7E9DEB02BDFBBE8E4E300E924BF0006
:1028600001DF0BF6C2C926CB572712D915E7D4DFF3
:1028700013A9DDB30B1CC70A274EFAB8EC042C17BA
:10288000F5A3D9D901CBC9B628E8FC23341ED3ACB3
:10289000002FC522E6C1D82BBFBDF2D8C4B8CC24C6
:1028A000DD291A1FB6CB2F06E71DFCD79E131E3C51
:1028B000051AAD0010124A008423F61DE2C103A3DD
:1028C000C503DABFEBF201D3C4D8E61710BBE91F8A
:1028D00037F822BCEDEBFDDD5DE9C5DFD919FF1549
:1028E000B7F0ED4DE2E4F2F304C626F83415B8C2B1
:1028F000F32422323408F2ECCF1C2631BADDE3F0A7
:10290000FFE9E4EEE4D1E6320643E419D1E2C7D5AB
:10291000B80BCA282DE6B8E126BD2D34EBB02BDE6E
:102920009E08CEC101E2CACC2B18B6CE30C910E445
:10293000F20D080BF6543F1DBCE418C427E701FD57
:1029400021FFF30E09FD0117A0F8B1B8BCDE09E8BC
:10295000950A12D7F60801F8D1811094DACCD1EE9D
:10296000E8FD3026E6CC1F0D06BD241F05E9D8CFB3
:10297000C63F13D0F2F7EEEE08F2B150FD27FDE2AC
:10298000C60528FDFCC7E6CED02CC0E701C6002254
:1029900048FDE903D008D41D03F3D84E21CECE095B
:1029A0001405CFD80F99D900EE09F3F7DF35F51AE2
:1029B000AACC230627A3C512FBB3E8C11E0D092329
:1029C000E9DED3AE090412170BC6DCFCFF09E3DD18
:1029D000C6F600E3FDF7F8DDFBD1FDD000D4E4231B
:1029E000174A1DF8B7064E03F63FF0E129B2E8DDBD
:1029F0009FCFD91E06D00BFA9DB2F614A2102BF869
:102A0000EEE9D70529F014B2E93443D7180DC217FF
:102A1000CBEDF615B6BD011A0534E6D0CEC1D5BF53
:102A200013DCB022E4273F26F7E8CEECD527FFDD04
:102A30000F28AECF10E2FBC7E132E74800DFE31911
:102A400006F709C4481AB110131E2717C0E6F6E3AB
:102A5000ECCAF73CACDFDEDEFD2BA5C2B700E939DE
:102A6000E7DA19E9D90658E837CA3A91C0B51DE343
:102A70002DCBFDF84622DCFBCAF0D8EB310D0894D3
:102A8000C50612B515EE0418BF19CFF7F5DC2B26D5
:102A9000CEDFD8DAD7450AD3F0CCF0E1FC0E093C02
:102AA0000104E4C69DCE0FEE4E461DC70D03D53082
:102AB0001AD3F6031D09C708FA32D0D9D82C0F3C17
:102AC000DA9EE1CF08F1D49B34EC13E84A3BFAF5E7
:102AD000F027ED31B1CBBF26D599B1ECE815E42351
:102AE000D9450530CEDA14E20A0904FDE1F82324C1
:102AF000FA03E9F82F264112A727FAE7FAE6179E0C
:102B00001704D3D706F0E8DEEDC2FA1AF6C1E710D3
:102B100036E22132FAE7FBB810E1D0D8A727DC066D
:102B2000FAFAF565F8FDF83FF0F81E2C1203D7AA63
:102B3000E9C23B3E4100FDF3C2283A18EEDA08DD57
:102B4000D4EED014D8FDCE17F108E60EE831EED35E
:102B5000F2EBCA0356FAC5DF01ED4532DFD105FBC2
:102B60009FF1E6F6CA14CEB2262FBAF740E90BC79A
:102B70001DFC1CFABA3F2F19C40108C401B7EBDAD7
:102B80000315F6F7E4D9FCA4C1ECBCBFDEDEF0CB44
:102B90009AF705E4CEDF28D7D4DD05CEC2EECBEE22
:102BA000F2F3D5E6F2E2C01709F0FDE8EC0BF31200
:102BB000CB0614C5F2F824CB00DDE24BF2CFF7FCD4
:102BC0001AF20EE7FCC6D0CF03F6E3F7FADF0E27C2
:102BD0000BECD7DEDEE8FFCCC5E1FB2B0EBD04FA23
:102BE000061D01F50FE1F0E3B210D322B7F7011093
:102BF000BFB0FCE7F5E3DCDDCBA51D372213170FD3
:102C0000DDFC0DA90E36173B0AF0F7DE01F3E3BD3C
:102C1000DD1401E7B6CF17E8FB1A0E1B281CE5CB25
:102C200013E121EBEAFC1F1FE3E0C607F9FCD70B19
:102C30000FE4071DE004B4190B20062CCAF714C6D4
:102C4000DE0C230F0912E7F0C3CFF7FFCA1CE6CD55
:102C500007231BF3131B203AFBD0E51B10E51221C1
:102C6000A214C5DF44D8C812E7DAE1E736F5E8C4B4
:102C7000A909E32ECAF8E0EE08F8E642EE07E12CD7
:102C8000FFF9091B20F4902100DF3326CD0CE581EC
:102C900023FB12E0F015E7F7EEF826ED05B5E60B9D
:102CA00018E0B7E0C3FFE0F1EAC5C0E0D300E015EB
:102CB000CBCD08CCD3D7090EF113DDC307D6C2EBB9
:102CC000C4F1F54EF13DFA2421A8E8D8F4EE02F162
:102CD000BED6FBFF291821E8F9D1190B241F14C017
:102CE0003AE8C01C2CCA082DCCECDCF404F3CF2845
:102CF000F5F7D7FCD6F3FC4291EDDDE804DECAF42B
:102D0000D31B05D9F0010719BD1C0B33891DE4162F
:102D1000F5D4EDE3E81A07FB36F024EB0FE1D7001A
:102D200010CAEC24F9FA0721C69AD6FB281C04ED38
:102D3000D78E1CDADC01F1212FD42EF31F21EBF208
:102D400020C9FC09DCF1123DE4F00DC928E0B5D141
:102D5000D842E013FF14990FF1E3A927F20C05EB19
:102D6000CFCAF1C50F0707CFF41038DEEDE4F7C680
:102D70000222EEEECB0427D7B0E0EBD8EBBC150E69
:102D8000EEF7ED00F2D3E1EEE006C6DF2D0708D640
:102D900004F813E4E5FFB902E4B1ECE60FD2070052
:102DA000C8E8000ECBF4C422A70BFC27C02C09D81E
:102DB000CA0812BFE1F1D3CB0D02B0DCCD1F24EE67
:102DC0002835C8D0E1DA00ECF5F11AD82D0FCD087E
:102DD0000DEDEBF012EB010BFE0918C3B112D7D1C8
:102DE00009221A22D028B8E72F150005FAFE21275C
:102DF000D7BECD204CE423D3DFCAA7E13524FE099A
:102E000020E4A02A23E62FCBE0D321EB26E407C45D
:102E1000CFEDEBDFDAC3F3E7F126FBC9CFFBD62713
:102E20001624AB1F2ADF09F8F829F3DCF0D829C8EB
:102E3000ECBFC8F80DE1270B2DFBE8D4F301FCD261
:102E40001F00CC38F2CCE4C3180DD8F028CA10B754
:102E50000BCDFB09270C0220FE1F0C043413B9E133
:102E6000DDDC07FF08AE2C0DF80EC612FCDEF8F50F
:102E700016FCFBE0D7FCE127C6E8F23DE71D16B1E2
:102E8000E8F20B15E80FDEF190ECADE1F8F1FF0D83
:102E90000F1619E0F3182D24BBD601E604C8081F4D
:102EA000F9F2F9EB1608AE14D4F11F1013C4ED05B6
:102EB000CCDEEC16DE04F5E42A0FEA22E3F8BBF3DD
:102EC0002606CF1DFBB80209E8061322EB1DDAF433
:102ED00007ECF8E30DEEF307F9CC06DEFCD9FFF9B9
:102EE0002704B8BBBCFBE7C4D9CDF3EB10DEC501AA
:102EF000E00DF8D0DCFA130DD231DE35FAF5F82109
:102F0000F5EDF226D710201020C3E6F71BF8C6F81F
:102F1000DD05BBF918CF2A01DDF80F06051422BB29
:102F20000EA9E10D35CF052CF90CE4EDC9DADDF37E
:102F3000F4F5DE0D20F2FA288CC3F4F006E6CD128B
:102F4000191B07D7CA0BFE20CD0001DCCD31C822EA
:102F5000EBF7C4EB1C0F19D234EA2DDEC005EEDF0F
:102F600026D8262CEEEECCFCFAC4FC3A220B10F745
:102F7000D6AE1CE1F30EFBF82DD205F7F426D10DE9
:102F8000E7D21A1FE801E0330705FCFC0CF0F4055A
:102F9000E710D4F5CC14A01DCBDCA823140208B58F
:102FA000F3C4F1E0FEED06ED000F04BF05FB0930B0
:102FB000D73D1D0CAA010B0EC3160CECECE4140556
:102FC000FCF7ED0D24DEE8C8E6CFCAE540F40DE3DA
:102FD00018F816E3B606BF06AFF8F0C20FBF1B2302
:102FE000F23AF835FCE0E833C2E41D18D30724F8C0
:102FF000C8D02EFCDCE4D3E4F0F7FFE4070CED0FBF
:1030000026F7D3E607BF21F1DE29FAFAF4ECF7152B
:103010002ADEFB16F7EEFCECFC20D91CD22DCFDA11
:1030200000272026930CE51818F31BECDAE8B81FEC
:10303000E3D1BB2033F21BD91CD9ECDF18EAF9D25B
:1030400008D3DD0F193A36C5D6A41305EE1BD0DF21
:103050001B01DD12CDFBFEFAC0122F01C4D9DE2DFB
:1030600005EEF20D1807140DF12DE6E0EECAF9C3D6
:103070000D22DCF30FD82DEB2916F4E0FE120EBF63
:1030800013DEDE3B12EEDCCB0DFE150C3304ED0E31
:10309000D0D9F30C4301EB08FA2C0BFB0F0DF1F226
:1030A000F2C3CC06D7DC12FF0CE8E810EAF0F2C459
:1030B00023E122F2F5F922350E0CE006D7FF0909CB
:1030C000C6D023EBEE04E1F194E6B51FB6EECF12C5
:1030D000FAF72DCCF50CFBFED3DEF9DF0CBD092988
:1030E0008EFBF3E535DDBF06DC2A22D3F3DCF018D6
:1030F000B4ECEBCDBFE0E1F81BE3D219AF00D6E5AD
:10310000F3ECCB05CF1222F509D70C07A9F9D4FFB0
:10311000FED0E0D11AE3E30CFFD7F3F329E3D7079E
:1031200014EBD4F8F026D6FAEAC5F11618DAD8F47A
:103130000EF3D0FAD0DF2C00FE29E82E02E4F804CA
:103140002405010CD7FAF7221DEC04ED18E8F8E18C
:10315000CDAECBE1F0E123ECA8CDD8270D14FAA831
:1031600026CADFEA0ECDFE06090CE807C807E71AF3
:1031700010EDE512F9200B0FA4CFE0041306C52DC6
:10318000D413FAB8DF00F00ED7002902F30FED09CF
:10319000E404FFD81900EB932A12F504FFE3DC02E4
:1031A00016EDF731CAE1F0FBF4020713DFDF091374
:1031B000F1131DC2DC01FB0224D33B04D712B90278
:1031C00001ECE5002014BD16040016071C070BF4E3
:1031D000DA0DD11DD81AC823EAB9C034070008E0B7
:1031E00014D1D1E809F5F107D4C6E6E3F0E6D92019
:1031F000D4E010E7E0F91401C82D06B6D7EEECFED6
:10320000D7EBC8424AF814EAF80DFCFC2F071AD98C
:1032100006E6FB90D223C818CDDCD0F735BE1D16CC
:10322000EC1DF92705D9FE2FCFF829F2FC1D1F1F31
:10323000B1FF0F23EEE1E6DFF81604DFD800051B2F
:10324000F2FCDCCBEEAB33FA9DF2EA0007D6F519BF
:1032500018CFBB0222F9F207D318F50D1FF3D100E6
:103260000C1B1B12C51BFEC331D2DE1AD9F7200E70
:10327000CCD4060E3BF804F118DDCBE607E1C8E339
:1032800014F0D8EE381826D7EED41819CA1F051630
:10329000D700CFF0FF1F2302CA0B00F7DEF2BC37C6
:1032A000010C0B1012E104E6F5EED3D6E5D8F505D6
:1032B000081AC8F20CE5D0F20436C6FBB9EB0709D0
:1032C0000EADE03AE6F7E4F1200710383DEEBD120E
:1032D000F4D106231A07E31915E11C0CF8EA0624B9
:1032E000F0FE021DBAC6493207DDD8FE01DB1CCE56
:1032F000DE3821D2F3EE0035C61CF91FE5EB0AD803
:103300008D30F31310F5D096D4B4B9D8D60ACDE8E1
:103310001518E4254B132555D80CAAFBED1D38C014
:10332000A3CA122804BD23EDE8DC4DDB000CB1BFBD
:10333000A3E7CAF5FBDBF119BDF90146F34BDD321A
:10334000E91FFFC143DDF4FAA918D232DDCCCA105F
:1033500007062D11A5E405BDEB2A41FCDDDFE5D90B
:1033600024CC87DFBAF616F12116DFE7051F0246E7
:103370005AF33AF80006FA07BC2EEED1D6C7CAC6F1
:10338000E407D4F6AECED23218BBC8D610E3C8E1FB
:10339000DB9324FA11F4A013B7070BCC02B1AECE25
:1033A00021E7E20FE22D1CFFF3F3EDCEFCE3BFCBF0
:1033B0001D0DCC0AD64A0A45F4E5D9FAB5B41BD49A
:1033C000580CE892E9DED707AA214DC7CA162EADE0
:1033D000FAE2D9461BF8E3E71929CEF5EEBBF10C6A
:1033E0001DFAEBA4270ACEE8A9E4EAE1E41C0AE20C
:1033F0001EFBF0C5DEEF13D630130B0BD219EAF328
:103400001BE4FB0FF91DF6FAEBFFD3F8BD0BEB0D38
:10341000E7CCC7FBD2EAE4E1D108E147DBC1ED35F7
:10342000D204FA0DE31BE5EADB0CF0E2B6F4241E4D
:1034300007CDE80DFA0B2DEDE4E3FB0A2C2121ADBD
:103440000022E90A0FE3F90CD80B11D40FF0E5EDD7
:103450001BD3CEFA2EEFCDE3BD0FFE061CEECCBC87
:10346000B7171146F5D3FF18002AE4F6E9D2E4179E
:10347000DCDCD1C5F40A3B08F015BD0FF11D02F1EB
:1034800015F1EADFF538FE1FD010C5D2F3F5F128AB
:10349000059F1E163ADBFFF9D9D81FE3E3E9B4F420
:1034A000F45E0FF0F6FEBDEA01E1080F1C36D2E82B
:1034B000C2D8490110A3CD5DEB0533C1061605F056
:1034C000E1E308FAE1FEC2FCD805E5F505E4C1D761
:1034D0000812C4EBF446F1E5CDC7F0F4DFDCCEE32F
:1034E00015EBC745D3E32FF006EBE1FBE721FEB672
:1034F000E1E9E1DCE7E2E8D8E20C34DE58EE46F53B
:10350000D121D63B28D2D315DFCBEF17D0FC0DC786
:1035100002C4E8E9D2D822D7193017F6F8DBEB005D
:10352000E7F3F90894EEFA1B1600E307EF47F3E41C
:103530000D4040D311CB322F051B17F4E10D1DE1D7
:10354000D436E1E315E8C4ED8EAF9C02CE01D6047B
:103550002127CCFB36121F3FDE18FF0AC51C33DBC8
:10356000B9CA0A81FEB64ADEF8D23FEA00DBCDF6E0
:10357000CBFAA9E4F4CD080DF4FAE8170B1EE740E6
:103580003C07D11018C85DF4FE0DD22EF8DEC5E858
:10359000F81025151CE410B5D61530BA05CEEEBDD1
:1035A00016D3C5E9F0E221DBFE0530FABD19D02FB4
:1035B00051EE2E1634E4DF18E221E11D04AAC50DF8
:1035C0001D1EBA059FD1012A00F117AF12010D0F80
:1035D00017CB11ED02F1A31CCA00F4CCDE1BC5ED24
:1035E0001CFEFE2A13F5D1111510F0DE36DEFFDECB
:1035F000FE07EADF081CFC1DD6BA01D3E3C210089F
:103600002D21139435D70606E9F01819D31033A4E9
:10361000F0D3BF22002CEDDD1908F904C4ADDBBCEA
:1036200017C6FFC717FCC8DDA2D0E9F0DB02212DC9
:103630001DE213EBEFD400FC08CA05F9EE04D4D95F
:103640001FD2F41304F4D413EFEFD20BC7080CF01D
:10365000BAEAD70B2DD6D005E219DF38D8D8FB450A
:10366000B30CFEEDEE22DD01E80FC41BBD02EE053A
:10367000FB10D2D4F3182F06C4E505FC3E2E13BC74
:10368000DD2F0DCD10EB3406D9D913DF0C01FE046C
:10369000180500FFD0D0FA07ABFBCE2939D3DCEBFD
:1036A0001CF0F40D1CEB0F01082DFEEE0BF10035A4
:1036B000D70AC8D8E50A121901FCDDEBCEF0F0F507
:1036C0002707E1C4FF3318F9EEC2D72AB0231C1D27
:1036D0000AA42A0021CC28FEFACD0F19D8D1E43350
:1036E000EE4FEED6F6C7E30417D3F9E4DBDCF0EED9
:1036F000D40415021DA5A535F0F90BC6FBC5E5DE02
:10370000C4F911F9F5D6CD01C53C00B102DDE5C51E
:10371000ED19AFD40B30CB06CABBE935CCB1D40A16
:103720000519D13FB5CE41F4B521C200DC0DF5C677
:103730000822E1A8DCE4FB06F9F81DDBE30235070B
:10374000DDD3D032FFD3AFEDEFC7E41E12E3FEFFAF
:10375000F1D3DFDBB6D6EDDD50132EEADDC8A2FAD9
:10376000E8E5F038B1B50ADE0012F82EC12AEE0401
:10377000123945F918ED213C320F25E4B1000CC790
:10378000CA0BB70815FECBE3D1BFA9EBE90ACB0DF5
:1037900015E1BFEA27E90832C41B15CDC83416BDB0
:1037A000C2DD30CEDDC10C0D0DF93AE91ED7FF00A8
:1037B0000DD7C0D4EDCE080B00F310EE1827AF44A0
:1037C00016F5F02319C729ED2A0A111CEDFBD6C402
:1037D000D12D2DFAFBE12CC4E905F5D8E2D800B9CA
:1037E00006DDF9EEF8D907D1FAEF19011BE1C74F51
:1037F00015CE3CDF4305BC17BC2EF918CEB5E2252B
:10380000F6EB8EDBE7E1D035ED19E2440858E9E349
:1038100033AF3EDEE4EEC2E8D4CA06C6F5DDEFE221
:1038200010C0C12112FBEA002323EEF3021EEDD2E9
:10383000F5F6BFE9F52E1513F1171FC412D7EEFAEE
:103840004918D3A92AF3F5F1F9FF47DDE2210DA9C3
:10385000D8F1A91B1FE2FCB432FFD7FE8BD6ABFE1A
:103860000DDB06A0FB28C6F4F4A50ADEDC1F00234E
:10387000F0F51BEBE4F80F23E8DFFA04CE05B1EE18
:10388000FBCEEB2C05F9D2FBD6ADCCE99CCE1C1CB3
:10389000E7E3F5EA2C15D808DCE40212E3FAE30AC0
:1038A000C707E301D92300EBCE08DED9BAFEC52550
:1038B000E9D7B6D00513F023CECEF6FE0C4702F1C1
:1038C000E43534C10502FCDBF5F5F80A240AEDF510
:1038D000D9ED0711CAD104FBDF01E2241FC805BCE2
:1038E0003F05C81C1FCCDF2DEF22D30A070AE42FA7
:1038F000A52A050AE53517F1E4DED3E1D6E31DE894
:103900001D1CCCB7EE2227D811A2E81D9D255130F1
:10391000DC050217E4EF19E2EFC10739D6F027EB17
:103920003022D9D6C6F10700FE020AFC0718E9D2F8
:10393000D8D1180B1CFCA921F6F6E9DBFCEE10D15E
:1039400025FAD021FAE9F40FDE4607D61B0613F05C
:1039500007F1C5CCF332D6E5F5B5CC07E4C6CB16F6
:10396000F616D9FCF4CBF9FAE11BA9F4F5EDD9D39D
:103970001F27F4D3E7E3F319E4F5FAD3D0E3642582
:10398000E4DCC72F23E4CC08F0DDD2E22DFCDD24FB
:10399000C2F49EDEB3D308E9A59E07E2C7FCF5CBCF
:1039A000313AFCC6DE0FE3BFBCE410200505539E90
:1039B000EEEAD31901D30AD412C6D625F3D40512E0
:1039C000D7C2083617E8FD0EEF2FBEC820F71F2B11
:1039D000C092FFECD10BC7130526E4E41E20C2FE03
:1039E0001FF3DCF4D803FA2AF0BF222413EE09FEF9
:1039F000E9F90819F00FD0C80A36F4C5B30328B4A2
:103A000001FEF4E3EA26D0DEE9EAC5F8E403EF0EAE
:103A1000E024CA4CE5E23427F4EAF7F1D2170CCDE2
:103A2000FC04E1F2030FF6052DF4DFE6070ADB08DC
:103A3000DDF408FCE13613C6E9FEE5D5EDF41EF22F
:103A4000DBBDECF12300D0F0C6E8CEE336EC10CDC0
:103A5000AD0E06E5F11628CB05E020C0F32B06D10C
:103A60001737D5EFDEF310C409EEF2DD0E0D310489
:103A7000E513CED9D9DDECEFEFEF2806E112C41C37
:103A800007BBD5F91BF4EAE9EAEAF7E41ED11E39CF
:103A90000EF20BF33BDFD7E017D709E80104281C2F
:103AA000170B0506F702090705E6D41E2520BDA859
:103AB00026D6D6F838E40A04D71BFBE720C90FE660
:103AC000C9F607EA142D0E02EF2AD91A0805030DCC
:103AD00005EAE226E61118F8E3CDEA1FED05F0024B
:103AE00018F8E92710E5B0EDD933D1C5C8ECDB27CC
:103AF000D0DB06D40BEED7FEFCE5F0FACC38FC594F
:103B0000F4E8F6D4DE0E2A0CDFDAFBE60011C3CCB3
:103B1000D9D2DAE3EEB428F0DBD9F7DFD5A6DAD0D4
:103B2000E4011600030931D42E2149EFF1F30CFB17
:103B30001B0DF2F90FE5F1E7DFF7F3FBC3EDFDDD58
:103B4000E0BB29040B0207FDF500E6DAE30DE7EE22
:103B500011DD1D0BE313D01EDDA00AF1E5EAFBED3C
:103B6000FBCCCBF040E4FD18D62ACBC9DDE5EAE872
:103B7000EECFE719F4F1FFC8F6D9E0C4F32DDB0767
:103B800081BD2DEFF3DD171735E5DBCFF931F120DE
:103B9000F6FDD7D943E2CFEFC201503BF617330809
:103BA0000309D71012F6FC39DDF0E5FC33C601E459
:103BB000D9ED043DD2D2D2CFEFE5E40DE1F0DCDC6B
:103BC000DDCFEAFEDFEFE9D8C92E2A291CEFE2F7A4
:103BD00016C9000A0308CEF7DBDF1DE5F0F20CE999
:103BE0003A67E5E6AE20CC13E2E03026182E11CD80
:103BF000FFE50712E5FEFDC32FC7E01614D50D390A
:103C00000EEC1D28EA01F333EC30D2C80FF0230F7D
:103C1000E8AFFBF62308FD1C102C11E6362CB2E1B0
:103C2000E6B7E9ECF3C0DD24C6E01C1EF6E9FD278B
:103C3000DDD2F813E31114CEDC1CD2BFD1D9131896
:103C400027E8F816B919D2DBD6F2CDF30403F6FC57
:103C5000D6FEFF19E1F32B37E0BFF7EEDD1F23D8C7
:103C600013E6F2FD0F1B010E22D8DF12FAEDE7FF7B
:103C700002D10912D8090AECE5D2EFD8E6FC2AF005
:103C80000AF6C500FD02C501B4DAE4D943F3FDF13B
:103C9000D50818DEF2F10E2AF71D07D8F51104E059
:103CA0001938E1DABC0C13CBEAFCCBCC100A2A01A0
:103CB000A424AFD3CEFED0FDD4DC200CB01BB92B96
:103CC00033C3C4FFF62413B0DDF4DEE111CBFE0EE6
:103CD000D2FE23F23DE0C0FD1011F2DA2D1D2E0AB6
:103CE00043EDEC09D31AED1E1305D916222598BD14
:103CF00022CCEA0C32FAE722CE2D12CE36EF02EFBA
:103D0000F0E6DBF11726F6FF0300AAE2DF493113E4
:103D1000D106AC33E1331A35E9BA08FEF005DDF21D
:103D200019DEC417030BD9F9F124C7DCC9F6DB226D
:103D300004D808D3DFFBDD0E0EC20494C333E21EA9
:103D4000D8D739E0DB1F29F812DDEFF6E918DFE1FB
:103D5000F3DEE8E018BB18C4D403E6FDE5BFD4B336
:103D6000E8E516D9CEDC30D3E8132DD52FC6F2CF37
:103D70002D2C23F8F2B802D1F0FBCC11FDF109E2B1
:103D8000F7CD1EFC0BEAE4ADFF0DF0B4D6E9C3E4B9
:103D900001E42D10E9FDCC0DDCD51106009B0009D6
:103DA00006F8AD1D10BFE20EC22BE3CDE7DD0E120B
:103DB000F5D3CB1BF310F8E9E2CB0CCFEF4400EDC9
:103DC000B9DF3DF2F9F6480B1413C8D71139FB10CF
:103DD000DF1EE2B735C4CF09D7054A122C1024FCE8
:103DE000ECC3DC031625D31FDB0AEE132ADA10CE50
:103DF00007E7FB36D4B9E6B2FFF9FBEDEF0EE6F5C7
:103E0000EDD9EADBD301E3E4C9142C32FF17E4E671
:103E100025EF0801FD0CD00ED6F7DCD0F2FA0A032C
:103E2000092EC5EFC32FB3F5DCE0F201FD0806CC87
:103E3000F400111ACF1D01C703CFDE1212DAD945E3
:103E4000011C22052106133AF829F4E1E7F12A1AA8
:103E5000D0FBF7E620E1F305120740FB2009ADCACD
:103E6000FAED04E6F2E1E0E9D1FECE23DE0CF51F27
:103E7000C9C3F4ECDCD6E5A3DD16CED4E5A1FAF691
:103E8000F4E0EEFAF704F3DDD201D105CFFFF70736
:103E90000212DB23FE061112ECDE07F7FF2D0FD610
:103EA00019FCF404EC09FA4236E6FA0804F7DD17C7
:103EB000F9DB0901DC00E1EA00E512D6D70B22DBD1
:103EC000F805D902070F09E7B5B7BCBA1ED9120E1B
:103ED000E1D3F4E0F80CE4350A1912E5FBCFFEF467
:103EE000144CE2E8D5F1EADEF502D3C606FA0EEA92
:103EF000DC45E3DDD2FA1C20F5F7062BB01FE3F812
:103F00003201D2F4CD18EFD3E8FD02E606DC120749
:103F1000E82223D9300ECA093910EDC539F341FC26
:103F20003C04E60CC8E4E3FE1007220B46EDE7E490
:103F30000DEFF0ED2000D21EE92C03CB29F1DC0EB1
:103F4000E210F4F3402D12E70712DFD7EE422CD82F
:103F5000F912E407D8211D530303F5DEEE07CDE681
:103F600018D6E512E3DDEAF1E61CDDD6D9E2090256
:103F7000F8D2F4E4CAE2080112E03DCFB80FF9022A
:103F8000FAE12E06F5DD2CDEFED8EEE1EE180BCDC3
:103F9000DD0618E7B5DB00C0D5ED1CDF07F607EE40
:103FA000F2DD05BBD2EA32F2D2D210DDE6D70ACD7D
:103FB000023217D6EDE71ADC100DD325491001FBAC
:103FC000EEDD2A0D2AF1DE19330F02E7EFD4BAF441
:103FD00010F6121BEA02D9FCE6CCF0EFE8A1EC0BDC
:103FE000A00CBA0FFFB82628CA25E10822DB122B45
:103FF00007C5DE120327E9EFC4F1FBFAF10C24DC5C
:10400000D2EF361900D843DD1B1CCACBF62FE321B3
:10401000DEF7E2B7C907E2FED80839E72119F1E077
:10402000C8E7CCD81819E423E5F5F8E616F9FCFB47
:1040300055DBF627C5F4EFE9011FC8EE02CFE6070E
:10404000DBD6E8DDDBDAE2C5040C2E50FC12E4120C
:104050000FD8E3E30BF1C0E2CFEAB1072D26DFD2A0
:10406000180FF3EFCB39E800DEBEFB0102DB4F9700
:1040700017C3CED8C5F5F3DEFCE9BF0A1B370CF336
:10408000DFC0C9FAE6CF1D1D20C81D09CDE085DDC2
:10409000C2A10DDAEABEC5D00DCFF1011518CA2AAA
:1040A000F6D5A4FE27150FF6F9D0EC3307D515BCCD
:1040B000FAF917EBFE2ABEE300EA22E3F3C7370959
:1040C0001C0FC59CF727E5E5E82BE5D0ECE5FCEFF8
:1040D00023E3D8DDFCC802F3E1B3F9BDEA1B0917FD
:1040E000D9DF051AE3E8DAE8D0FFDEFBF51BEC1BAD
:1040F000E106D3F4C012DA04F0E81CEBEAF9050992
:104100000DE826E521F4AFE9E90FCB11221BF9CA2E
:104110000BFA16EACE18FAD9D0EC1037C311EBF629
:1041200005E8EFDFE1EAD0BAE6D8CE171239F1D8C8
:10413000E917EFA41FC8E31CE3F12237F01DF725B0
:10414000CAC4D4F4F0D3040B11EFDA140DCAEFF49F
:1041500010F4E1F0BFC4C3C3D8DEB84430180C3249
:10416000EAE9EAF643E0DE3525DE9605F023CBCB1F
:104170001B17D9CD0512E033C8D404D935EBCDD403
:10418000F91FF610D547F4E33C07DF0C202625FE87
:10419000CBCD252A30AFBAE12D3211D60916E1F484
:1041A000EC066BF7E80098E600F6FA15C3C9F925A6
:1041B000CACE20CAEC9127371162DFD3DE3ED2335C
:1041C00002EB123905EA4815C0CAE5634135BD095D
:1041D000A9EC25E348E81F09E6B7FACBCFE1C80010
:1041E000CADB42E0DDE804A31B144EEE40D0C90B4D
:1041F000C7C306EF14CDDD27D0CDD8F7F5B1DFE189
:1042000016F02328D410D504300AE0D3CEE61DB72B
:104210002AE6DB00D843ECDA4323DA140D1CE9006C
:10422000E1F59CF90CEC42EEE915DEFCF0E326D05A
:104230000002F9DDE5CFFCC9EFEC22C3EEE60AF996
:1042400005C510B8CA09DDDAD5223304991BFA3244
:10425000F0CAD20F2EDDCEE6DFFCBE4811213CCAEB
:1042600016EAD0D406DAEAC0EAF0110046ECD8EE3D
:10427000BD21F6FB2DEBE6E3F501D41A18F11FD6AC
:104280001AE8E6E31DCEF68CF300FE31F7F3F9C42D
:10429000520602EFB4F6F5A9EFD8C91AF4309EB66B
:1042A0003B2622E6D23BDFEED3B800DBF7CD22A2DD
:1042B0001BDFD0D3C315F5EFEED5ECFA1A3300D5DA
:1042C000E6AFFAFAF1D6042614FA09FCE0F5A8F0F4
:1042D000F0DD2CF3D800DBD42BEBFBDE0D2AE0FB6A
:1042E000ECACD5B42C32DEB9C510DB12FCC201EB4C
:1042F000D4020CE8C83BD8ACD0EE27E4F7D93D1681
:104300003BEEC43DF427F9FEEB2CFB1FC4EADBEBCC
:10431000FA05FAEACBB404E821CD16DAF51FFF015D
:10432000CBE40109F3C0D900C5ECCF1701CEEF40B3
:10433000F92BC90F00FEDAEC060521CBCAFA2A00D8
:10434000FF02311210F3DAF91D06D3D5EA17ECE9B2
:104350001AE90ACEE4210CDAF4F3CD18E0F7F414EC
:1043600022F3FAAD00DA1CA316D3DD22121CC8FF1B
:104370001BE0E1B909DFC70ADBE01B07D617FF0F17
:10438000B8CD960501D9F427F4C0D4F6EBC0CAEB3A
:10439000A6DDE901A8EB18CDCDEEF0230B12231614
:1043A000CFDE0104E9E3EC3B0DD2FBDB1032F7DF9B
:1043B0001BCDCFD60A1CE031F7DB14DB17CEB7E8F4
:1043C0000A1AC2DFFA4EE807332EC5070CBE1FFAE1
:1043D000AFC5213123BABAD5EE0C11FE273200A4A5
:1043E000020736F70011DFCD021CCE07FBD32038C1
:1043F00007E305D005000B310C2EE1F0D927071497
:1044000012F4F01B271F10F4B8F3FE3D2D41F0F31A
:10441000A6D028D022BA0CFBE5D51DD0F9F0F40DBA
:10442000E5C90AE6D4A7DBDFF3D805C212FEC73917
:1044300004CDE1ECE3CE9600C505E954E4C8BDD255
:104440003CF1FE17E017B3E6220502E5CBBA10A94E
:1044500000DADE04A63DCFD05A46E30BFE14F3CEBD
:10446000E0D3BEFAE33032E0CAF9C8B2DDD5329EFD
:10447000E0D0E1C8C9E3071627DB17B427F5FF181A
:10448000EBC027DFA7D3B3EAFE0D430AE4300410E4
:10449000DED9C4E407CEDBFF1F02AC21DD0D30C541
:1044A000DA2AD6FFF600BF950C0506EFECECEE120B
:1044B000DB20A1F33DDD06AB1B32A922F90501EBA0
:1044C0001127DDF704FB0AC70605D03002E5D9E85D
:1044D00047F702DBC41107D5F5E9EE0DEB35C2D580
:1044E0000230D411F7FA0932D4ADFFEED60222DB46
:1044F000F9D6D30FF710FBD412F4EE012739F5F6F5
:10450000E5D001F3E3CE0D1D0F070002EAFBCEC597
:10451000C3F6EC0DD8FFF5C727D905F62343A9F755
:1045200018F0CDE6051212CBD923BCEBF1D61C1B3B
:10453000E500F3F7EA23E9B6CBD62CD4F4E13DDD70
:104540000D1CCE28F53211C2D812D30DF5DEE4BE13
:10455000E905DAEBDDEFDED3FBF70DE431072CFBE9
:1045600009E0D9FEC8D5E326DA1109DEF506EB1518
:10457000F921D4E4E41CF9FE1DD9F402DD0426146B
:1045800016CF381210E6110230DEC0DBD217BE3172
:104590000F04F7F4D5EFECF6E5D32007E3D3B1E54C
:1045A000280A33B6220D09F1FC10FE17D22DF1FBBB
:1045B000E9F411CDCEFEC405F6E60BEAFA01FBDD07
:1045C000BABDBF0AD6D5EA07F3E6ECFADD00CDF1B5
:1045D000ADB3B9FFAC0CEEEFFCC2EE20EA12F0DF97
:1045E000D2D5200027C0F517FED5DE0DD620D3F694
:1045F0001AD3DD0AFF1FE532F7D9ECC20CC4D90685
:1046000007EBD8D5F937E9EA3949F7E801DF0BD6E6
:10461000C2D01D26FFDED9D0E04411F9FC40D3DB27
:10462000EF0A16F40D0ADBBF0C35DDF3E1EAFB23DC
:10463000E3FFEBC0E6EE3639061800D2EE18E31CB5
:10464000EFF3FB301CF90AE6CAF9C53BF33B09E975
:10465000EEDBEFCF09EC0AEADADE1FE6070506D447
:10466000F6D2F4FADE9DCD2A01DB20FFD3E9D42770
:10467000D8EC14E6EFEBBE0FB6CBE34AE3D2C5E5C8
:1046800002FC212BE111D0122832E9EAB6D615C777
:104690000DDAC50FAF1BF0EF4F38E31AEA0CE19BC0
:1046A000DECED4DBF0413DF00ADAB1E6F3E446BAFF
:1046B000FEE616C2D8EAF01B1AF612AF3EFF17DA72
:1046C00020DD31E4AFD8C3E5C4025FD8F507C402EA
:1046D000F4FFFBEED2D0AB10B80BC0DBA425FAC4BC
:1046E000F01ADDCFDDFCFA810B00DBFC1DFCD91FCD
:1046F000DE2AA3112ADF1F051525BED22E12E9EFEF
:104700000C1AE8C5DAE401E5E6F0FA1C00F9EEF56A
:1047100032D52A14E91810E3DD0D2A31C24FFFEC1F
:1047200092CA311EEA1AF90E0CF8F215DE01D40D08
:10473000E6D7DEC12402E52DFA34DDF8F2C8EA2C12
:10474000DE2A6310DFDDDFF2AEFAB1C7F1DCB3D8E9
:104750000C1CD5DCFE10FEBFB1FFF80DDCE20794A7
:10476000F1E1BBDAE1EADFD8FDB5D8F11FD102D81B
:1047700005F2F2CFD6CE1030E22AF6170FE611B4CA
:1047800001E2E428FE3DCC48ECDE081316C8EAFE40
:10479000E607D30A34EB11EB1DDA11DDEF14DBCFA2
:1047A0001BF2D6F4F21701FB4202E932080AFE1CA2
:1047B00017E4DDE5F7ECFDE20005DE09E9E4CEFBF8
:1047C000E6EFE2C7EBE5D7DACFCCC2C6BBF7EB31F9
:1047D000E50E402523FAE6EDF74D2B23F7D6BEDA9A
:1047E000E4280A0EFAF6F12FEF4D05BFFBFBF6D0D9
:1047F00007D6D003D441D6F81FDC231BE3E5C21053
:10480000D605E3CFF1C117E1E306CEF6CFFF0FC720
:10481000F6E110EF25063DBB10F6010FDDF92FF391
:10482000F64FEB1BED16130C4EA0E628DFE6F7065D
:10483000CE8FEDCCBAC0FF1E1C07DED82BECD1D733
:10484000B118E436D7E81AF34223C1DD37F8E2F3B2
:10485000DAF91D1F0AF2EBEDD3E340C5C5F62CF8DB
:104860002F21D5DDE91ED0A6E6DCBC3ADA0E33C531
:104870000005D4092A2CE5FB0F18FFD3E6D10FC899
:10488000D815DCB4F0F024FAF7C9DCD7D121C31075
:104890000AEAECD408C5F014DDCE1DDC0EF4F92DC7
:1048A00016D50CDB03F931D8F2C0DF1DA7EF07D610
:1048B00016EB1B0621DCECEC03F315FA90CA1D2164
:1048C0000D230AF60CEFE223C0F706F8D8EBC3106D
:1048D0002DF35EDBE9E1D314CD16C04FFDF0F705F3
:1048E000E1EBC91E1DFFD452C703E2000FF1FFD652
:1048F000DD1FEFFEDF0CE62FDC44F3DC21E136E9BF
:1049000009ECC1F423E9EBE20CFFF3D70C18E6C87D
:104910002206C710F9F1D8EAF2E3FBC9C8EA1E3152
:10492000C9E40ED50EF6ABFA1C07B9D6F62B21DE7C
:10493000E2FBD1F42FD30F21DC2FF9CAE6FFBAD165
:104940002515CCD4C707CEDCDA4428D3FD0D5DF89D
:10495000D1BB1DF0D81A012FFAE91A0CDD34DB4B5C
:10496000A4ED7228AA37D723F4C90C23DB21B9FFA1
:104970004200EBE1F9F6C822FF39D8FA31FB0D25E8
:10498000C1F92C00C9A9EC101EF9E4D11DE1F4F025
:10499000E230F8A4DFF9DDDE1626081BA702F6D503
:1049A000DB1600EDFF9D17A921DAAA2416B1DFE37B
:1049B000EDE3F1F7B80EF01EC21847CEDFF0E605C2
:1049C00021C0EDECDB4DC908F9D40A062901D50553
:1049D000DF0DB4EB48C703010C00FA0D2130E6B738
:1049E0001AEDF6F6F70DD51E05171FDFB8D6E10A4A
:1049F000FFE6DAD1D70ADFB7E503DE17114BD4DEC5
:104A0000E5FAC5F02B4BBBF2B7C3A3E1BE09E43A0C
:104A1000DC303040F9ECDBE329480942EBD3AD9CB4
:104A2000E23DDFE6E9D4DA1BDA26F1DAC80EF9CA8C
:104A3000CAEAE1F9BF24EBF0BEBA09250CF0F4F3A1
:104A40009CF2D5E5B5ED22E8E418DCBED8F910FEFD
:104A500006EBE9D0E8F134D307FA0F15E80E2BDBAB
:104A60008B36FB24DD0DF3EB0DDBCE48D5CFF6DD29
:104A7000C8C5D4ED1A9B17250D3EC8E430FBC7F21C
:104A8000900FD72BD7FFE6F23341DEFD31D5F0038F
:104A90000EC5F62408E52FF1BFBB39CFF30F10CFB9
:104AA0003A2C98E2E6F3C6B1F11DD124CACE29C84A
:104AB000EC1D243900F710E8F02115CFE1EB16E6E4
:104AC000BAF0F4EC45D42301ECC5DCDDF61EAAEB0C
:104AD00022D0F7E3CDB7001BDCD8F90CE5DDE511FA
:104AE0000FFD241DDCB816F703C2DA21E4DAEFD09B
:104AF000491F0DDA42B9FFF1F816ED0DCED80801C5
:104B0000060A00F0F0011B0EFEE5108FEBEBE1034F
:104B100021173A21B2CDE22B1EFED63AF0FFFFED6F
:104B2000080FCC0F090FFA2FC71CEAC614F1EDDCF1
:104B3000FD0DB218EDF9B93814380CEC03EA37D191
:104B4000EC25B2E510AAF3EF33C70CECFE16081CF7
:104B5000F7F1A315CFD406D5EBF842D1CEDF102F55
:104B6000C20817B4F6FFBE1E14EBC0EB403340E2A0
:104B7000B1D4D3DAF3080122E10FC0EC09F2A3EFBC
:104B80000709DEDFF106FECFEF180EB3EF0241EAB0
:104B9000F1E10FD6F10E0C29F7E826E1D600EC0979
:104BA000D8FDFB0DED1D0A1BBBB8ABEF1A28E6FEC6
:104BB00033F71003FB23D809D810F9182BF00F2571
:104BC000D10D24C3E8E806E30E0FDDFE18D510D79B
:104BD000EB0FD5D3CFCDEBD5F716323AB92AF1ED9D
:104BE000D1081DB9DAE821D8259FD30E1BC0F915CD
:104BF000C62F11E1D308DEEFE54630DBE61DCC140D
:104C0000E5D729EBD848080AEBC3000F33EB13DADA
:104C1000DBE4A2E349F210E5CCFF1B21F11EFAD63A
:104C200025E809D6EC24E203FBDFF7ECF0EADBF938
:104C3000E6DBF1B3EC16C306EB16FA00F330DFFA4D
:104C4000DFFDEB082925E915F6FB9B37A4FBF1E214
:104C5000DB483D3DE218A9C21742EA2AF0C5E5D774
:104C6000ED59D51B09F3A2CDD577CAF0D31517E8B6
:104C7000F6D5EF05B5160EF48ACEED36E5D6F43945
:104C8000F60808DCD7E537D1E603E9A3D607D0EF6D
:104C90001710C9F302D0F1C5C71AE922D4004CFE9F
:104CA000C7281B13DB11CF1D173A050AEBE9E306F2
:104CB000C3BAE9ECEDAD1C23052DE2BF0F1AC6F90E
:104CC000A7DED106E9FBE800533DC5F444E4B8E9AA
:104CD000FBBC03FB08DB38060ECE2CD6DE0205DD5E
:104CE0003B1CC1D0F129F7FDD303F8ECC0CEFDC5C4
:104CF000F81DE202F3EAE5E8ED31FEF90CC8E6C87A
:104D0000DFE808ED34D303CADCDC1BC8E615A6DAFD
:104D10000DDDF3EDA9C6090D22EDDC1302FEE20A5A
:104D200026E11626C6CCE201DFE6D608F1D517DF6C
:104D3000BC16FED52CE12DFB28241F14BFE2291040
:104D4000E615FEB5F61125F0FACEE8B409DAD5F38A
:104D50000F0747FEB2E5E90F25F4DD2FE91DD7F077
:104D600009E1CA0A2FEB2402DE02B2F41E1CE1089C
:104D7000E133D4F7DA34C51DF20DFFC706C57FD382
:104D80000502BB171FB2DCE546D513DEDF1EED10B2
:104D9000F709C63E07DEFEF3F2F8381FCDF4F9F846
:104DA000C7E513E1DB08EC2224F3D7B9695645CDFA
:104DB000E3D1ABF8D1010A1EC811BBEBF1EAA2D6D0
:104DC0001C23DFF9CAE303FB020D07AE0DD85DEB30
:104DD00016E22D081A00033618E922DEDC18CB1182
:104DE000F1CD05FD18D0B9BD25240DEEF703D43063
:104DF000F6D72ADEE4D1E0F8FD0A43C03DFAD0C37D
:104E0000E3000EA82B110BC7AD0929F7D624B3DA9E
:104E10004027BD262A292005FDDBF505F3FA17AA50
:104E2000C6E9DCC99FCD08C0F509D1F5C0DFC8CC03
:104E3000F74BEF0B4BFCCCF7F1ECFBDFEEBFF6D200
:104E4000D6C405E5CBE4EFF6EEDBE5C6DFDEE3ED49
:104E50000124050E142C1B25E353E3EA0ABDE411DB
:104E60000F19E3F7C0D1EA2AF511C3E5D4EFE2E068
:104E7000EE12DF4FE03AEAC2B105F2D2EA1D0912A2
:104E8000F617C9162BE301D22430BB2A0E13F1F515
:104E900008E9F83E18BE2224FBFD1C06F2CC27EAE6
:104EA000F2D5B5EFE432D5DAE30D03D1DE26F3DF38
:104EB000E000D217FBE33AD91113A843ED9DDB03C1
:104EC000F52AECF8FFE9CB089AF10925FB05220346
:104ED000FC13CD1E34C3C8291BF3D6D52CD6C4ACC5
:104EE000E4D2EEBEDA05C3FAE008D0E5E3C719065E
:104EF0001316E31E04E503DC34EC212AF5E834D96B
:104F0000090D1C27CBF2F82701DF0B1C39DE09CC79
:104F1000F2120EE7CEFF042F12F6B9FC09F856FF85
:104F2000D709E2E7F837010309FA21FD19E8F3D0C0
:104F30001D24ED2BF83AF8E216F2C2DF0DCE0D95E6
:104F4000DEF3DAD6F5DBD7FCD0CD13DA1EEFF1E7CE
:104F5000EC50D01CFB08B5FA060B18F1BFE5D919C7
:104F6000D0B1E4EAD113F521EE32EE3C30DFEED6DB
:104F7000DE48C0AFF609E70B1C0DF8EDF70DF53C68
:104F800003E0B00BA7D1250AF6DEEE3E0913B41CF0
:104F90001D51ECFAD706DC24E4CEC0D0E2E3DE21DA
:104FA000DE0A2A000ADBF1091BE7091206FA1B21B7
:104FB000CDFBEDB611CC22DFDA04D508DCEC05DB45
:104FC000FCBDBD013C001737D40EE9EE0BC22EAF7D
:104FD00014F509F1E9F11BF7F3ADF3CEC9CB08E005
:104FE000D4EDF51BBD2ABA20BBFB010AFB08190D45
:104FF000DB051EEEEC3A053225CDBF0EEFE3CCFD0E
:105000000550FB222703FB1B04ECD91CF6EDFDD554
:10501000F2BDE3DEE5CDC20EFCC9FFBAEC22D20F31
:10502000F29C2A0F09DBAB9E16FBEDEEA6DB222BD2
:10503000FCDF0FECD605BAF8A3FD18C82A05ECD59D
:10504000E3FBEED01D01E5D4B51CDAFD954BA5CEF2
:105050003A18DE1D003821C7E9FBEEF7DED416F35F
:1050600092160BB8F7D505E5DAE2E7F6F8E2E0DEEE
:1050700004061601FDD0BA24D7E737D904921306E7
:10508000F7DB2200FB0F21DCDA0AFBE511FB0FEF57
:10509000FD331C0E1E0B040FDF2FEEE9DFDAD421E7
:1050A000140AC206D9040809EDEEE3F6CE22980DE3
:1050B000FBEDE916D90D01BFC7FAED39FF3AF8EA61
:1050C0002AF208FAFAC4DAD716E7CE1619F3031251
:1050D000E3F7D12BF8EC2F2BC3C8160EFCE721EA1F
:1050E000FAE7D6FDE7F5AAF5FFCD1DF3DCFDF7FCE9
:1050F00017F1C2FCD50518C8FA20C61711D1D5DEA4
:10510000C92916FA09B4D2F8B0D52CC6DC051804A2
:105110001413C4FD34C2C2F10FD6EFE82EECDAFC52
:10512000FAF8F6D42216D0EAB605DCE7C7FDEFDCC4
:105130000422052EFC20D7BE3004FD2EF20124D916
:105140000B42272609083EF81CD1F20E19C31B1981
:105150002E12E2C4DE032E30F81CEDD020C4292923
:10516000B6D5090D2AFBFFF1A81B26EABA3313E8CE
:105170002E11DF2FBB2A12E40021D533ECCD04D74A
:10518000A8D781C924F2FC1EECDE26E21DE7F62733
:10519000E854C0389C1CD2F7F51CFAF3DBEDE02B89
:1051A000DAA7E81BF11D16180D1BE727FAB4E3F880
:1051B000CEF7CEF10425DB202EF3F2C6D6DB222477
:1051C000D4E3A1019FD90FFBD6A5E40524DB9F29D9
:1051D000FF2C09E3FCE8DE1EC320BDCCF3CCD120BC
:1051E000DEF224ECAF04BFEF12D0F10D16EFDA2A95
:1051F000C2E818E527C925E9BAFDD20616421EC243
:105200000DF5932130EE0834E2051B1BFBB50309B5
:1052100027DAD9D5FAEE121813D2D5E4F3D4E80B75
:10522000DCEE0826EE27D509B8F6D701EF1818FBF3
:10523000C99422D2CD54D10A17BEC819B0BBD6B377
:10524000273C0416D11E0F3CEC04CBE5DEF3E7C08F
:10525000D21401C6DCCCE70B00B6119FDB0EC9F7F8
:10526000D1C020D421E3ADA52527DF20D6C7F82063
:1052700027BE00C9EAD0D1E403F21CDA24FAEAAD71
:10528000F31DFA290DEAF2D1FD13FAFFA22100D194
:105290002EF1B619CE1DEEDCD6DCE7D9C6F10BF146
:1052A000873011C80EE003E5ECF8F2F60FC0FDDC24
:1052B00026F320E8FBE5BEFFD1C817CC0EE9E303D7
:1052C00040C6193505DAC7E599A308F5012A0BF59B
:1052D000D4FA0127240021FAF50EED00E4BEC7221E
:1052E00011E0E80BF10A03CDE2D5D905EA0FEA0097
:1052F000FBC8BA01F7FBEFA3EDE2DF12FC26E3C91E
:10530000D4E5FDCDF7E500C627F7AD0D17D694A17E
:10531000F222DA2E05C64209CCD226F1EDEC11ECD0
:10532000DEF803F81201DEFB03E034F2C3D7C0BE9F
:10533000E4F3EC30DA0505D12C05FD1DEDE3D401D5
:10534000C33914EA29BABA05D1D6E0A2C729F3B302
:105350000611C62A2F01E3DEF8EA05EA1C03E0F68F
:10536000FCEF25C8FF0618EFC226090BEE18CBFB91
:10537000EF3ABB2EDEF8F5EC4C18160600EDE5EF23
:10538000FB3D0427C8E508E2EFE9011319D9F73C12
:105390003303D7EDDF163A20FF2CDFBF11054DE0B8
:1053A000F1C3FB01F6FCDAD2F8FC1DEFD44DECCDD5
:1053B0001E17EC0AFF24FDE2C637F20BF2DA0EEA02
:1053C000D2DE84C9F3FFC642E20624AF21D2C7165B
:1053D000FA63C42BF20ACD14FA09E4FAE8C9F62CF0
:1053E000D6C24AECDB1E34ED2914D234BFB5D1E964
:1053F00035EA92EA010BC9E30AFDECD2C8F8404A4B
:10540000ECD0ED1EDBC71E25F7E59F421CA2B6338C
:10541000E32600E02BEDF605EEE7F1DFFCF5A7E271
:10542000D7E226BDCCE7C9E5FF01EA3414E8CEE4B3
:10543000F1351BDE12F216E7A324DBD71414E2FFCA
:10544000F7F3C9EF03D6173CDC19EC09E7B82BEAF0
:1054500034FC0AEC1EE539F20EF6FBF1EFE8FBEC4A
:10546000D7C7CD13BD20081BB418DCE313DF21120E
:10547000DB9334F5B6CC06B947DEF612EA03DA9DC3
:10548000FA6125FCDC0E1DFAD7BEB3C4CE0611C2EC
:10549000CD0DEDD4F1E90AEF1503CDADFCBDF4C59A
:1054A000FC27DCCB290B20DD3D1C00ADEFAC8819BF
:1054B000E3082537F401E5C5E8FF0729DDE1BAED8A
:1054C0002B4FE5EB2C1CC5EC35E10DE4FCDC1C316D
:1054D000DD00D3F3ED0FADC01C3404DDEBEBC8EF02
:1054E00001F19A19BA242B21DFD0F8E11801095AE9
:1054F000E0B6BCEBE4FB4601CCDBD9DBCDE7EF1338
:10550000DCF11CEFD42CF130F5EC11D3EDE8F1F81F
:10551000E300EB20DFF7FF2024F0FC10CD8AFFEC46
:10552000C318180811F721EC09CF13E7B0ACF4C584
:105530003D17F0DC25EBC581F7F4294201FCDDA421
:105540003C29E5D50825F0C7DB4BFBC8E7D71FADE5
:10555000E40D0448D9A628E3E7EBC91CE7ACC8155D
:1055600019E5F3FCE907EF301CDD17F5F8F1EDFC68
:10557000CB19E1FF19E4F8E10DD0D53CF4FFDD2CA7
:1055800005B523EDCBF9ECC0289D1DEDFD0B0D1BE2
:10559000E4B5FD25EF0DC0E3DC09C70BEF031CD11B
:1055A000E8D02FFD25B1D8CCF3293D0B01F1F3C58F
:1055B000EF9A30F9DB1B0BE0A8C3DC2FBAE4E1F56E
:1055C000BEF7CCF7F5D911F8253FF403A90BBC2C95
:1055D0002FFCFD0B0C30E3EDD5FBC7F4E300B11B52
:1055E000BC1101FB0701EDF425BDBCE70CB546EC91
:1055F000DCD8FFA2E7F3A2EC3CCB08330DF8C9E3FB
:10560000FBF8F02B460CB63BB80BC01C1CD92BE8A2
:1056100034FCD9F9C3D1290C083DACFDF033F9D5E0
:105620000300011129EFFFE03D27DD17D9FDF1F15E
:10563000F546FFD4E507F91C34DDF1FBEB09D41482
:10564000E0CF0FC838280BF7F3BEC140C815FF21C3
:1056500003A1E0FF25BC2419E10FEB1CE12533DF9A
:10566000C5EFEFD333F3EBF5D71CD9CFD1E131F947
:105670001428290514F50F18E7282813ECE4C704AB
:10568000EC00DCFC1CFDEB2B28C4BEE01B11EBF98D
:10569000FCFC0FC5043000D41BD81DF5BAD5D4339B
:1056A000D0DD29E5DFC8CF03F0FB28F7D0E731AD27
:1056B000E3E02FE5E0FCB1E4E4EF07E71329E808B5
:1056C000E8D9BED4F0F4B1FFF0D4DF10F1D1BA3D87
:1056D000D7F1E1FBE3B4C1EB11F4C4D9B8FCEF2975
:1056E0000913D09A2D072515F30FB6E7E307141019
:1056F000EF2FE41B9D33BE1B2014421818E0C8098D
:105700000C1DFBCDE9C7FDD51507DBE3920F132C6C
:10571000C410C9E31109DFDB2035B6EFED19CCF178
:10572000FDCB24A8F0191B33C7FFBACBE1CD193547
:10573000C7B0D9F1C41B31D3F4C7CB05E10323159E
:10574000D405201C9D29F7EF09F8010FE727D9E1BF
:10575000ED08DC2417CBD9B808B5F756BDB5C5DDC3
:10576000D01D0D032B3815DBEDD0DC1BFDD5AA01B8
:1057700019FDEBC014A1DBB0DCF7F0241329F19C78
:10578000E7E1BAFC28330CC9C83CBDD3AAE520DB4D
:10579000E41CD70FC4D5EFD1CF00D408B19AE5E40B
:1057A00035D7E8CFFFD3F84B08CC34DBDFE710F375
:1057B000B60BBCCC0BD41CF0F917CB38C900E333C3
:1057C0001CEF27C4DD27E81110D80CEBE8C70DF15A
:1057D0003918E8210B04C803F13FF429FBF31F2318
:1057E00003F5D0D91BD0D9EB131731131BE00CC331
:1057F000F7C15228F31B19A0CF19C80CF1D3B0D3AD
:10580000BEEDD5E0BCEB1807420BFB08B0E0BCE4F2
:1058100013F4CBF7343D34D83105D4DCE0DCD508C3
:10582000D50F03C41435FC2FF709E9E3CDFFEBC90D
:105830002328D9F1D8ECC7C72FBEEFCCFCF014F861
:10584000D790BEEB1D01C433C0041B05F4C733BEA3
:1058500021EC20E7AEEF1BF000FFEDBCE5290114C1
:10586000FCE9DCF9FCA127B91728EF1CC817FBFFDE
:105870000538E9B610ECB1E93DEF03DFD010193B74
:10588000F509F79C30281FE8B0F8F79E39D9C737DB
:10589000F7BCD8E330DF1715C7F3E720DF3013C1BB
:1058A000D3D3E40B3304B9C3EB23E8D7F84E10F994
:1058B000111D3BC70DFD09D0F7F3201BEFD4EFEF0F
:1058C00008E7EC18341FC5FB0FE9DCDFA02BF1273C
:1058D00007E3F1CC2915ECFF23BA03ECB6ECCD239A
:1058E000D0F524CCDF30AA10C8C51DF7C9F7290CA4
:1058F000E8C414FDD8D7EC0401DC1DB2DF25243840
:10590000CBF9A514E1F4B009D134E0112D05E0DBA9
:1059100005342DE9D3B0E3F50C17BCE7B1FFD0286F
:10592000EBF7D8E0FBE9EBD827F9D414DDE517FC59
:105930000D15F3F4A556C31820383D2720EBBC0302
:105940003BE919D5D0FBB5E9052DC8F9DD180809E3
:10595000F903BAE9E81B96BD2927D308E310EBC485
:1059600004EC40BAD0FB253C1825D9ECC5EBF3FD7F
:10597000E0B611CCD040771403CC01DFE413F8F388
:10598000DCD137179D0C3C080BE0101D3810E7E503
:10599000B401E54E08ED00ADCBE1E534E814F7E9DC
:1059A000E51F23E44C3B33C1E0D0E13018289C01D3
:1059B00025E1ECC110AAFCCDB5E80507032720DDE1
:1059C000E8F7E1EC00072BC3E311C420C517FBF88F
:1059D000CBDFE424E324D4E7DCD0ADF9D9F5F4E758
:1059E000F4E4E1D715C0E117D7CB0D1F2C17341302
:1059F0000309D901F9F4FCF1E411CF40A0D9BE1B91
:105A000008F12BBDFBDCC9FCFBB9EDB825D5C5D72A
:105A10002B0FDD3321DBE3CCF0200520EFF429044C
:105A2000F1FBAE031390A5F1C114FD050C38E8C8D5
:105A30000DF52730FD1C1CC5C71BDC0523D9B51887
:105A40000BD7E0DC04EB29E74703E5E9D0CBB8E46A
:105A50001109E8FB4F1544C025F7D708FBE4EF0018
:105A6000E707D9D334E9D7D3EBEBD0E4D4F3E9FD9E
:105A70001430DF11D1FFE4C835F40CC8FB20A9BEF7
:105A8000F1C890F52419DF03B00DFDE9DDD01D0745
:105A9000400F5BCB010BFCD8D8E50109C74C0D3793
:105AA000EDD9D419B5B404C5D71CE700F0FFD80C64
:105AB000AD2B0DBE00F7BCBA2C2C001021E7101343
:105AC00011AA00E5095F01F9B0F0DBC41CCCA413F6
:105AD0000CF7F4D91409F3FFCDE10407EFF14AAC58
:105AE000FBE7E9FF1CF8C3010009FBD7EF390DDF25
:105AF00004312CC7ED11F5CDE0B2132F21E5F433BD
:105B0000EB0CC81824FCAC11E5B4DCFCDDEF21097A
:105B100014D8C5DD25FCE7E05A1D1CECD1D7CD0813
:105B2000C0FB1CC9DD0DEB29CB2817E5D1E910B866
:105B3000EFEBF503CBDDF7D8F70CEFD5CD0FFB0B73
:105B4000E7C4BE1F1BF4ACEB1544C3FD1F04D5BA5C
:105B5000FFFC080DDDEC032528E1CCAFF3F9D3D52C
:105B6000F8FDDBF2CDF1C80EF41B18AEEC2E08FEEA
:105B7000021EFDFBCDF7E4BEF6EAEED3F8180819D5
:105B8000FBF3C4DDEBC2FDDF04F50B19F01624DDD9
:105B9000B1F2C5A7E3EBD5E7F7F728E7C200EFFEC0
:105BA000193A0BE3C8F41AF1FD2FCDE5E6F9F70E2B
:105BB000DE0505F122E211C2CEDEE70BF4F1E205CB
:105BC000F6D5F70EF8DA224319DB2BB8E3EC340BE9
:105BD000E9CC0C1EF7E2E6F0E1E9C6F51408FEE7B1
:105BE000C815FCE20A211AFC17F61802EE1A1BEF80
:105BF0001BDE16FDE7EADFFEFE04FED221F12DF2E8
:105C0000DEF10D10C8EF14ECF7C9F71BA91ADFE29B
:105C1000FE37C1E1F6D9D2041EF5CF0ACBF8B50A9A
:105C2000F4DFE7CA0E0A15F9E8F316E8CCE90FE845
:105C3000EFD817D303F91CF2E911EBEEE6241F0F9E
:105C40000DE31CD21D93FCD30ECEF30BE114CAFB63
:105C5000F1ECCCD12115011B00FB0F1A11CBD9CED1
:105C600016CA30D812C314FDF608F7E4F5E61C2175
:105C7000F3DE18213F222DF09F24DD30D1170EEBEB
:105C8000C304D507D9F8F7111BE50103E9DBF802D6
:105C90001D24EEF4EFEB0EDCF8010CB616CF0B2151
:105CA000CAE201E2FDE60C04DCEA11E810D3B3FD20
:105CB000160FF7EFD735F2D6E7F330DFF72822B823
:105CC000C8EE3AC124DFFB0DF841DEE8DFE905014B
:105CD000090EE93FE615FEDB2704F017D71704CAC3
:105CE0000C0407EAF4EF0BF611000EEFD6C4EE0534
:105CF000D1E30ADAFE0B31F20AFBE7D70E0B1A30BA
:105D000007D2C60CC9E7FC3CC302DC19140219BF58
:105D1000BB1537CBD8F41DCF0BFB1EE30DDFE4EB37
:105D2000F6CEF628CBE7EFEE0CCFE61C1125CCD94A
:105D3000EC080E002734F9E50518CF1C0D0AFFE822
:105D4000FB32EE21F212D5F5D00BD8F5F6F8F60FAE
:105D500007C419E2FC14171AEBE70308DCE8EC1D92
:105D6000E50A3642C9FFFCF7C0D0E630CCF9D11DB8
:105D7000EAF31CD122100734FCEE2719D9CCF3F931
:105D8000E9EEEFD70001050B07E1C5F8E90CCF24D8
:105D900017F6ECB7F1E303D90DD8CBACE8F72AE45A
:105DA000F0F7DB04BCF1DBCCEC180FD7FC09B92A07
:105DB000D9170904FCD3E127BEE9E6F0CDDBDC18F6
:105DC0000EFDD10BE8FC0BC52216292F00F8F404B8
:105DD0008103B2B7EAD5BEF5DAEB1FECC5FCC2FC15
:105DE0000E040C05B9FBDA1FFE24E2C9D10FDF1C3B
:105DF000E81719F01BC20ECAF4F7BF0D0205D5E86B
:105E00000EDF27E722FBE54BF7C30FD2B7DB21F10B
:105E1000D8DA1119DB03DDD5CA22BD0B0AF1191737
:105E2000DF32E8D8E31AFE0E0502191FCF172A3514
:105E300024E7F0DBDE05CBE4120700D007032E9B3E
:105E4000B1EE191ADDBB1AF804F1350DB621EFD702
:105E5000DD2FFBC6F6EED6E927EFD00AAAEEE10168
:105E6000DCF2F5D0ECF114F4F01923D0CAF901FCFE
:105E7000F5E136FCF0FB12CCEE27D126EC0E120435
:105E80001F0D01F00E90E6C51B0D051009E9DAE6BD
:105E9000F2F5E9E60501BF3E03E223E50BAAE707B9
:105EA0000E1143DC0EC2EA02E4FB15ECFC031117F1
:105EB0000001E417180B1CCDA828EF26CD100EB852
:105EC000EC0ED5E9DD1AF00FFBF50105CEE5C82D86
:105ED0002F1FF2E2EAF207030DFFD3C3F0D527121A
:105EE000BEE1F1F6CAD9090EF9B12BF510E7E2D9F6
:105EF000E4FFE8F81E02EECD11DF3DE8193107BEE0
:105F0000FCDF07DA17E3D51DEB4BF5EBDC33F70BC2
:105F10001E22FF2F2119F5D72D1DE221F003DBD61C
:105F20001AF724EC19F1EFE3040EE5F7DDCEFCD20D
:105F3000CFE42AE9F1FF33FEE44ADAD90209251B4E
:105F4000F6E2CB009A00E423D6E9EF11F1F008C3A2
:105F5000F62A4BDFE5B615CD0AE504DB18B7E3FBFF
:105F6000F6EFFC10D3C9EB0AF0E1F12A0C1CC9F5DD
:105F7000BE0AFF212F42E5CC1227DA290EEFEB0AE9
:105F8000E31BE2240921E2F6CE15B70911F8EF1060
:105F900007B81BD616082211DCF30AD90BF319E94E
:105FA000C8DD3842D80402FDBFC8BC1AF803D73197
:105FB000E5B809D6231DEF30E81924E404CFF4D264
:105FC00025150BD0C0EC0A0417EFCA03CA11E5FF70
:105FD000F2FDD9D6BBE7EAF2FFCAF1B1F41529DD2B
:105FE000FB25FBDAD228AFE1CB1F3FE2FC32D637EC
:105FF000C01B030EDBE2120703E701F3CBD1041E43
:106000003AF1D5C801DE19C518FF263B0711FE1469
:10601000A72FDDD9F61BF5E509F01AE5E40BF0FB37
:10602000F918FE07E51E0A26F936D1EBF617D62138
:10603000F10B1DF327C10209E6EED9FB110018FE92
:1060400036DEF5E42714D240F3C91FC5DADF2FE1AD
:10605000F7F81710BCF6E7E4CF27F20C01DC18E4E0
:10606000BF1D08E6E50D050425E20A0BE8321F080E
:1060700021CEE8D1F22EB3CDC6EA14D1E5FD19B197
:10608000B0E4EFFDF0DD0214D30C0FFFD6160F2D98
:10609000DAF4EEFBCEECE8E91BF1C516BEF4EF171F
:1060A000F5E7E4DDD9DFF9F30815228FECE5D91522
:1060B00017B3F6E40AFB14E9F91FEC0BDB0B05162A
:1060C00000DB00E6F7B601B92403E91109E7F2C5E0
:1060D000F7E9E5B31A00052FF4D51D0219B5D7F974
:1060E0000EF928DF07CDFEE603F82116C6B917F82A
:1060F00015E5ECFD0E0707B1C210CB1BE21207E558
:10610000FCE3DDDAEF1CF600BDEFF309DCF8E33861
:10611000222A0EFCFCEEF60D1E08CEE5E9D30C0893
:10612000E3DAFFD619FBFE11FFB82DF3FCE6D7E446
:10613000EFFDDFDF1B01FCCACFEB01F029FB19D11A
:10614000DCD9D7D21112EF1D0730F2F6D31F07DFCB
:10615000FE05E41A0509ECBB0711D523DF111DE686
:1061600011CD11EF280008BCF71DCFE1E6CAEF9A68
:1061700032F510BD1A0A24F0F70FFCBCFFE918280D
:10618000F0D8F928C0DEE71EC8E4DA18F4F70BDB14
:10619000001B1ECDF3F716DBFDDF0AB30DC2E70AC5
:1061A000BFFCEC00D3B8E307CF020FF5240325F7BB
:1061B000BFFB160A1129D2D5F30EDA25FDF3ECEF59
:1061C000FF1AE319CD24E61AE10EB4112FEFD10026
:1061D0002AB517E8211CF42E1AD70FECEC09F6D9D2
:1061E000F8DE2949EFEC26DBDCF3C232D7111B1BAA
:1061F000BBC031DE02F0E8E807113DEC10FD0CCF2A
:106200001FF7EAC3CF05FE1E090DA5FECFFC01F462
:1062100038FED8E4A5D8DEFFEC9AFFFF2FF6FFFF8B
:10622000E1FFFFFF6D04000007140000710900008A
:10623000B2FDFFFFAD01000026F9FFFFE0090000FD
:10624000BF0D00008F0B000063080000D7040000A2
:106250002E060000FAF4FFFFCCFCFFFF2006000032
:10626000A40200000DFAFFFF2AFBFFFFB6F1FFFFBB
:10627000E5000000F1FCFFFF0500000034FFFFFF18
:1062800055F7FFFF8AE9FFFF4DF7FFFF68FBFFFFB0
:1062900080F9FFFFA9F8FFFFCEF7FFFF6FF5FFFFC3
:1062A0002D0200006103000008000004100000023D
:1062B000180000062000000128000005300000033F
:1062C0003800000740008000480080045000800231
:1062D000580080066000800168008005700080031F
:1062E0007800800788004004900040029800400633
:1062F000A0004001A8004005B0004003B8004007DE
:10630000C800C004D000C002D800C006E000C00130
:10631000E800C005F000C003F800C0070801200431
:106320001001200218012006280120053001200359
:10633000380120074801A0045001A0025801A0061E
:106340006001A0016801A0057001A0037801A00709
:10635000880160049001600298016006A801600550
:10636000B0016003B8016007C801E004D001E00299
:10637000D801E006E801E005F001E003F801E007DC
:10638000080210041802100628021005300210033B
:1063900038021007480290045002900258029006FA
:1063A00068029005700290037802900788025004FA
:1063B00098025006A8025005B0025003B8025007D8
:1063C000C802D004D802D006E802D005F002D003FB
:1063D000F802D007080330041803300628033005FC
:1063E000380330074803B0045803B0066803B0050B
:1063F0007003B0037803B007880370049803700635
:10640000A8037005B8037007C803F004D803F006AA
:10641000E803F005F803F007180408062804080547
:106420003804080748048804580488066804880566
:106430007804880798044806A8044805B804480763
:10644000D804C806E804C805F804C80718052806D3
:10645000380528075805A8066805A8057805A8077F
:1064600098056806B8056807D805E806F805E8073E
:10647000380618075806980678069807B806580789
:10648000F806D8077807B807FF7F0000F67F2403D7
:10649000D87F4706A77F6A09627F8B0C097FAB0F05
:1064A0009D7EC8121D7EE2158A7DF818E37C0B1CC8
:1064B000297C191F5D7B23227D7A28258A7926284D
:1064C00084781F2B6C77112E4176FB300475DE33F8
:1064D000B573BA3655728C39E270563C5F6F173F10
:1064E000CA6DCE41246C7A446D6A1C47A668B449D3
:1064F000CF663F4CE864BF4EF2623351EC609B5371
:10650000D75EF555B45C4258825A825A4258B45C00
:10651000F555D75E9B53EC603351F262BF4EE86491
:106520003F4CCF66B449A6681C476D6A7A44246C18
:10653000CE41CA6D173F5F6F563CE2708C39557281
:10654000BA36B573DE330475FB304176112E6C77A5
:106550001F2B847826288A7928257D7A23225D7B43
:10656000191F297C0B1CE37CF8188A7DE2151D7E1F
:10657000C8129D7EAB0F097F8B0C627F6A09A77FD3
:106580004706D87F2403F67F0000FF7FDBFCF67F01
:10659000B8F9D87F95F6A77F74F3627F54F0097F2E
:1065A00037ED9D7E1DEA1D7E07E78A7DF4E3E37CDF
:1065B000E6E0297CDCDD5D7BD7DA7D7AD9D78A7984
:1065C000E0D48478EED16C7704CF417621CC047589
:1065D00045C9B57373C65572A9C3E270E8C05F6F51
:1065E00031BECA6D85BB246CE3B86D6A4BB6A66834
:1065F000C0B3CF6640B1E864CCAEF26264ACEC608C
:106600000AAAD75EBDA7B45C7DA5825A4BA34258A7
:1066100028A1F555139F9B530D9D3351179BBF4EDA
:1066200030993F4C5997B44992951C47DB937A4473
:106630003592CE41A090173F1D8F563CAA8D8C39C4
:106640004A8CBA36FB8ADE33BE89FB309388112E22
:106650007B871F2B7586262882852825A2842322E6
:10666000D683191F1C830B1C7582F818E281E21572
:106670006281C812F680AB0F9D808B0C58806A092E
:106680002780470609802403008000000980DBFC86
:106690002780B8F9588095F69D8074F3F68054F001
:1066A000628137EDE2811DEA758207E71C83F4E31E
:1066B000D683E6E0A284DCDD8285D7DA7586D9D779
:1066C0007B87E0D49388EED1BE8904CFFB8A21CCAE
:1066D0004A8C45C9AA8D73C61D8FA9C3A090E8C076
:1066E000359231BEDB9385BB9295E3B859974BB693
:1066F0003099C0B3179B40B10D9DCCAE139F64ACD5
:1067000028A10AAA4BA3BDA77DA57DA5BDA74BA324
:106710000AAA28A164AC139FCCAE0D9D40B1179B73
:10672000C0B330994BB65997E3B8929585BBDB93CC
:1067300031BE3592E8C0A090A9C31D8F73C6AA8D43
:1067400045C94A8C21CCFB8A04CFBE89EED19388FF
:10675000E0D47B87D9D77586D7DA8285DCDDA28441
:10676000E6E0D683F4E31C8307E775821DEAE28145
:1067700037ED628154F0F68074F39D8095F6588071
:10678000B8F92780DBFC0980000100008864040858
:10679000A8620408F0000000004000400D400040E6
:1067A0001940004026400040324000403F40004039
:1067B0004B40004058400040654000407140004060
:1067C0007E4000408A40FF3F9740FF3FA340FF3F8D
:1067D000B040FF3FBC40FF3FC940FF3FD640FF3FB6
:1067E000E240FE3FEF40FE3FFB40FE3F0841FE3FE0
:1067F0001441FE3F2141FD3F2E41FD3F3A41FD3F07
:106800004741FD3F5341FC3F6041FC3F6C41FC3F31
:106810007941FC3F8641FB3F9241FB3F9F41FB3F5B
:10682000AB41FA3FB841FA3FC441FA3FD141F93F89
:10683000DD41F93FEA41F93FF741F83F0342F83FB4
:106840001042F73F1C42F73F2942F73F3542F63FDF
:106850004242F63F4E42F53F5B42F53F6842F43F0D
:106860007442F43F8142F33F8D42F33F9A42F23F3C
:10687000A642F23FB342F13FC042F13FCC42F03F6B
:10688000D942F03FE542EF3FF242EF3FFE42EE3F9A
:106890000B43ED3F1743ED3F2443EC3F3043EC3FC8
:1068A0003D43EB3F4A43EA3F5643EA3F6343E93FF8
:1068B0006F43E83F7C43E83F8843E73F9543E63F2B
:1068C000A143E63FAE43E53FBB43E43FC743E33F5D
:1068D000D443E33FE043E23FED43E13FF943E03F90
:1068E0000644E03F1244DF3F1F44DE3F2B44DD3FC0
:1068F0003844DC3F4444DC3F5144DB3F5E44DA3FF4
:106900006A44D93F7744D83F8344D73F9044D63F29
:106910009C44D53FA944D53FB544D43FC244D33F5E
:10692000CE44D23FDB44D13FE744D03FF444CF3F95
:106930000045CE3F0D45CD3F1A45CC3F2645CB3FC8
:106940003345CA3F3F45C93F4C45C83F5845C73FFF
:106950006545C63F7145C53F7E45C43F8A45C33F37
:106960009745C13FA345C03FB045BF3FBC45BE3F73
:10697000C945BD3FD545BC3FE245BB3FEE45B93FAC
:10698000FB45B83F0746B73F1446B63F2046B53FE4
:106990002D46B43F3946B23F4646B13F5246B03F1E
:1069A0005F46AF3F6B46AD3F7846AC3F8446AB3F5A
:1069B0009146AA3F9D46A83FAA46A73FB646A63F96
:1069C000C346A43FCF46A33FDC46A23FE846A03FD4
:1069D000F5469F3F01479E3F0E479C3F1A479B3F0E
:1069E0002747993F3347983F4047973F4C47953F4C
:1069F0005947943F6547923F7247913F7E478F3F8B
:106A00008B478E3F97478C3FA4478B3FB047893FCA
:106A1000BD47883FC947863FD647853FE247833F0A
:106A2000EF47823FFB47803F07487F3F14487D3F49
:106A300020487B3F2D487A3F3948783F4648773F8A
:106A40005248753F5F48733F6B48723F7848703FCC
:106A500084486E3F91486D3F9D486B3FA948693F10
:106A6000B648683FC248663FCF48643FDB48623F54
:106A7000E848613FF4485F3F01495D3F0D495B3F96
:106A800019495A3F2649583F3249563F3F49543FDA
:106A90004B49523F5849513F64494F3F70494D3F20
:106AA0007D494B3F8949493F9649473FA249453F68
:106AB000AF49433FBB49423FC749403FD4493E3FAE
:106AC000E0493C3FED493A3FF949383F064A363FF5
:106AD000124A343F1E4A323F2B4A303F374A2E3F3C
:106AE000444A2C3F504A2A3F5C4A283F694A263F85
:106AF000754A243F824A223F8E4A203F9A4A1E3FCF
:106B0000A74A1C3FB34A193FC04A173FCC4A153F1A
:106B1000D84A133FE54A113FF14A0F3FFD4A0D3F66
:106B20000A4B0A3F164B083F234B063F2F4B043FAF
:106B30003B4B023F484B003F544BFD3E604BFB3EFE
:106B40006D4BF93E794BF73E854BF43E924BF23E4E
:106B50009E4BF03EAB4BED3EB74BEB3EC34BE93E9D
:106B6000D04BE73EDC4BE43EE84BE23EF54BE03EEB
:106B7000014CDD3E0D4CDB3E1A4CD83E264CD63E39
:106B8000324CD43E3F4CD13E4B4CCF3E574CCC3E8A
:106B9000644CCA3E704CC83E7C4CC53E894CC33EDA
:106BA000954CC03EA14CBE3EAE4CBB3EBA4CB93E2D
:106BB000C64CB63ED34CB43EDF4CB13EEB4CAF3E80
:106BC000F84CAC3E044DAA3E104DA73E1C4DA53ED0
:106BD000294DA23E354D9F3E414D9D3E4E4D9A3E24
:106BE0005A4D983E664D953E724D923E7F4D903E79
:106BF0008B4D8D3E974D8A3EA44D883EB04D853ECF
:106C0000BC4D823EC84D803ED54D7D3EE14D7A3E25
:106C1000ED4D773EF94D753E064E723E124E6F3E7B
:106C20001E4E6C3E2B4E6A3E374E673E434E643ED0
:106C30004F4E613E5C4E5E3E684E5C3E744E593E29
:106C4000804E563E8C4E533E994E503EA54E4D3E84
:106C5000B14E4A3EBD4E483ECA4E453ED64E423EDD
:106C6000E24E3F3EEE4E3C3EFB4E393E074F363E37
:106C7000134F333E1F4F303E2B4F2D3E384F2A3E91
:106C8000444F273E504F243E5C4F213E684F1E3EEE
:106C9000754F1B3E814F183E8D4F153E994F123E4A
:106CA000A54F0F3EB24F0C3EBE4F093ECA4F063EA7
:106CB000D64F033EE24FFF3DEE4FFC3DFB4FF93D0B
:106CC0000750F63D1350F33D1F50F03D2B50ED3D66
:106CD0003750E93D4450E63D5050E33D5C50E03DC7
:106CE0006850DD3D7450D93D8050D63D8C50D33D29
:106CF0009950D03DA550CC3DB150C93DBD50C63D89
:106D0000C950C23DD550BF3DE150BC3DED50B93DED
:106D1000FA50B53D0651B23D1251AF3D1E51AB3D4B
:106D20002A51A83D3651A43D4251A13D4E519E3DB0
:106D30005A519A3D6751973D7351933D7F51903D14
:106D40008B518D3D9751893DA351863DAF51823D79
:106D5000BB517F3DC7517B3DD351783DDF51743DE1
:106D6000EB51713DF7516D3D04526A3D1052663D45
:106D70001C52633D28525F3D34525B3D4052583DAA
:106D80004C52543D5852513D64524D3D7052493D14
:106D90007C52463D8852423D94523F3DA0523B3D7D
:106DA000AC52373DB852343DC452303DD0522C3DE8
:106DB000DC52283DE852253DF452213D00531D3D53
:106DC0000C531A3D1853163D2453123D30530E3DBB
:106DD0003C530B3D4853073D5453033D6053FF3C28
:106DE0006C53FB3C7853F83C8453F43C9053F03C98
:106DF0009C53EC3CA853E83CB453E43CC053E03C07
:106E0000CC53DD3CD853D93CE453D53CF053D13C72
:106E1000FB53CD3C0754C93C1354C53C1F54C13CE3
:106E20002B54BD3C3754B93C4354B53C4F54B13C52
:106E30005B54AD3C6754A93C7354A53C7F54A13CC2
:106E40008B549D3C9654993CA254953CAE54913C35
:106E5000BA548D3CC654893CD254853CDE54813CA6
:106E6000EA547D3CF654793C0155743C0D55703C18
:106E700019556C3C2555683C3155643C3D55603C8A
:106E800049555B3C5455573C6055533C6C554F3C01
:106E900078554B3C8455463C9055423C9B553E3C76
:106EA000A7553A3CB355363CBF55313CCB552D3CEC
:106EB000D755293CE255243CEE55203CFA551C3C64
:106EC0000656173C1256133C1D560F3C29560A3CD9
:106ED0003556063C4156023C4C56FD3B5856F93B54
:106EE0006456F53B7056F03B7C56EC3B8756E73BCF
:106EF0009356E33B9F56DE3BAB56DA3BB656D63B4A
:106F0000C256D13BCE56CD3BDA56C83BE556C43BC4
:106F1000F156BF3BFD56BB3B0957B63B1457B23B3E
:106F20002057AD3B2C57A93B3757A43B43579F3BBA
:106F30004F579B3B5B57963B6657923B72578D3B37
:106F40007E57883B8957843B95577F3BA1577B3BB6
:106F5000AC57763BB857713BC4576D3BCF57683B36
:106F6000DB57633BE7575F3BF2575A3BFE57553BB6
:106F70000A58503B15584C3B2158473B2D58423B33
:106F800038583E3B4458393B4F58343B5B582F3BB5
:106F900067582A3B7258263B7E58213B89581C3B38
:106FA0009558173BA158123BAC580E3BB858093BBB
:106FB000C358043BCF58FF3ADB58FA3AE658F53A43
:106FC000F258F03AFD58EB3A0959E63A1459E23AC8
:106FD0002059DD3A2C59D83A3759D33A4359CE3A49
:106FE0004E59C93A5A59C43A6559BF3A7159BA3AD1
:106FF0007C59B53A8859B03A9359AB3A9F59A63A59
:10700000AA59A13AB6599C3AC159973ACD59923AE0
:10701000D8598D3AE459883AEF59823AFB597D3A6A
:10702000065A783A125A733A1D5A6E3A295A693AF0
:10703000345A643A405A5F3A4B5A593A575A543A7A
:10704000625A4F3A6E5A4A3A795A453A845A3F3A06
:10705000905A3A3A9B5A353AA75A303AB25A2B3A92
:10706000BE5A253AC95A203AD45A1B3AE05A163A1F
:10707000EB5A103AF75A0B3A025B063A0D5B003AAC
:10708000195BFB39245BF639305BF0393B5BEB393C
:10709000465BE639525BE0395D5BDB39685BD639CC
:1070A000745BD0397F5BCB398A5BC539965BC0395D
:1070B000A15BBB39AC5BB539B85BB039C35BAA39EE
:1070C000CE5BA539DA5B9F39E55B9A39F05B943981
:1070D000FC5B8F39075C8939125C84391E5C7E3910
:1070E000295C7939345C73393F5C6E394B5C6839A3
:1070F000565C6339615C5D396C5C5839785C523937
:10710000835C4C398E5C4739995C4139A55C3B39CD
:10711000B05C3639BB5C3039C65C2B39D25C253962
:10712000DD5C1F39E85C1A39F35C1439FF5C0E39F9
:107130000A5D0939155D0339205DFD382B5DF7388F
:10714000365DF238425DEC384D5DE638585DE0382A
:10715000635DDB386E5DD538795DCF38855DC938C4
:10716000905DC3389B5DBE38A65DB838B15DB2385E
:10717000BC5DAC38C75DA638D35DA138DE5D9B38F9
:10718000E95D9538F45D8F38FF5D89380A5E833894
:10719000155E7D38205E77382B5E7138365E6B3831
:1071A000425E66384D5E6038585E5A38635E5438C9
:1071B0006E5E4E38795E4838845E42388F5E3C3869
:1071C0009A5E3638A55E3038B05E2A38BB5E243809
:1071D000C65E1E38D15E1838DC5E1238E75E0B38AA
:1071E000F25E0538FD5EFF37085FF937135FF3374E
:1071F0001E5FED37295FE737345FE1373F5FDB37ED
:107200004A5FD537555FCE37605FC8376B5FC2378F
:10721000765FBC37815FB6378C5FB037975FA93731
:10722000A25FA337AC5F9D37B75F9737C25F9037D8
:10723000CD5F8A37D85F8437E35F7E37EE5F77377D
:10724000F95F713704606B370F60653719605E371F
:10725000246058372F6052373A604B3745604537C6
:1072600050603F375B6038376560323770602C376D
:107270007B60253786601F37916018379B60123717
:10728000A6600C37B1600537BC60FF36C760F836C2
:10729000D160F236DC60EB36E760E536F260DF366F
:1072A000FD60D8360761D2361261CB361D61C53616
:1072B0002861BE363261B8363D61B1364861AB36C1
:1072C0005361A4365D619D3668619736736190366F
:1072D0007D618A368861833693617D369E6176361C
:1072E000A8616F36B3616936BE616236C8615C36CB
:1072F000D3615536DE614E36E8614836F36141367A
:10730000FE613A360862343613622D361E62263626
:1073100028622036336219363D62123648620B36D7
:10732000536205365D62FE356862F7357262F0358C
:107330007D62EA358862E3359262DC359D62D5353F
:10734000A762CE35B262C835BC62C135C762BA35F4
:10735000D262B335DC62AC35E762A535F1629F35A8
:10736000FC6298350663913511638A351B6383355A
:1073700026637C35306375353B636E354563673511
:10738000506361355A635A35656353356F634C35C5
:107390007A63453584633E358E633735996330357E
:1073A000A3632935AE632235B8631B35C363143537
:1073B000CD630D35D7630635E263FF34EC63F834F3
:1073C000F763F1340164EA340B64E2341664DB34AD
:1073D0002064D4342B64CD343564C6343F64BF3468
:1073E0004A64B8345464B1345E64AA346964A23423
:1073F00073649B347D64943488648D3492648634E1
:107400009C647F34A7647734B1647034BB6469349E
:10741000C5646234D0645B34DA645334E4644C345D
:10742000EF644534F9643E34036536340D652F341A
:1074300018652834226520342C65193436651234D9
:1074400041650B344B6503345565FC335F65F5339B
:107450006965ED337465E6337E65DF338865D73360
:107460009265D0339C65C833A665C133B165BA3324
:10747000BB65B233C565AB33CF65A333D9659C33E8
:10748000E3659533ED658D33F865863302667E33AB
:107490000C66773316666F33206668332A6660336E
:1074A000346659333E66513348664A335266423336
:1074B0005C663B336666333371662C337B662433FC
:1074C00085661D338F66153399660D33A3660633C3
:1074D000AD66FE32B766F732C166EF32CB66E73291
:1074E000D566E032DF66D832E966D032F366C9325B
:1074F000FD66C1320767BA321167B2321A67AA3223
:107500002467A3322E679B323867933242678B32EF
:107510004C67843256677C32606774326A676D32BA
:10752000746765327E675D328867553291674E3287
:107530009B674632A5673E32AF673632B9672E3257
:10754000C3672732CD671F32D6671732E0670F3225
:10755000EA670732F467FF31FE67F8310868F031F7
:107560001168E8311B68E0312568D8312F68D031C7
:107570003868C8314268C0314C68B9315668B13199
:107580006068A9316968A131736899317D6891316A
:1075900086688931906881319A687931A46871313F
:1075A000AD686931B7686131C1685931CA68513114
:1075B000D4684931DE684131E7683931F1683131E9
:1075C000FB682931046921310E69193118691131BB
:1075D000216909312B6901313569F9303E69F03093
:1075E0004869E8305169E0305B69D8306569D0306E
:1075F0006E69C8307869C0308169B8308B69AF3046
:107600009469A7309E699F30A7699730B1698F3020
:10761000BB698730C4697E30CE697630D7696E30F9
:10762000E1696630EA695D30F4695530FD694D30D5
:10763000076A4530106A3C301A6A3430236A2C30AD
:107640002C6A2430366A1B303F6A1330496A0B308B
:10765000526A02305C6AFA2F656AF22F6E6AEA2F6C
:10766000786AE12F816AD92F8B6AD02F946AC82F4C
:107670009D6AC02FA76AB72FB06AAF2FB96AA72F2C
:10768000C36A9E2FCC6A962FD66A8D2FDF6A852F0C
:10769000E86A7D2FF26A742FFB6A6C2F046B632FEC
:1076A0000D6B5B2F176B522F206B4A2F296B412FCD
:1076B000336B392F3C6B302F456B282F4E6B202FAF
:1076C000586B172F616B0E2F6A6B062F736BFD2E95
:1076D0007D6BF52E866BEC2E8F6BE42E986BDB2E7C
:1076E000A16BD32EAB6BCA2EB46BC22EBD6BB92E61
:1076F000C66BB02ECF6BA82ED86B9F2EE26B972E49
:10770000EB6B8E2EF46B852EFD6B7D2E066C742E2E
:107710000F6C6B2E186C632E216C5A2E2B6C512E15
:10772000346C492E3D6C402E466C372E4F6C2F2EFC
:10773000586C262E616C1D2E6A6C152E736C0C2EE7
:107740007C6C032E856CFA2D8E6CF22D976CE92DD6
:10775000A06CE02DA96CD72DB26CCF2DBB6CC62DC3
:10776000C46CBD2DCD6CB42DD66CAB2DDF6CA32DB0
:10777000E86C9A2DF16C912DFA6C882D036D7F2D9C
:107780000C6D762D156D6E2D1E6D652D276D5C2D86
:107790002F6D532D386D4A2D416D412D4A6D382D79
:1077A000536D2F2D5C6D272D656D1E2D6E6D152D66
:1077B000766D0C2D7F6D032D886DFA2C916DF12C5B
:1077C0009A6DE82CA36DDF2CAB6DD62CB46DCD2C4F
:1077D000BD6DC42CC66DBB2CCF6DB22CD76DA92C42
:1077E000E06DA02CE96D972CF26D8E2CFA6D852C36
:1077F000036E7C2C0C6E732C156E6A2C1D6E612C26
:10780000266E582C2F6E4F2C376E462C406E3D2C1A
:10781000496E342C516E2B2C5A6E212C636E182C11
:107820006B6E0F2C746E062C7D6EFD2B856EF42B0B
:107830008E6EEB2B976EE22B9F6ED82BA86ECF2B04
:10784000B06EC62BB96EBD2BC26EB42BCA6EAB2BFD
:10785000D36EA12BDB6E982BE46E8F2BEC6E862BF8
:10786000F56E7D2BFD6E732B066F6A2B0E6F612BF1
:10787000176F582B206F4E2B286F452B306F3C2BEA
:10788000396F332B416F292B4A6F202B526F172BE7
:107890005B6F0D2B636F042B6C6FFB2A746FF22AE6
:1078A0007D6FE82A856FDF2A8D6FD62A966FCC2AE6
:1078B0009E6FC32AA76FB92AAF6FB02AB76FA72AE6
:1078C000C06F9D2AC86F942AD06F8B2AD96F812AE6
:1078D000E16F782AEA6F6E2AF26F652AFA6F5C2AE6
:1078E0000270522A0B70492A13703F2A1B70362AE5
:1078F00024702C2A2C70232A34701A2A3C70102AE7
:107900004570072A4D70FD295570F4295D70EA29EC
:107910006670E1296E70D7297670CE297E70C429F1
:107920008770BB298F70B1299770A7299F709E29F6
:10793000A7709429AF708B29B8708129C0707829FD
:10794000C8706E29D0706529D8705B29E070512904
:10795000E8704829F0703E29F970352901712B290A
:10796000097121291171182919710E292171042910
:107970002971FB283171F1283971E7284171DE281E
:107980004971D4285171CA285971C1286171B72829
:107990006971AD287171A42879719A288171902834
:1079A0008971862891717D2899717328A171692840
:1079B000A9716028B1715628B9714C28C07142284C
:1079C000C8713828D0712F28D8712528E0711B285C
:1079D000E8711128F0710828F871FE27FF71F4276B
:1079E0000772EA270F72E0271772D6271F72CD277A
:1079F0002772C3272E72B9273672AF273E72A5278A
:107A000046729B274E729127557288275D727E279A
:107A1000657274276D726A27747260277C725627AC
:107A200084724C278B724227937238279B722E27C1
:107A3000A3722427AA721A27B2721127BA720727D3
:107A4000C172FD26C972F326D072E926D872DF26EC
:107A5000E072D526E772CB26EF72C126F772B72601
:107A6000FE72AD260673A3260D73992615738F2615
:107A70001D73852624737B262C737126337366262B
:107A80003B735C26427352264A73482651733E2646
:107A90005973342660732A26687320266F7316265E
:107AA00077730C267E7302268673F8258D73ED2579
:107AB0009573E3259C73D925A373CF25AB73C52597
:107AC000B273BB25BA73B125C173A625C8739C25B3
:107AD000D0739225D7738825DF737E25E6737425CE
:107AE000ED736925F5735F25FC73552503744B25EC
:107AF0000B7441251274362519742C252074222507
:107B0000287418252F740D25367403253E74F92426
:107B10004574EF244C74E4245374DA245B74D02449
:107B20006274C5246974BB247074B1247774A7246B
:107B30007F749C24867492248D74882494747D248C
:107B40009B747324A2746924AA745E24B1745424AF
:107B5000B8744A24BF743F24C6743524CD742B24D2
:107B6000D4742024DB741624E2740B24EA740124F8
:107B7000F174F723F874EC23FF74E2230675D7231E
:107B80000D75CD231475C3231B75B8232275AE2341
:107B90002975A3233075992337758E233E75842369
:107BA00045757A234C756F23537565235A755A238F
:107BB00061755023677545236E753B2375753023BA
:107BC0007C75262383751B238A75112391750623E3
:107BD0009875FC229F75F122A575E722AC75DC2211
:107BE000B375D222BA75C722C175BC22C875B2223C
:107BF000CE75A722D5759D22DC759222E375882269
:107C0000EA757D22F0757222F7756822FE755D2295
:107C1000057653220B76482212763D2219763322BE
:107C20002076282226761E222D76132234760822EC
:107C30003A76FE214176F3214876E8214E76DE2120
:107C40005576D3215C76C8216276BE216976B32150
:107C50006F76A82176769E217D7693218376882182
:107C60008A767D2190767321977668219D765D21B5
:107C7000A4765321AB764821B1763D21B8763221E6
:107C8000BE762821C5761D21CB761221D27607211A
:107C9000D876FD20DF76F220E576E720EB76DC2053
:107CA000F276D120F876C720FF76BC200577B12088
:107CB0000C77A62012779B20187791201F778620BB
:107CC00025777B202C7770203277652038775B20F2
:107CD0003F775020457745204B773A2052772F2029
:107CE000587724205E77192065770F206B77042062
:107CF0007177F91F7777EE1F7E77E31F8477D81FA0
:107D00008A77CD1F9077C21F9777B71F9D77AC1FDB
:107D1000A377A21FA977971FB0778C1FB677811F13
:107D2000BC77761FC2776B1FC877601FCE77551F51
:107D3000D5774A1FDB773F1FE177341FE777291F8D
:107D4000ED771E1FF377131FF977081FFF77FD1ECE
:107D50000578F21E0B78E71E1278DC1E1878D11E0B
:107D60001E78C61E2478BB1E2A78B01E3078A51E49
:107D700036789A1E3C788F1E4278841E4878791E89
:107D80004E786E1E5478631E5A78581E60784D1EC9
:107D90006678421E6B78361E71782B1E7778201E0F
:107DA0007D78151E83780A1E8978FF1D8F78F41D53
:107DB0009578E91D9B78DE1DA178D31DA678C71D97
:107DC000AC78BC1DB278B11DB878A61DBE789B1DDD
:107DD000C378901DC978851DCF78791DD5786E1D23
:107DE000DB78631DE078581DE6784D1DEC78421D68
:107DF000F278361DF7782B1DFD78201D0379151DAF
:107E000009790A1D0E79FF1C1479F31C1A79E81CF4
:107E10001F79DD1C2579D21C2B79C61C3079BB1C3F
:107E20003679B01C3B79A51C4179991C47798E1C89
:107E30004C79831C5279781C58796C1C5D79611CD3
:107E40006379561C68794B1C6E793F1C7379341C1E
:107E50007979291C7E791E1C8479121C8979071C6A
:107E60008F79FC1B9479F01B9A79E51B9F79DA1BBB
:107E7000A579CE1BAA79C31BB079B81BB579AC1B09
:107E8000BB79A11BC079961BC5798A1BCB797F1B57
:107E9000D079741BD679681BDB795D1BE079521BA6
:107EA000E679461BEB793B1BF079301BF679241BF6
:107EB000FB79191B007A0D1B067A021B0B7AF71A45
:107EC000107AEB1A167AE01A1B7AD41A207AC91A99
:107ED000257ABE1A2B7AB21A307AA71A357A9B1AEB
:107EE0003A7A901A3F7A841A457A791A4A7A6E1A3F
:107EF0004F7A621A547A571A597A4B1A5F7A401A93
:107F0000647A341A697A291A6E7A1D1A737A121AE7
:107F1000787A061A7D7AFB19827AEF19887AE41941
:107F20008D7AD819927ACD19977AC1199C7AB61997
:107F3000A17AAA19A67A9F19AB7A9319B07A8819EF
:107F4000B57A7C19BA7A7119BF7A6519C47A5A1947
:107F5000C97A4E19CE7A4319D37A3719D87A2C199F
:107F6000DD7A2019E27A1419E67A0919EB7AFD18FC
:107F7000F07AF218F57AE618FA7ADB18FF7ACF1859
:107F8000047BC318097BB8180E7BAC18127BA118B0
:107F9000177B95181C7B8918217B7E18267B72180D
:107FA0002A7B67182F7B5B18347B4F18397B44186A
:107FB0003E7B3818427B2D18477B21184C7B1518C7
:107FC000507B0A18557BFE175A7BF2175F7BE71729
:107FD000637BDB17687BCF176D7BC417717BB8178A
:107FE000767BAC177B7BA1177F7B9517847B8917EA
:107FF000887B7E178D7B7217927B6617967B5B174B
:108000009B7B4F179F7B4317A47B3717A97B2C17AC
:10801000AD7B2017B27B1417B67B0917BB7BFD160F
:10802000BF7BF116C47BE516C87BDA16CD7BCE1676
:10803000D17BC216D67BB616DA7BAB16DE7B9F16DB
:10804000E37B9316E77B8716EC7B7C16F07B701640
:10805000F57B6416F97B5816FD7B4C16027C4116A5
:10806000067C35160A7C29160F7C1D16137C121609
:10807000177C06161C7CFA15207CEE15247CE21574
:10808000297CD7152D7CCB15317CBF15367CB315DB
:108090003A7CA7153E7C9B15427C9015467C841546
:1080A0004B7C78154F7C6C15537C6015577C5415B0
:1080B0005B7C4915607C3D15647C3115687C251519
:1080C0006C7C1915707C0D15747C0115797CF61487
:1080D0007D7CEA14817CDE14857CD214897CC614F4
:1080E0008D7CBA14917CAE14957CA214997C961464
:1080F0009D7C8B14A17C7F14A57C7314A97C6714D0
:10810000AD7C5B14B17C4F14B57C4314B97C37143F
:10811000BD7C2B14C17C1F14C57C1314C97C0714AF
:10812000CD7CFB13D17CF013D57CE413D97CD81320
:10813000DD7CCC13E07CC013E47CB413E87CA81392
:10814000EC7C9C13F07C9013F47C8413F87C781303
:10815000FB7C6C13FF7C6013037D5413077D481375
:108160000B7D3C130E7D3013127D2413167D1813E6
:108170001A7D0C131D7D0013217DF412257DE8125C
:10818000287DDC122C7DD012307DC412347DB812D3
:10819000377DAC123B7DA0123F7D9412427D881248
:1081A000467D7C12497D70124D7D6412517D5812BE
:1081B000547D4C12587D40125B7D34125F7D281235
:1081C000637D1C12667D10126A7D04126D7DF711AD
:1081D000717DEB11747DDF11787DD3117B7DC7112B
:1081E0007F7DBB11827DAF11867DA311897D9711A3
:1081F0008D7D8B11907D7F11937D7311977D67111C
:108200009A7D5A119E7D4E11A17D4211A47D361199
:10821000A87D2A11AB7D1E11AF7D1211B27D061112
:10822000B57DFA10B97DED10BC7DE110BF7DD51094
:10823000C27DC910C67DBD10C97DB110CC7DA51011
:10824000D07D9910D37D8C10D67D8010D97D74108F
:10825000DD7D6810E07D5C10E37D5010E67D44100C
:10826000E97D3710ED7D2B10F07D1F10F37D13108D
:10827000F67D0710F97DFB0FFC7DEE0FFF7DE20F11
:10828000037ED60F067ECA0F097EBE0F0C7EB20F8C
:108290000F7EA50F127E990F157E8D0F187E810F10
:1082A0001B7E750F1E7E680F217E5C0F247E500F93
:1082B000277E440F2A7E380F2D7E2B0F307E1F0F16
:1082C000337E130F367E070F397EFB0E3C7EEE0E9B
:1082D0003F7EE20E427ED60E457ECA0E487EBD0E21
:1082E0004A7EB10E4D7EA50E507E990E537E8C0EA9
:1082F000567E800E597E740E5C7E680E5E7E5C0E2D
:10830000617E4F0E647E430E677E370E6A7E2B0EB3
:108310006C7E1E0E6F7E120E727E060E757EF90D3D
:10832000777EED0D7A7EE10D7D7ED50D807EC80DC8
:10833000827EBC0D857EB00D887EA40D8A7E970D51
:108340008D7E8B0D907E7F0D927E720D957E660DDB
:10835000987E5A0D9A7E4E0D9D7E410D9F7E350D65
:10836000A27E290DA57E1C0DA77E100DAA7E040DF0
:10837000AC7EF80CAF7EEB0CB17EDF0CB47ED30C80
:10838000B67EC60CB97EBA0CBB7EAE0CBE7EA10C0E
:10839000C07E950CC37E890CC57E7C0CC87E700C9B
:1083A000CA7E640CCC7E570CCF7E4B0CD17E3F0C2A
:1083B000D47E320CD67E260CD87E1A0CDB7E0D0CB9
:1083C000DD7E010CE07EF50BE27EE80BE47EDC0B4B
:1083D000E77ED00BE97EC30BEB7EB70BED7EAB0BDC
:1083E000F07E9E0BF27E920BF47E850BF77E790B6E
:1083F000F97E6D0BFB7E600BFD7E540B007F480BFE
:10840000027F3B0B047F2F0B067F230B087F160B8D
:108410000A7F0A0B0D7FFD0A0F7FF10A117FE50A23
:10842000137FD80A157FCC0A177FC00A197FB30AB9
:108430001C7FA70A1E7F9A0A207F8E0A227F820A4B
:10844000247F750A267F690A287F5C0A2A7F500AE2
:108450002C7F440A2E7F370A307F2B0A327F1E0A78
:10846000347F120A367F060A387FF9093A7FED0910
:108470003C7FE0093E7FD409407FC709427FBB09AA
:10848000437FAF09457FA209477F9609497F890944
:108490004B7F7D094D7F70094F7F6409517F5809DB
:1084A000527F4B09547F3F09567F3209587F260976
:1084B0005A7F19095B7F0D095D7F01095F7FF40811
:1084C000617FE808627FDB08647FCF08667FC208AF
:1084D000687FB608697FA9086B7F9D086D7F91084A
:1084E0006E7F8408707F7808727F6B08737F5F08E7
:1084F000757F5208777F4608787F39087A7F2D0884
:108500007B7F20087D7F14087F7F0708807FFB0723
:10851000827FEF07837FE207857FD607867FC907C3
:10852000887FBD07897FB0078B7FA4078C7F970763
:108530008E7F8B078F7F7E07917F7207927F650703
:10854000947F5907957F4C07977F4007987F3307A3
:10855000997F27079B7F1A079C7F0E079E7F010745
:108560009F7FF506A07FE806A27FDC06A37FCF06EB
:10857000A47FC306A67FB606A77FAA06A87F9D068E
:10858000AA7F9106AB7F8406AC7F7806AD7F6B0631
:10859000AF7F5F06B07F5206B17F4606B27F3906D5
:1085A000B47F2D06B57F2006B67F1406B77F070679
:1085B000B87FFB05B97FEE05BB7FE205BC7FD50523
:1085C000BD7FC905BE7FBC05BF7FB005C07FA305C9
:1085D000C17F9705C37F8A05C47F7E05C57F71056E
:1085E000C67F6505C77F5805C87F4C05C97F3F0515
:1085F000CA7F3305CB7F2605CC7F1A05CD7F0D05BD
:10860000CE7F0005CF7FF404D07FE704D17FDB0469
:10861000D27FCE04D37FC204D47FB504D57FA90412
:10862000D57F9C04D67F9004D77F8304D87F7704BE
:10863000D97F6A04DA7F5E04DB7F5104DC7F440467
:10864000DC7F3804DD7F2B04DE7F1F04DF7F120414
:10865000E07F0604E07FF903E17FED03E27FE003C2
:10866000E37FD403E37FC703E47FBB03E57FAE036F
:10867000E67FA103E67F9503E77F8803E87F7C031D
:10868000E87F6F03E97F6303EA7F5603EA7F4A03CB
:10869000EB7F3D03EC7F3003EC7F2403ED7F17037A
:1086A000ED7F0B03EE7FFE02EF7FF202EF7FE5022C
:1086B000F07FD902F07FCC02F17FC002F17FB302DC
:1086C000F27FA602F27F9A02F37F8D02F37F81028E
:1086D000F47F7402F47F6802F57F5B02F57F4E023F
:1086E000F67F4202F67F3502F77F2902F77F1C02F0
:1086F000F77F1002F87F0302F87FF701F97FEA01A4
:10870000F97FDD01F97FD101FA7FC401FA7FB80159
:10871000FA7FAB01FB7F9F01FB7F9201FB7F86010C
:10872000FC7F7901FC7F6C01FC7F6001FC7F5301C1
:10873000FD7F4701FD7F3A01FD7F2E01FD7F210175
:10874000FE7F1401FE7F0801FE7FFB00FE7FEF002D
:10875000FE7FE200FF7FD600FF7FC900FF7FBC00E5
:10876000FF7FB000FF7FA300FF7F9700FF7F8A009D
:10877000FF7F7E00FF7F7100FF7F6500FF7F580055
:10878000FF7F4B00FF7F3F00FF7F3200FF7F26000F
:10879000FF7F1900FF7F0D00FF7F0000FF7FF3FFC9
:1087A000FF7FE7FFFF7FDAFFFF7FCEFFFF7FC1FF85
:1087B000FF7FB5FFFF7FA8FFFF7F9BFFFF7F8FFF3E
:1087C000FF7F82FFFF7F76FFFF7F69FFFF7F5DFFF7
:1087D000FF7F50FFFF7F44FFFF7F37FFFF7F2AFFB0
:1087E000FE7F1EFFFE7F11FFFE7F05FFFE7FF8FE6E
:1087F000FE7FECFEFD7FDFFEFD7FD2FEFD7FC6FE2D
:10880000FD7FB9FEFC7FADFEFC7FA0FEFC7F94FEE9
:10881000FC7F87FEFB7F7AFEFB7F6EFEFB7F61FEA7
:10882000FA7F55FEFA7F48FEFA7F3CFEF97F2FFE65
:10883000F97F23FEF97F16FEF87F09FEF87FFDFD24
:10884000F77FF0FDF77FE4FDF77FD7FDF67FCBFDE7
:10885000F67FBEFDF57FB2FDF57FA5FDF47F98FDA7
:10886000F47F8CFDF37F7FFDF37F73FDF27F66FD68
:10887000F27F5AFDF17F4DFDF17F40FDF07F34FD29
:10888000F07F27FDEF7F1BFDEF7F0EFDEE7F02FDEA
:10889000ED7FF5FCED7FE9FCEC7FDCFCEC7FD0FCB0
:1088A000EB7FC3FCEA7FB6FCEA7FAAFCE97F9DFC74
:1088B000E87F91FCE87F84FCE77F78FCE67F6BFC37
:1088C000E67F5FFCE57F52FCE47F45FCE37F39FCFB
:1088D000E37F2CFCE27F20FCE17F13FCE07F07FCC0
:1088E000E07FFAFBDF7FEEFBDE7FE1FBDD7FD5FB88
:1088F000DC7FC8FBDC7FBCFBDB7FAFFBDA7FA2FB4E
:10890000D97F96FBD87F89FBD77F7DFBD67F70FB15
:10891000D57F64FBD57F57FBD47F4BFBD37F3EFBDA
:10892000D27F32FBD17F25FBD07F19FBCF7F0CFBA1
:10893000CE7F00FBCD7FF3FACC7FE6FACB7FDAFA6D
:10894000CA7FCDFAC97FC1FAC87FB4FAC77FA8FA37
:10895000C67F9BFAC57F8FFAC47F82FAC37F76FAFF
:10896000C17F69FAC07F5DFABF7F50FABE7F44FACB
:10897000BD7F37FABC7F2BFABB7F1EFAB97F12FA94
:10898000B87F05FAB77FF9F9B67FECF9B57FE0F962
:10899000B47FD3F9B27FC7F9B17FBAF9B07FAEF92E
:1089A000AF7FA1F9AD7F95F9AC7F88F9AB7F7CF9FA
:1089B000AA7F6FF9A87F63F9A77F56F9A67F4AF9C6
:1089C000A47F3DF9A37F31F9A27F24F9A07F18F994
:1089D0009F7F0BF99E7FFFF89C7FF2F89B7FE6F864
:1089E000997FD9F8987FCDF8977FC0F8957FB4F834
:1089F000947FA7F8927F9BF8917F8EF88F7F82F803
:108A00008E7F75F88C7F69F88B7F5CF8897F50F8D2
:108A1000887F43F8867F37F8857F2AF8837F1EF8A2
:108A2000827F11F8807F05F87F7FF9F77D7FECF773
:108A30007B7FE0F77A7FD3F7787FC7F7777FBAF746
:108A4000757FAEF7737FA1F7727F95F7707F88F718
:108A50006E7F7CF76D7F6FF76B7F63F7697F57F7EA
:108A6000687F4AF7667F3EF7647F31F7627F25F7BC
:108A7000617F18F75F7F0CF75D7FFFF65B7FF3F692
:108A80005A7FE7F6587FDAF6567FCEF6547FC1F666
:108A9000527FB5F6517FA8F64F7F9CF64D7F90F63A
:108AA0004B7F83F6497F77F6477F6AF6457F5EF610
:108AB000437F51F6427F45F6407F39F63E7F2CF6E4
:108AC0003C7F20F63A7F13F6387F07F6367FFAF5BB
:108AD000347FEEF5327FE2F5307FD5F52E7FC9F594
:108AE0002C7FBCF52A7FB0F5287FA4F5267F97F56B
:108AF000247F8BF5227F7EF5207F72F51E7F66F541
:108B00001C7F59F5197F4DF5177F40F5157F34F51A
:108B1000137F28F5117F1BF50F7F0FF50D7F03F5F0
:108B20000A7FF6F4087FEAF4067FDDF4047FD1F4CF
:108B3000027FC5F4007FB8F4FD7EACF4FB7EA0F4A8
:108B4000F97E93F4F77E87F4F47E7BF4F27E6EF484
:108B5000F07E62F4ED7E55F4EB7E49F4E97E3DF45F
:108B6000E77E30F4E47E24F4E27E18F4E07E0BF439
:108B7000DD7EFFF3DB7EF3F3D87EE6F3D67EDAF319
:108B8000D47ECEF3D17EC1F3CF7EB5F3CC7EA9F3F4
:108B9000CA7E9CF3C87E90F3C57E84F3C37E77F3D0
:108BA000C07E6BF3BE7E5FF3BB7E52F3B97E46F3AD
:108BB000B67E3AF3B47E2DF3B17E21F3AF7E15F38A
:108BC000AC7E08F3AA7EFCF2A77EF0F2A57EE4F26A
:108BD000A27ED7F29F7ECBF29D7EBFF29A7EB2F24A
:108BE000987EA6F2957E9AF2927E8EF2907E81F227
:108BF0008D7E75F28A7E69F2887E5CF2857E50F207
:108C0000827E44F2807E38F27D7E2BF27A7E1FF2E5
:108C1000777E13F2757E07F2727EFAF16F7EEEF1C7
:108C20006C7EE2F16A7ED5F1677EC9F1647EBDF1AA
:108C3000617EB1F15E7EA4F15C7E98F1597E8CF18B
:108C4000567E80F1537E74F1507E67F14D7E5BF16C
:108C50004A7E4FF1487E43F1457E36F1427E2AF14D
:108C60003F7E1EF13C7E12F1397E05F1367EF9F031
:108C7000337EEDF0307EE1F02D7ED5F02A7EC8F017
:108C8000277EBCF0247EB0F0217EA4F01E7E98F0FA
:108C90001B7E8BF0187E7FF0157E73F0127E67F0DE
:108CA0000F7E5BF00C7E4EF0097E42F0067E36F0C1
:108CB000037E2AF0FF7D1EF0FC7D12F0F97D05F0A9
:108CC000F67DF9EFF37DEDEFF07DE1EFED7DD5EF92
:108CD000E97DC9EFE67DBCEFE37DB0EFE07DA4EF79
:108CE000DD7D98EFD97D8CEFD67D80EFD37D74EF5D
:108CF000D07D67EFCC7D5BEFC97D4FEFC67D43EF45
:108D0000C27D37EFBF7D2BEFBC7D1FEFB97D13EF29
:108D1000B57D06EFB27DFAEEAF7DEEEEAB7DE2EE15
:108D2000A87DD6EEA47DCAEEA17DBEEE9E7DB2EEFC
:108D30009A7DA6EE977D99EE937D8DEE907D81EEE6
:108D40008D7D75EE897D69EE867D5DEE827D51EECD
:108D50007F7D45EE7B7D39EE787D2DEE747D21EEB5
:108D6000717D15EE6D7D09EE6A7DFCED667DF0EDA1
:108D7000637DE4ED5F7DD8ED5B7DCCED587DC0ED8E
:108D8000547DB4ED517DA8ED4D7D9CED497D90ED78
:108D9000467D84ED427D78ED3F7D6CED3B7D60ED61
:108DA000377D54ED347D48ED307D3CED2C7D30ED4C
:108DB000287D24ED257D18ED217D0CED1D7D00ED38
:108DC0001A7DF4EC167DE8EC127DDCEC0E7DD0EC27
:108DD0000B7DC4EC077DB8EC037DACECFF7CA0EC14
:108DE000FB7C94ECF87C88ECF47C7CECF07C70EC04
:108DF000EC7C64ECE87C58ECE47C4CECE07C40ECF3
:108E0000DD7C34ECD97C28ECD57C1CECD17C10ECDE
:108E1000CD7C05ECC97CF9EBC57CEDEBC17CE1EBCD
:108E2000BD7CD5EBB97CC9EBB57CBDEBB17CB1EBBE
:108E3000AD7CA5EBA97C99EBA57C8DEBA17C81EBAE
:108E40009D7C75EB997C6AEB957C5EEB917C52EB9B
:108E50008D7C46EB897C3AEB857C2EEB817C22EB8A
:108E60007D7C16EB797C0AEB747CFFEA707CF3EA7C
:108E70006C7CE7EA687CDBEA647CCFEA607CC3EA6E
:108E80005B7CB7EA577CACEA537CA0EA4F7C94EA5F
:108E90004B7C88EA467C7CEA427C70EA3E7C65EA50
:108EA0003A7C59EA367C4DEA317C41EA2D7C35EA40
:108EB000297C29EA247C1EEA207C12EA1C7C06EA32
:108EC000177CFAE9137CEEE90F7CE3E90A7CD7E929
:108ED000067CCBE9027CBFE9FD7BB4E9F97BA8E91C
:108EE000F57B9CE9F07B90E9EC7B84E9E77B79E911
:108EF000E37B6DE9DE7B61E9DA7B55E9D67B4AE904
:108F0000D17B3EE9CD7B32E9C87B26E9C47B1BE9F6
:108F1000BF7B0FE9BB7B03E9B67BF7E8B27BECE8EC
:108F2000AD7BE0E8A97BD4E8A47BC9E89F7BBDE8E2
:108F30009B7BB1E8967BA5E8927B9AE88D7B8EE8D7
:108F4000887B82E8847B77E87F7B6BE87B7B5FE8CC
:108F5000767B54E8717B48E86D7B3CE8687B31E8C0
:108F6000637B25E85F7B19E85A7B0EE8557B02E8B6
:108F7000507BF6E74C7BEBE7477BDFE7427BD3E7B1
:108F80003E7BC8E7397BBCE7347BB1E72F7BA5E7A5
:108F90002A7B99E7267B8EE7217B82E71C7B77E79C
:108FA000177B6BE7127B5FE70E7B54E7097B48E793
:108FB000047B3DE7FF7A31E7FA7A25E7F57A1AE78D
:108FC000F07A0EE7EB7A03E7E67AF7E6E27AECE688
:108FD000DD7AE0E6D87AD4E6D37AC9E6CE7ABDE681
:108FE000C97AB2E6C47AA6E6BF7A9BE6BA7A8FE679
:108FF000B57A84E6B07A78E6AB7A6DE6A67A61E671
:10900000A17A56E69C7A4AE6977A3FE6927A33E668
:109010008D7A28E6887A1CE6827A11E67D7A05E662
:10902000787AFAE5737AEEE56E7AE3E5697AD7E560
:10903000647ACCE55F7AC0E5597AB5E5547AA9E55A
:109040004F7A9EE54A7A92E5457A87E53F7A7CE554
:109050003A7A70E5357A65E5307A59E52B7A4EE54E
:10906000257A42E5207A37E51B7A2CE5167A20E549
:10907000107A15E50B7A09E5067AFEE4007AF3E446
:10908000FB79E7E4F679DCE4F079D0E4EB79C5E448
:10909000E679BAE4E079AEE4DB79A3E4D67998E442
:1090A000D0798CE4CB7981E4C57976E4C0796AE43F
:1090B000BB795FE4B57954E4B07948E4AA793DE43A
:1090C000A57932E49F7926E49A791BE4947910E437
:1090D0008F7904E48979F9E38479EEE37E79E2E338
:1090E0007979D7E37379CCE36E79C1E36879B5E335
:1090F0006379AAE35D799FE3587994E3527988E331
:109100004C797DE3477972E3417967E33B795BE32F
:10911000367950E3307945E32B793AE325792EE32C
:109120001F7923E31A7918E314790DE30E7901E32B
:109130000979F6E20379EBE2FD78E0E2F778D5E22F
:10914000F278CAE2EC78BEE2E678B3E2E078A8E230
:10915000DB789DE2D57892E2CF7887E2C9787BE22E
:10916000C37870E2BE7865E2B8785AE2B2784FE22E
:10917000AC7844E2A67839E2A1782DE29B7822E22D
:10918000957817E28F780CE2897801E28378F6E12E
:109190007D78EBE17778E0E17178D5E16B78CAE131
:1091A0006678BEE16078B3E15A78A8E154789DE131
:1091B0004E7892E1487887E142787CE13C7871E131
:1091C000367866E130785BE12A7850E1247845E131
:1091D0001E783AE118782FE1127824E10B7819E132
:1091E00005780EE1FF7703E1F977F8E0F377EDE03A
:1091F000ED77E2E0E777D7E0E177CCE0DB77C1E03D
:10920000D577B6E0CE77ABE0C877A0E0C27795E03F
:10921000BC778AE0B6777FE0B07774E0A97769E041
:10922000A3775EE09D7754E0977749E090773EE042
:109230008A7733E0847728E07E771DE0777712E045
:10924000717707E06B77FCDF6577F1DF5E77E7DF4B
:109250005877DCDF5277D1DF4B77C6DF4577BBDF4E
:109260003F77B0DF3877A5DF32779BDF2C7790DF51
:10927000257785DF1F777ADF18776FDF127765DF55
:109280000C775ADF05774FDFFF7644DFF87639DF5A
:10929000F2762FDFEB7624DFE57619DFDF760EDF5F
:1092A000D87603DFD276F9DECB76EEDEC576E3DE66
:1092B000BE76D8DEB876CEDEB176C3DEAB76B8DE6B
:1092C000A476ADDE9D76A3DE977698DE90768DDE71
:1092D0008A7683DE837678DE7D766DDE767662DE74
:1092E0006F7658DE69764DDE627642DE5C7638DE79
:1092F00055762DDE4E7622DE487618DE41760DDE7E
:109300003A7602DE3476F8DD2D76EDDD2676E2DD86
:109310002076D8DD1976CDDD1276C3DD0B76B8DD8B
:109320000576ADDDFE75A3DDF77598DDF0758EDD94
:10933000EA7583DDE37578DDDC756EDDD57563DD9B
:10934000CE7559DDC8754EDDC17544DDBA7539DDA0
:10935000B3752EDDAC7524DDA57519DD9F750FDDA8
:10936000987504DD9175FADC8A75EFDC8375E5DCB0
:109370007C75DADC7575D0DC6E75C5DC6775BBDCB9
:109380006175B0DC5A75A6DC53759BDC4C7591DCBD
:10939000457586DC3E757CDC377572DC307567DCC4
:1093A00029755DDC227552DC1B7548DC14753DDCCB
:1093B0000D7533DC067529DCFF741EDCF87414DCD3
:1093C000F17409DCEA74FFDBE274F5DBDB74EADBE1
:1093D000D474E0DBCD74D5DBC674CBDBBF74C1DBEA
:1093E000B874B6DBB174ACDBAA74A2DBA27497DBF1
:1093F0009B748DDB947483DB8D7478DB86746EDBF9
:109400007F7464DB777459DB70744FDB697445DB00
:1094100062743BDB5B7430DB537426DB4C741CDB07
:10942000457411DB3E7407DB3674FDDA2F74F3DA12
:109430002874E8DA2074DEDA1974D4DA1274CADA1D
:109440000B74BFDA0374B5DAFC73ABDAF573A1DA27
:10945000ED7397DAE6738CDADF7382DAD77378DA32
:10946000D0736EDAC87364DAC1735ADABA734FDA3A
:10947000B27345DAAB733BDAA37331DA9C7327DA44
:1094800095731DDA8D7313DA867308DA7E73FED94D
:109490007773F4D96F73EAD96873E0D96073D6D95A
:1094A0005973CCD95173C2D94A73B8D94273AED962
:1094B0003B73A4D933739AD92C738FD9247385D96C
:1094C0001D737BD9157371D90D7367D906735DD977
:1094D000FE7253D9F77249D9EF723FD9E77235D985
:1094E000E0722BD9D87221D9D07217D9C9720DD98F
:1094F000C17203D9BA72F9D8B272EFD8AA72E6D89B
:10950000A372DCD89B72D2D89372C8D88B72BED8A3
:109510008472B4D87C72AAD87472A0D86D7296D8AE
:1095200065728CD85D7282D8557278D84E726FD8B9
:10953000467265D83E725BD8367251D82E7247D8C3
:1095400027723DD81F7233D817722AD80F7220D8CD
:10955000077216D8FF710CD8F87102D8F071F8D7DD
:10956000E871EFD7E071E5D7D871DBD7D071D1D7EB
:10957000C871C8D7C071BED7B971B4D7B171AAD7F5
:10958000A971A0D7A17197D799718DD7917183D700
:1095900089717AD7817170D7797166D771715CD70B
:1095A000697153D7617149D759713FD7517136D716
:1095B00049712CD7417122D7397119D731710FD721
:1095C000297105D72171FCD61971F2D61171E8D62F
:1095D0000971DFD60171D5D6F970CBD6F070C2D63D
:1095E000E870B8D6E070AFD6D870A5D6D0709BD64C
:1095F000C87092D6C07088D6B8707FD6AF7075D656
:10960000A7706CD69F7062D6977059D68F704FD660
:10961000877045D67E703CD6767032D66E7029D66D
:1096200066701FD65D7016D655700CD64D7003D679
:109630004570F9D53C70F0D53470E6D52C70DDD589
:109640002470D4D51B70CAD51370C1D50B70B7D593
:109650000270AED5FA6FA4D5F26F9BD5EA6F92D5A2
:10966000E16F88D5D96F7FD5D06F75D5C86F6CD5B0
:10967000C06F63D5B76F59D5AF6F50D5A76F47D5BA
:109680009E6F3DD5966F34D58D6F2AD5856F21D5C8
:109690007D6F18D5746F0ED56C6F05D5636FFCD4D4
:1096A0005B6FF3D4526FE9D44A6FE0D4416FD7D4E3
:1096B000396FCDD4306FC4D4286FBBD4206FB2D4EF
:1096C000176FA8D40E6F9FD4066F96D4FD6E8DD4FD
:1096D000F56E83D4EC6E7AD4E46E71D4DB6E68D40C
:1096E000D36E5FD4CA6E55D4C26E4CD4B96E43D417
:1096F000B06E3AD4A86E31D49F6E28D4976E1ED423
:109700008E6E15D4856E0CD47D6E03D4746EFAD330
:109710006B6EF1D3636EE8D35A6EDFD3516ED5D33F
:10972000496ECCD3406EC3D3376EBAD32F6EB1D34C
:10973000266EA8D31D6E9FD3156E96D30C6E8DD357
:10974000036E84D3FA6D7BD3F26D72D3E96D69D366
:10975000E06D60D3D76D57D3CF6D4ED3C66D45D373
:10976000BD6D3CD3B46D33D3AB6D2AD3A36D21D380
:109770009A6D18D3916D0FD3886D06D37F6DFDD28E
:10978000766DF4D26E6DEBD2656DE2D25C6DD9D29E
:10979000536DD1D24A6DC8D2416DBFD2386DB6D2A9
:1097A0002F6DADD2276DA4D21E6D9BD2156D92D2B6
:1097B0000C6D8AD2036D81D2FA6C78D2F16C6FD2C3
:1097C000E86C66D2DF6C5DD2D66C55D2CD6C4CD2D3
:1097D000C46C43D2BB6C3AD2B26C31D2A96C29D2E0
:1097E000A06C20D2976C17D28E6C0ED2856C06D2EC
:1097F0007C6CFDD1736CF4D16A6CEBD1616CE3D1FC
:10980000586CDAD14F6CD1D1466CC9D13D6CC0D106
:10981000346CB7D12B6CAFD1216CA6D1186C9DD113
:109820000F6C95D1066C8CD1FD6B83D1F46B7BD121
:10983000EB6B72D1E26B69D1D86B61D1CF6B58D130
:10984000C66B50D1BD6B47D1B46B3ED1AB6B36D13B
:10985000A16B2DD1986B25D18F6B1CD1866B14D148
:109860007D6B0BD1736B03D16A6BFAD0616BF2D055
:10987000586BE9D04E6BE0D0456BD8D03C6BD0D064
:10988000336BC7D0296BBFD0206BB6D0176BAED06F
:109890000D6BA5D0046B9DD0FB6A94D0F26A8CD07E
:1098A000E86A83D0DF6A7BD0D66A73D0CC6A6AD08C
:1098B000C36A62D0B96A59D0B06A51D0A76A49D098
:1098C0009D6A40D0946A38D08B6A30D0816A27D0A4
:1098D000786A1FD06E6A16D0656A0ED05C6A06D0B0
:1098E000526AFECF496AF5CF3F6AEDCF366AE5CFBF
:1098F0002C6ADCCF236AD4CF1A6ACCCF106AC4CFCB
:10990000076ABBCFFD69B3CFF469ABCFEA69A3CFD8
:10991000E1699ACFD76992CFCE698ACFC46982CFE5
:10992000BB6979CFB16971CFA76969CF9E6961CFF2
:10993000946959CF8B6951CF816948CF786940CFFD
:109940006E6938CF656930CF5B6928CF516920CF08
:10995000486918CF3E6910CF356907CF2B69FFCE14
:109960002169F7CE1869EFCE0E69E7CE0469DFCE24
:10997000FB68D7CEF168CFCEE768C7CEDE68BFCE32
:10998000D468B7CECA68AFCEC168A7CEB7689FCE3D
:10999000AD6897CEA4688FCE9A6887CE90687FCE48
:1099A000866877CE7D686FCE736867CE69685FCE54
:1099B000606857CE56684FCE4C6847CE426840CE5E
:1099C000386838CE2F6830CE256828CE1B6820CE68
:1099D000116818CE086810CEFE6708CEF46701CE75
:1099E000EA67F9CDE067F1CDD667E9CDCD67E1CD86
:1099F000C367D9CDB967D2CDAF67CACDA567C2CD90
:109A00009B67BACD9167B2CD8867ABCD7E67A3CD9A
:109A100074679BCD6A6793CD60678CCD566784CDA4
:109A20004C677CCD426775CD38676DCD2E6765CDAF
:109A300024675DCD1A6756CD11674ECD076746CDB9
:109A4000FD663FCDF36637CDE96630CDDF6628CDC4
:109A5000D56620CDCB6619CDC16611CDB76609CDCF
:109A6000AD6602CDA366FACC9966F3CC8F66EBCCDB
:109A70008566E3CC7B66DCCC7166D4CC6666CDCCE7
:109A80005C66C5CC5266BECC4866B6CC3E66AFCCF2
:109A90003466A7CC2A66A0CC206698CC166691CCFA
:109AA0000C6689CC026682CCF8657ACCED6573CC05
:109AB000E3656BCCD96564CCCF655DCCC56555CC11
:109AC000BB654ECCB16546CCA6653FCC9C6538CC19
:109AD000926530CC886529CC7E6521CC74651ACC22
:109AE000696513CC5F650BCC556504CC4B65FDCB2C
:109AF0004165F5CB3665EECB2C65E7CB2265E0CB37
:109B00001865D8CB0D65D1CB0365CACBF964C2CB40
:109B1000EF64BBCBE464B4CBDA64ADCBD064A5CB4B
:109B2000C5649ECBBB6497CBB16490CBA76489CB53
:109B30009C6481CB92647ACB886473CB7D646CCB5C
:109B4000736465CB69645ECB5E6456CB54644FCB63
:109B50004A6448CB3F6441CB35643ACB2B6433CB6A
:109B600020642CCB166425CB0B641ECB016416CB72
:109B7000F7630FCBEC6308CBE26301CBD763FACA80
:109B8000CD63F3CAC363ECCAB863E5CAAE63DECA89
:109B9000A363D7CA9963D0CA8E63C9CA8463C2CA91
:109BA0007A63BBCA6F63B4CA6563ADCA5A63A6CA97
:109BB00050639FCA456399CA3B6392CA30638BCA9C
:109BC000266384CA1B637DCA116376CA06636FCAA3
:109BD000FC6268CAF16261CAE7625BCADC6254CAAD
:109BE000D2624DCAC76246CABC623FCAB26238CAB4
:109BF000A76232CA9D622BCA926224CA88621DCAB9
:109C00007D6216CA726210CA686209CA5D6202CABF
:109C10005362FBC94862F5C93D62EEC93362E7C9C8
:109C20002862E0C91E62DAC91362D3C90862CCC9CE
:109C3000FE61C6C9F361BFC9E861B8C9DE61B2C9D6
:109C4000D361ABC9C861A4C9BE619EC9B36197C9DC
:109C5000A86191C99E618AC9936183C988617DC9E0
:109C60007D6176C9736170C9686169C95D6163C9E5
:109C700053615CC9486155C93D614FC9326148C9EA
:109C8000286142C91D613BC9126135C907612EC9EE
:109C9000FD6028C9F26021C9E7601BC9DC6015C9F5
:109CA000D1600EC9C76008C9BC6001C9B160FBC8FA
:109CB000A660F4C89B60EEC89160E8C88660E1C801
:109CC0007B60DBC87060D4C86560CEC85B60C8C804
:109CD0005060C1C84560BBC83A60B5C82F60AEC807
:109CE0002460A8C81960A2C80F609BC8046095C80A
:109CF000F95F8FC8EE5F89C8E35F82C8D85F7CC810
:109D0000CD5F76C8C25F70C8B75F69C8AC5F63C813
:109D1000A25F5DC8975F57C88C5F50C8815F4AC813
:109D2000765F44C86B5F3EC8605F38C8555F32C815
:109D30004A5F2BC83F5F25C8345F1FC8295F19C819
:109D40001E5F13C8135F0DC8085F07C8FD5E01C81A
:109D5000F25EFBC7E75EF5C7DC5EEEC7D15EE8C723
:109D6000C65EE2C7BB5EDCC7B05ED6C7A55ED0C725
:109D70009A5ECAC78F5EC4C7845EBEC7795EB8C725
:109D80006E5EB2C7635EACC7585EA6C74D5EA0C725
:109D9000425E9AC7365E95C72B5E8FC7205E89C725
:109DA000155E83C70A5E7DC7FF5D77C7F45D71C727
:109DB000E95D6BC7DE5D65C7D35D5FC7C75D5AC729
:109DC000BC5D54C7B15D4EC7A65D48C79B5D42C729
:109DD000905D3DC7855D37C7795D31C76E5D2BC727
:109DE000635D25C7585D20C74D5D1AC7425D14C726
:109DF000365D0EC72B5D09C7205D03C7155DFDC627
:109E00000A5DF7C6FF5CF2C6F35CECC6E85CE6C62A
:109E1000DD5CE1C6D25CDBC6C65CD5C6BB5CD0C629
:109E2000B05CCAC6A55CC5C6995CBFC68E5CB9C627
:109E3000835CB4C6785CAEC66C5CA8C6615CA3C625
:109E4000565C9DC64B5C98C63F5C92C6345C8DC622
:109E5000295C87C61E5C82C6125C7CC6075C77C61E
:109E6000FC5B71C6F05B6CC6E55B66C6DA5B61C61F
:109E7000CE5B5BC6C35B56C6B85B50C6AC5B4BC61D
:109E8000A15B45C6965B40C68A5B3BC67F5B35C619
:109E9000745B30C6685B2AC65D5B25C6525B20C614
:109EA000465B1AC63B5B15C6305B10C6245B0AC610
:109EB000195B05C60D5B00C6025BFAC5F75AF5C50E
:109EC000EB5AF0C5E05AEAC5D45AE5C5C95AE0C50F
:109ED000BE5ADBC5B25AD5C5A75AD0C59B5ACBC509
:109EE000905AC6C5845AC1C5795ABBC56E5AB6C503
:109EF000625AB1C5575AACC54B5AA7C5405AA1C5FD
:109F0000345A9CC5295A97C51D5A92C5125A8DC5F7
:109F1000065A88C5FB5983C5EF597EC5E45978C5F3
:109F2000D85973C5CD596EC5C15969C5B65964C5EF
:109F3000AA595FC59F595AC5935955C5885950C5E7
:109F40007C594BC5715946C5655941C55A593CC5DF
:109F50004E5937C5435932C537592DC52C5928C5D7
:109F6000205923C514591EC509591AC5FD5815C5D0
:109F7000F25810C5E6580BC5DB5806C5CF5801C5C9
:109F8000C358FCC4B858F7C4AC58F2C4A158EEC4C6
:109F90009558E9C48958E4C47E58DFC47258DAC4BD
:109FA0006758D6C45B58D1C44F58CCC44458C7C4B2
:109FB0003858C2C42D58BEC42158B9C41558B4C4A9
:109FC0000A58B0C4FE57ABC4F257A6C4E757A1C4A1
:109FD000DB579DC4CF5798C4C45793C4B8578FC498
:109FE000AC578AC4A15785C4955781C489577CC48E
:109FF0007E5778C4725773C466576EC45B576AC481
:10A000004F5765C4435761C437575CC42C5757C476
:10A01000205753C414574EC409574AC4FD5645C46B
:10A02000F15641C4E5563CC4DA5638C4CE5633C462
:10A03000C2562FC4B6562AC4AB5626C49F5622C455
:10A0400093561DC4875619C47C5614C4705610C448
:10A0500064560BC4585607C44C5603C44156FEC33D
:10A060003556FAC32956F6C31D56F1C31256EDC331
:10A070000656E9C3FA55E4C3EE55E0C3E255DCC326
:10A08000D755D7C3CB55D3C3BF55CFC3B355CAC319
:10A09000A755C6C39B55C2C39055BEC38455BAC30A
:10A0A0007855B5C36C55B1C36055ADC35455A9C3FC
:10A0B0004955A5C33D55A0C331559CC3255598C3EB
:10A0C000195594C30D5590C301558CC3F65487C3DD
:10A0D000EA5483C3DE547FC3D2547BC3C65477C3D0
:10A0E000BA5473C3AE546FC3A2546BC3965467C3C0
:10A0F0008B5463C37F545FC373545BC3675457C3AC
:10A100005B5453C34F544FC343544BC3375447C39B
:10A110002B5443C31F543FC313543BC3075437C38B
:10A12000FB5333C3F0532FC3E4532BC3D85327C37C
:10A13000CC5323C3C05320C3B4531CC3A85318C368
:10A140009C5314C3905310C384530CC3785308C357
:10A150006C5305C3605301C35453FDC24853F9C245
:10A160003C53F5C23053F2C22453EEC21853EAC234
:10A170000C53E6C20053E3C2F452DFC2E852DBC222
:10A18000DC52D8C2D052D4C2C452D0C2B852CCC20F
:10A19000AC52C9C2A052C5C29452C1C28852BEC2FA
:10A1A0007C52BAC27052B7C26452B3C25852AFC2E4
:10A1B0004C52ACC24052A8C23452A5C22852A1C2CD
:10A1C0001C529DC210529AC2045296C2F75193C2B9
:10A1D000EB518FC2DF518CC2D35188C2C75185C2A7
:10A1E000BB5181C2AF517EC2A3517AC2975177C28F
:10A1F0008B5173C27F5170C273516DC2675169C276
:10A200005A5166C24E5162C242515FC236515CC25F
:10A210002A5158C21E5155C2125151C206514EC246
:10A22000FA504BC2ED5047C2E15044C2D55041C232
:10A23000C9503EC2BD503AC2B15037C2A55034C217
:10A24000995030C28C502DC280502AC2745027C2FF
:10A25000685023C25C5020C250501DC244501AC2E4
:10A26000375017C22B5013C21F5010C213500DC2CB
:10A2700007500AC2FB4F07C2EE4F04C2E24F01C2B1
:10A28000D64FFDC1CA4FFAC1BE4FF7C1B24FF4C19C
:10A29000A54FF1C1994FEEC18D4FEBC1814FE8C180
:10A2A000754FE5C1684FE2C15C4FDFC1504FDCC163
:10A2B000444FD9C1384FD6C12B4FD3C11F4FD0C146
:10A2C000134FCDC1074FCAC1FB4EC7C1EE4EC4C12B
:10A2D000E24EC1C1D64EBEC1CA4EBBC1BD4EB8C111
:10A2E000B14EB6C1A54EB3C1994EB0C18C4EADC1F1
:10A2F000804EAAC1744EA7C1684EA4C15C4EA2C1D3
:10A300004F4E9FC1434E9CC1374E99C12B4E96C1B3
:10A310001E4E94C1124E91C1064E8EC1F94D8BC195
:10A32000ED4D89C1E14D86C1D54D83C1C84D80C178
:10A33000BC4D7EC1B04D7BC1A44D78C1974D76C157
:10A340008B4D73C17F4D70C1724D6EC1664D6BC137
:10A350005A4D68C14E4D66C1414D63C1354D61C115
:10A36000294D5EC11C4D5BC1104D59C1044D56C1F4
:10A37000F84C54C1EB4C51C1DF4C4FC1D34C4CC1D4
:10A38000C64C4AC1BA4C47C1AE4C45C1A14C42C1B2
:10A39000954C40C1894C3DC17C4C3BC1704C38C18F
:10A3A000644C36C1574C34C14B4C31C13F4C2FC16A
:10A3B000324C2CC1264C2AC11A4C28C10D4C25C147
:10A3C000014C23C1F54B20C1E84B1EC1DC4B1CC125
:10A3D000D04B19C1C34B17C1B74B15C1AB4B13C100
:10A3E0009E4B10C1924B0EC1854B0CC1794B09C1DC
:10A3F0006D4B07C1604B05C1544B03C1484B00C1B5
:10A400003B4BFEC02F4BFCC0234BFAC0164BF8C091
:10A410000A4BF6C0FD4AF3C0F14AF1C0E54AEFC06D
:10A42000D84AEDC0CC4AEBC0C04AE9C0B34AE7C045
:10A43000A74AE4C09A4AE2C08E4AE0C0824ADEC01F
:10A44000754ADCC0694ADAC05C4AD8C0504AD6C0F6
:10A45000444AD4C0374AD2C02B4AD0C01E4ACEC0CC
:10A46000124ACCC0064ACAC0F949C8C0ED49C6C0A4
:10A47000E049C4C0D449C2C0C749C0C0BB49BEC07E
:10A48000AF49BDC0A249BBC09649B9C08949B7C050
:10A490007D49B5C07049B3C06449B1C05849AFC027
:10A4A0004B49AEC03F49ACC03249AAC02649A8C0FA
:10A4B0001949A6C00D49A5C00149A3C0F448A1C0CF
:10A4C000E8489FC0DB489EC0CF489CC0C2489AC0A5
:10A4D000B64898C0A94897C09D4895C0914893C078
:10A4E000844892C0784890C06B488EC05F488DC049
:10A4F00052488BC0464889C0394888C02D4886C01C
:10A50000204885C0144883C0074881C0FB4780C0ED
:10A51000EF477EC0E2477DC0D6477BC0C9477AC0BF
:10A52000BD4778C0B04777C0A44775C0974774C08F
:10A530008B4772C07E4771C072476FC065476EC05F
:10A5400059476CC04C476BC0404769C0334768C02F
:10A55000274767C01A4765C00E4764C0014762C0FD
:10A56000F54661C0E84660C0DC465EC0CF465DC0CF
:10A57000C3465CC0B6465AC0AA4659C09D4658C09C
:10A58000914656C0844655C0784654C06B4653C069
:10A590005F4651C0524650C046464FC039464EC035
:10A5A0002D464CC020464BC014464AC0074649C001
:10A5B000FB4548C0EE4547C0E24545C0D54544C0CF
:10A5C000C94543C0BC4542C0B04541C0A34540C099
:10A5D00097453FC08A453DC07E453CC071453BC064
:10A5E00065453AC0584539C04C4538C03F4537C02D
:10A5F000334536C0264535C01A4534C00D4533C0F5
:10A60000004532C0F44431C0E74430C0DB442FC0C1
:10A61000CE442EC0C2442DC0B5442CC0A9442BC08A
:10A620009C442BC090442AC0834429C0774428C04E
:10A630006A4427C05E4426C0514425C0444424C017
:10A64000384424C02B4423C01F4422C0124421C0DC
:10A65000064420C0F94320C0ED431FC0E0431EC0A4
:10A66000D4431DC0C7431DC0BB431CC0AE431BC069
:10A67000A1431AC095431AC0884319C07C4318C02F
:10A680006F4318C0634317C0564316C04A4316C0F1
:10A690003D4315C0304314C0244314C0174313C0B6
:10A6A0000B4313C0FE4212C0F24211C0E54211C07A
:10A6B000D94210C0CC4210C0C0420FC0B3420FC03C
:10A6C000A6420EC09A420EC08D420DC081420DC0FE
:10A6D00074420CC068420CC05B420BC04E420BC0BF
:10A6E00042420AC035420AC0294209C01C4209C080
:10A6F000104209C0034208C0F74108C0EA4107C040
:10A70000DD4107C0D14107C0C44106C0B84106C001
:10A71000AB4106C09F4105C0924105C0864105C0BE
:10A72000794104C06C4104C0604104C0534104C07D
:10A73000474103C03A4103C02E4103C0214103C039
:10A74000144102C0084102C0FB4002C0EF4002C0F9
:10A75000E24002C0D64001C0C94001C0BC4001C0B7
:10A76000B04001C0A34001C0974001C08A4001C071
:10A770007E4000C0714000C0654000C0584000C02D
:10A780004B4000C03F4000C0324000C0264000C0E7
:10A79000194000C00D4000C0004000C0F33F00C0A1
:10A7A000E73F00C0DA3F00C0CE3F00C0C13F00C05D
:10A7B000B53F00C0A83F00C09B3F00C08F3F00C016
:10A7C000823F00C0763F01C0693F01C05D3F01C0CC
:10A7D000503F01C0443F01C0373F01C02A3F01C084
:10A7E0001E3F02C0113F02C0053F02C0F83E02C03A
:10A7F000EC3E02C0DF3E03C0D23E03C0C63E03C0F3
:10A80000B93E03C0AD3E04C0A03E04C0943E04C0A7
:10A81000873E04C07A3E05C06E3E05C0613E05C05D
:10A82000553E06C0483E06C03C3E06C02F3E07C00F
:10A83000233E07C0163E07C0093E08C0FD3D08C0C4
:10A84000F03D09C0E43D09C0D73D09C0CB3D0AC079
:10A85000BE3D0AC0B23D0BC0A53D0BC0983D0CC02B
:10A860008C3D0CC07F3D0DC0733D0DC0663D0EC0DC
:10A870005A3D0EC04D3D0FC0403D0FC0343D10C08D
:10A88000273D10C01B3D11C00E3D11C0023D12C03E
:10A89000F53C13C0E93C13C0DC3C14C0D03C14C0F0
:10A8A000C33C15C0B63C16C0AA3C16C09D3C17C0A0
:10A8B000913C18C0843C18C0783C19C06B3C1AC04D
:10A8C0005F3C1AC0523C1BC0453C1CC0393C1DC0FB
:10A8D0002C3C1DC0203C1EC0133C1FC0073C20C0A8
:10A8E000FA3B20C0EE3B21C0E13B22C0D53B23C058
:10A8F000C83B24C0BC3B24C0AF3B25C0A23B26C004
:10A90000963B27C0893B28C07D3B29C0703B2AC0AD
:10A91000643B2BC0573B2BC04B3B2CC03E3B2DC058
:10A92000323B2EC0253B2FC0193B30C00C3B31C001
:10A93000003B32C0F33A33C0E63A34C0DA3A35C0AD
:10A94000CD3A36C0C13A37C0B43A38C0A83A39C057
:10A950009B3A3AC08F3A3BC0823A3CC0763A3DC0FF
:10A96000693A3FC05D3A40C0503A41C0443A42C0A3
:10A97000373A43C02B3A44C01E3A45C0123A47C04A
:10A98000053A48C0F93949C0EC394AC0E0394BC0F2
:10A99000D3394CC0C7394EC0BA394FC0AE3950C098
:10A9A000A13951C0953953C0883954C07C3955C03C
:10A9B0006F3956C0633958C0563959C04A395AC0E0
:10A9C0003D395CC031395DC024395EC0183960C082
:10A9D0000B3961C0FF3862C0F23864C0E63865C028
:10A9E000D93867C0CD3868C0C03869C0B4386BC0CA
:10A9F000A7386CC09B386EC08E386FC0823871C06B
:10AA0000753872C0693874C05C3875C0503877C00A
:10AA1000433878C037387AC02A387BC01E387DC0AA
:10AA200011387EC0053880C0F93781C0EC3783C04B
:10AA3000E03785C0D33786C0C73788C0BA3789C0EA
:10AA4000AE378BC0A1378DC095378EC0883790C088
:10AA50007C3792C06F3793C0633795C0573797C024
:10AA60004A3798C03E379AC031379CC025379EC0C0
:10AA700018379FC00C37A1C0FF36A3C0F336A5C05E
:10AA8000E736A6C0DA36A8C0CE36AAC0C136ACC0FA
:10AA9000B536AEC0A836AFC09C36B1C09036B3C094
:10AAA0008336B5C07736B7C06A36B9C05E36BBC02C
:10AAB0005136BDC04536BEC03936C0C02C36C2C0C6
:10AAC0002036C4C01336C6C00736C8C0FA35CAC05F
:10AAD000EE35CCC0E235CEC0D535D0C0C935D2C0F8
:10AAE000BC35D4C0B035D6C0A435D8C09735DAC08F
:10AAF0008B35DCC07E35DEC07235E0C06635E2C025
:10AB00005935E4C04D35E7C04035E9C03435EBC0B8
:10AB10002835EDC01B35EFC00F35F1C00335F3C04C
:10AB2000F634F6C0EA34F8C0DD34FAC0D134FCC0E3
:10AB3000C534FEC0B83400C1AC3403C1A03405C173
:10AB4000933407C1873409C17B340CC16E340EC104
:10AB5000623410C1553413C1493415C13D3417C195
:10AB6000303419C124341CC118341EC10B3420C127
:10AB7000FF3323C1F33325C1E63328C1DA332AC1B9
:10AB8000CE332CC1C1332FC1B53331C1A93334C148
:10AB90009C3336C1903338C184333BC177333DC1D8
:10ABA0006B3340C15F3342C1523345C1463347C165
:10ABB0003A334AC12D334CC121334FC1153351C1F2
:10ABC000083354C1FC3256C1F03259C1E4325BC182
:10ABD000D7325EC1CB3261C1BF3263C1B23266C10E
:10ABE000A63268C19A326BC18E326EC1813270C199
:10ABF000753273C1693276C15C3278C150327BC123
:10AC000044327EC1383280C12B3283C11F3286C1AB
:10AC1000133289C107328BC1FA318EC1EE3191C135
:10AC2000E23194C1D53196C1C93199C1BD319CC1C0
:10AC3000B1319FC1A431A2C19831A4C18C31A7C147
:10AC40008031AAC17431ADC16731B0C15B31B3C1CC
:10AC50004F31B6C14331B8C13631BBC12A31BEC153
:10AC60001E31C1C11231C4C10531C7C1F930CAC1D9
:10AC7000ED30CDC1E130D0C1D530D3C1C830D6C15F
:10AC8000BC30D9C1B030DCC1A430DFC19830E2C1E2
:10AC90008B30E5C17F30E8C17330EBC16730EEC166
:10ACA0005B30F1C14E30F4C14230F7C13630FAC1E9
:10ACB0002A30FDC11E3001C2123004C2053007C265
:10ACC000F92F0AC2ED2F0DC2E12F10C2D52F13C2EA
:10ACD000C92F17C2BC2F1AC2B02F1DC2A42F20C269
:10ACE000982F23C28C2F27C2802F2AC2742F2DC2E7
:10ACF000672F30C25B2F34C24F2F37C2432F3AC267
:10AD0000372F3EC22B2F41C21F2F44C2132F47C2E1
:10AD1000062F4BC2FA2E4EC2EE2E51C2E22E55C263
:10AD2000D62E58C2CA2E5CC2BE2E5FC2B22E62C2DE
:10AD3000A62E66C2992E69C28D2E6DC2812E70C25A
:10AD4000752E73C2692E77C25D2E7AC2512E7EC2D5
:10AD5000452E81C2392E85C22D2E88C2212E8CC24D
:10AD6000152E8FC2092E93C2FC2D96C2F02D9AC2C9
:10AD7000E42D9DC2D82DA1C2CC2DA5C2C02DA8C244
:10AD8000B42DACC2A82DAFC29C2DB3C2902DB7C2BA
:10AD9000842DBAC2782DBEC26C2DC1C2602DC5C231
:10ADA000542DC9C2482DCCC23C2DD0C2302DD4C2A6
:10ADB000242DD8C2182DDBC20C2DDFC2002DE3C21A
:10ADC000F42CE6C2E82CEAC2DC2CEEC2D02CF2C293
:10ADD000C42CF5C2B82CF9C2AC2CFDC2A02C01C306
:10ADE000942C05C3882C08C37C2C0CC3702C10C376
:10ADF000642C14C3582C18C34C2C1CC3402C20C3E7
:10AE0000342C23C3282C27C31C2C2BC3102C2FC35A
:10AE1000052C33C3F92B37C3ED2B3BC3E12B3FC3C9
:10AE2000D52B43C3C92B47C3BD2B4BC3B12B4FC33A
:10AE3000A52B53C3992B57C38D2B5BC3812B5FC3AA
:10AE4000752B63C36A2B67C35E2B6BC3522B6FC317
:10AE5000462B73C33A2B77C32E2B7BC3222B7FC386
:10AE6000162B83C30A2B87C3FF2A8CC3F32A90C3F4
:10AE7000E72A94C3DB2A98C3CF2A9CC3C32AA0C362
:10AE8000B72AA5C3AC2AA9C3A02AADC3942AB1C3CB
:10AE9000882AB5C37C2ABAC3702ABEC3652AC2C336
:10AEA000592AC6C34D2ACAC3412ACFC3352AD3C3A0
:10AEB000292AD7C31E2ADCC3122AE0C3062AE4C308
:10AEC000FA29E9C3EE29EDC3E329F1C3D729F6C373
:10AED000CB29FAC3BF29FEC3B42903C4A82907C4D8
:10AEE0009C290BC4902910C4842914C4792919C43D
:10AEF0006D291DC4612922C4552926C44A292AC4A2
:10AF00003E292FC4322933C4262938C41B293CC406
:10AF10000F2941C4032945C4F7284AC4EC284EC46C
:10AF2000E02853C4D42857C4C9285CC4BD2861C4D0
:10AF3000B12865C4A5286AC49A286EC48E2873C433
:10AF4000822878C477287CC46B2881C45F2885C494
:10AF500054288AC448288FC43C2893C4312898C4F4
:10AF600025289DC41928A1C40E28A6C40228ABC454
:10AF7000F627B0C4EB27B4C4DF27B9C4D327BEC4B7
:10AF8000C827C2C4BC27C7C4B127CCC4A527D1C415
:10AF90009927D6C48E27DAC48227DFC47727E4C472
:10AFA0006B27E9C45F27EEC45427F2C44827F7C4CF
:10AFB0003D27FCC4312701C5252706C51A270BC527
:10AFC0000E2710C5032715C5F7261AC5EC261EC582
:10AFD000E02623C5D42628C5C9262DC5BD2632C5E1
:10AFE000B22637C5A6263CC59B2641C58F2646C539
:10AFF00084264BC5782650C56D2655C561265AC591
:10B0000056265FC54A2664C53F2669C533266EC5E8
:10B01000282673C51C2678C511267EC5052683C53E
:10B02000FA2588C5EE258DC5E32592C5D72597C598
:10B03000CC259CC5C025A1C5B525A7C5A925ACC5EE
:10B040009E25B1C59225B6C58725BBC57C25C1C542
:10B050007025C6C56525CBC55925D0C54E25D5C596
:10B060004225DBC53725E0C52C25E5C52025EAC5E9
:10B070001525F0C50925F5C5FE24FAC5F32400C63B
:10B08000E72405C6DC240AC6D02410C6C52415C68C
:10B09000BA241AC6AE2420C6A32425C698242AC6DC
:10B0A0008C2430C6812435C676243BC66A2440C62B
:10B0B0005F2445C654244BC6482450C63D2456C67A
:10B0C00032245BC6262461C61B2466C610246CC6C7
:10B0D000042471C6F92377C6EE237CC6E22382C618
:10B0E000D72387C6CC238DC6C12392C6B52398C665
:10B0F000AA239DC69F23A3C69423A8C68823AEC6B1
:10B100007D23B4C67223B9C66723BFC65B23C5C6F9
:10B110005023CAC64523D0C63A23D5C62E23DBC644
:10B120002323E1C61823E6C60D23ECC60123F2C68D
:10B13000F622F7C6EB22FDC6E02203C7D52209C7D7
:10B14000CA220EC7BE2214C7B3221AC7A82220C71C
:10B150009D2225C792222BC7872231C77B2237C762
:10B1600070223DC7652242C75A2248C74F224EC7A8
:10B17000442254C739225AC72D225FC7222265C7ED
:10B1800017226BC70C2271C7012277C7F6217DC732
:10B19000EB2183C7E02189C7D5218FC7CA2195C775
:10B1A000BE219AC7B321A0C7A821A6C79D21ACC7BD
:10B1B0009221B2C78721B8C77C21BEC77121C4C7FD
:10B1C0006621CAC75B21D0C75021D6C74521DCC73D
:10B1D0003A21E2C72F21E8C72421EEC71921F5C77C
:10B1E0000E21FBC7032101C8F82007C8ED200DC8B8
:10B1F000E22013C8D72019C8CC201FC8C12025C8F9
:10B20000B6202BC8AB2032C8A02038C895203EC835
:10B210008A2044C87F204AC8742050C8692057C873
:10B220005E205DC8542063C8492069C83E2070C8AC
:10B23000332076C828207CC81D2082C8122089C8E7
:10B2400007208FC8FC1F95C8F11F9BC8E71FA2C825
:10B25000DC1FA8C8D11FAEC8C61FB5C8BB1FBBC85E
:10B26000B01FC1C8A51FC8C89B1FCEC8901FD4C897
:10B27000851FDBC87A1FE1C86F1FE8C8651FEEC8CD
:10B280005A1FF4C84F1FFBC8441F01C9391F08C902
:10B290002F1F0EC9241F15C9191F1BC90E1F21C935
:10B2A000031F28C9F91E2EC9EE1E35C9E31E3BC96E
:10B2B000D81E42C9CE1E48C9C31E4FC9B81E55C9A3
:10B2C000AD1E5CC9A31E63C9981E69C98D1E70C9D5
:10B2D000831E76C9781E7DC96D1E83C9621E8AC908
:10B2E000581E91C94D1E97C9421E9EC9381EA4C939
:10B2F0002D1EABC9221EB2C9181EB8C90D1EBFC96A
:10B30000021EC6C9F81DCCC9ED1DD3C9E21DDAC99C
:10B31000D81DE0C9CD1DE7C9C31DEEC9B81DF5C9CB
:10B32000AD1DFBC9A31D02CA981D09CA8E1D10CAF6
:10B33000831D16CA781D1DCA6E1D24CA631D2BCA23
:10B34000591D32CA4E1D38CA441D3FCA391D46CA4E
:10B350002E1D4DCA241D54CA191D5BCA0F1D61CA7A
:10B36000041D68CAFA1C6FCAEF1C76CAE51C7DCAA8
:10B37000DA1C84CAD01C8BCAC51C92CABB1C99CAD1
:10B38000B01C9FCAA61CA6CA9B1CADCA911CB4CAFD
:10B39000861CBBCA7C1CC2CA721CC9CA671CD0CA24
:10B3A0005D1CD7CA521CDECA481CE5CA3D1CECCA4B
:10B3B000331CF3CA291CFACA1E1C01CB141C08CB6F
:10B3C000091C0FCBFF1B16CBF51B1ECBEA1B25CB95
:10B3D000E01B2CCBD51B33CBCB1B3ACBC11B41CBBA
:10B3E000B61B48CBAC1B4FCBA21B56CB971B5ECBDF
:10B3F0008D1B65CB831B6CCB781B73CB6E1B7ACB01
:10B40000641B81CB591B89CB4F1B90CB451B97CB22
:10B410003B1B9ECB301BA5CB261BADCB1C1BB4CB43
:10B42000111BBBCB071BC2CBFD1ACACBF31AD1CB66
:10B43000E81AD8CBDE1AE0CBD41AE7CBCA1AEECB87
:10B44000BF1AF5CBB51AFDCBAB1A04CCA11A0BCCA5
:10B45000971A13CC8C1A1ACC821A21CC781A29CCC0
:10B460006E1A30CC641A38CC5A1A3FCC4F1A46CCDC
:10B47000451A4ECC3B1A55CC311A5DCC271A64CCF8
:10B480001D1A6BCC131A73CC081A7ACCFE1982CC15
:10B49000F41989CCEA1991CCE01998CCD619A0CC32
:10B4A000CC19A7CCC219AFCCB819B6CCAE19BECC4A
:10B4B000A419C5CC9A19CDCC8F19D4CC8519DCCC64
:10B4C0007B19E3CC7119EBCC6719F3CC5D19FACC7D
:10B4D000531902CD491909CD3F1911CD351919CD8F
:10B4E0002B1920CD211928CD171930CD0D1937CDA5
:10B4F00003193FCDF91846CDEF184ECDE61856CDBD
:10B50000DC185DCDD21865CDC8186DCDBE1875CDCF
:10B51000B4187CCDAA1884CDA0188CCD961893CDE4
:10B520008C189BCD8218A3CD7818ABCD6F18B2CDF7
:10B530006518BACD5B18C2CD5118CACD4718D2CD07
:10B540003D18D9CD3318E1CD2A18E9CD2018F1CD19
:10B550001618F9CD0C1801CE021808CEF81710CE27
:10B56000EF1718CEE51720CEDB1728CED11730CE37
:10B57000C81738CEBE1740CEB41747CEAA174FCE45
:10B58000A01757CE97175FCE8D1767CE83176FCE54
:10B590007A1777CE70177FCE661787CE5C178FCE5F
:10B5A000531797CE49179FCE3F17A7CE3617AFCE6A
:10B5B0002C17B7CE2217BFCE1917C7CE0F17CFCE75
:10B5C0000517D7CEFC16DFCEF216E7CEE816EFCE83
:10B5D000DF16F7CED516FFCECB1607CFC21610CF8B
:10B5E000B81618CFAF1620CFA51628CF9B1630CF90
:10B5F000921638CF881640CF7F1648CF751651CF98
:10B600006C1659CF621661CF591669CF4F1671CF9C
:10B61000451679CF3C1682CF32168ACF291692CFA3
:10B620001F169ACF1616A3CF0C16ABCF0316B3CFA7
:10B63000F915BBCFF015C4CFE615CCCFDD15D4CFAF
:10B64000D415DCCFCA15E5CFC115EDCFB715F5CFB1
:10B65000AE15FECFA41506D09B150ED0921516D0B0
:10B6600088151FD07F1527D0751530D06C1538D0B0
:10B67000631540D0591549D0501551D0471559D0B0
:10B680003D1562D034156AD02A1573D021157BD0B0
:10B69000181583D00E158CD0051594D0FC149DD0B0
:10B6A000F314A5D0E914AED0E014B6D0D714BFD0AF
:10B6B000CD14C7D0C414D0D0BB14D8D0B214E0D0AD
:10B6C000A814E9D09F14F2D09614FAD08D1403D1A7
:10B6D00083140BD17A1414D171141CD1681425D1A0
:10B6E0005F142DD1551436D14C143ED1431447D19B
:10B6F0003A1450D1311458D1281461D11E1469D193
:10B70000151472D10C147BD1031483D1FA138CD18C
:10B71000F11395D1E8139DD1DF13A6D1D513AFD185
:10B72000CC13B7D1C313C0D1BA13C9D1B113D1D17E
:10B73000A813DAD19F13E3D19613EBD18D13F4D173
:10B740008413FDD17B1306D272130ED2691317D264
:10B75000601320D2571329D24E1331D245133AD257
:10B760003C1343D233134CD22A1355D221135DD24A
:10B77000181366D20F136FD2061378D2FD1281D23E
:10B78000F4128AD2EB1292D2E2129BD2D912A4D234
:10B79000D112ADD2C812B6D2BF12BFD2B612C8D221
:10B7A000AD12D1D2A412D9D29B12E2D29212EBD214
:10B7B0008A12F4D28112FDD2781206D36F120FD3FF
:10B7C000661218D35D1221D355122AD34C1233D3EB
:10B7D00043123CD33A1245D331124ED3291257D3D8
:10B7E000201260D3171269D30E1272D306127BD3C4
:10B7F000FD1184D3F4118DD3EB1196D3E3119FD3B4
:10B80000DA11A8D3D111B1D3C911BAD3C011C3D39E
:10B81000B711CCD3AF11D5D3A611DFD39D11E8D387
:10B820009511F1D38C11FAD3831103D47B110CD46D
:10B83000721115D469111ED4611128D4581131D454
:10B8400050113AD4471143D43E114CD4361155D43B
:10B850002D115FD4251168D41C1171D414117AD420
:10B860000B1183D403118DD4FA1096D4F2109FD407
:10B87000E910A8D4E010B2D4D810BBD4D010C4D4EE
:10B88000C710CDD4BF10D7D4B610E0D4AE10E9D4D1
:10B89000A510F3D49D10FCD4941005D58C100ED5B2
:10B8A000831018D57B1021D573102AD56A1034D592
:10B8B00062103DD5591047D5511050D5491059D572
:10B8C000401063D538106CD5301075D527107FD552
:10B8D0001F1088D5161092D50E109BD50610A4D532
:10B8E000FE0FAED5F50FB7D5ED0FC1D5E50FCAD513
:10B8F000DC0FD4D5D40FDDD5CC0FE6D5C40FF0D5F1
:10B90000BB0FF9D5B30F03D6AB0F0CD6A30F16D6CA
:10B910009A0F1FD6920F29D68A0F32D6820F3CD6A5
:10B92000790F45D6710F4FD6690F59D6610F62D680
:10B93000590F6CD6510F75D6480F7FD6400F88D659
:10B94000380F92D6300F9BD6280FA5D6200FAFD632
:10B95000180FB8D6100FC2D6070FCBD6FF0ED5D60C
:10B96000F70EDFD6EF0EE8D6E70EF2D6DF0EFCD6E6
:10B97000D70E05D7CF0E0FD7C70E19D7BF0E22D7B8
:10B98000B70E2CD7AF0E36D7A70E3FD79F0E49D78D
:10B99000970E53D78F0E5CD7870E66D77F0E70D762
:10B9A000770E7AD76F0E83D7670E8DD75F0E97D736
:10B9B000570EA0D74F0EAAD7470EB4D7400EBED70A
:10B9C000380EC8D7300ED1D7280EDBD7200EE5D7DA
:10B9D000180EEFD7100EF8D7080E02D8010E0CD8AB
:10B9E000F90D16D8F10D20D8E90D2AD8E10D33D87C
:10B9F000D90D3DD8D20D47D8CA0D51D8C20D5BD84C
:10BA0000BA0D65D8B20D6FD8AB0D78D8A30D82D81A
:10BA10009B0D8CD8930D96D88C0DA0D8840DAAD8E8
:10BA20007C0DB4D8750DBED86D0DC8D8650DD2D8B3
:10BA30005D0DDCD8560DE6D84E0DEFD8460DF9D881
:10BA40003F0D03D9370D0DD9300D17D9280D21D948
:10BA5000200D2BD9190D35D9110D3FD9090D49D913
:10BA6000020D53D9FA0C5DD9F30C67D9EB0C71D9DF
:10BA7000E30C7BD9DC0C85D9D40C8FD9CD0C9AD9A9
:10BA8000C50CA4D9BE0CAED9B60CB8D9AF0CC2D96E
:10BA9000A70CCCD9A00CD6D9980CE0D9910CEAD936
:10BAA000890CF4D9820CFED97A0C08DA730C13DAFB
:10BAB0006B0C1DDA640C27DA5D0C31DA550C3BDABD
:10BAC0004E0C45DA460C4FDA3F0C5ADA380C64DA81
:10BAD000300C6EDA290C78DA210C82DA1A0C8CDA46
:10BAE000130C97DA0B0CA1DA040CABDAFD0BB5DA08
:10BAF000F50BBFDAEE0BCADAE70BD4DAE00BDEDACD
:10BB0000D80BE8DAD10BF3DACA0BFDDAC20B07DB8C
:10BB1000BB0B11DBB40B1CDBAD0B26DBA50B30DB49
:10BB20009E0B3BDB970B45DB900B4FDB890B59DB07
:10BB3000810B64DB7A0B6EDB730B78DB6C0B83DBC6
:10BB4000650B8DDB5E0B97DB560BA2DB4F0BACDB83
:10BB5000480BB6DB410BC1DB3A0BCBDB330BD5DB40
:10BB60002C0BE0DB250BEADB1E0BF5DB160BFFDBFA
:10BB70000F0B09DC080B14DC010B1EDCFA0A29DCB4
:10BB8000F30A33DCEC0A3DDCE50A48DCDE0A52DC71
:10BB9000D70A5DDCD00A67DCC90A72DCC20A7CDC29
:10BBA000BB0A86DCB40A91DCAD0A9BDCA60AA6DCE3
:10BBB0009F0AB0DC990ABBDC920AC5DC8B0AD0DC98
:10BBC000840ADADC7D0AE5DC760AEFDC6F0AFADC4F
:10BBD000680A04DD610A0FDD5B0A19DD540A24DD01
:10BBE0004D0A2EDD460A39DD3F0A44DD380A4EDDB6
:10BBF000320A59DD2B0A63DD240A6EDD1D0A78DD69
:10BC0000160A83DD100A8EDD090A98DD020AA3DD1B
:10BC1000FB09ADDDF509B8DDEE09C3DDE709CDDDD2
:10BC2000E009D8DDDA09E2DDD309EDDDCC09F8DD84
:10BC3000C60902DEBF090DDEB80918DEB20922DE30
:10BC4000AB092DDEA40938DE9E0942DE97094DDEE0
:10BC5000910958DE8A0962DE83096DDE7D0978DE8E
:10BC6000760983DE70098DDE690998DE6309A3DE3B
:10BC70005C09ADDE5509B8DE4F09C3DE4809CEDEEA
:10BC80004209D8DE3B09E3DE3509EEDE2E09F9DE96
:10BC9000280903DF21090EDF1B0919DF150924DF3D
:10BCA0000E092FDF080939DF010944DFFB084FDFE8
:10BCB000F4085ADFEE0865DFE8086FDFE1087ADF95
:10BCC000DB0885DFD40890DFCE089BDFC808A5DF3E
:10BCD000C108B0DFBB08BBDFB508C6DFAE08D1DFE7
:10BCE000A808DCDFA208E7DF9B08F1DF9508FCDF8E
:10BCF0008F0807E0890812E082081DE07C0828E030
:10BD0000760833E070083EE0690849E0630854E0D3
:10BD10005D085EE0570869E0500874E04A087FE07B
:10BD200044088AE03E0895E03808A0E03208ABE01D
:10BD30002B08B6E02508C1E01F08CCE01908D7E0C1
:10BD40001308E2E00D08EDE00708F8E0010803E160
:10BD5000FB070EE1F50719E1EE0724E1E8072FE103
:10BD6000E2073AE1DC0745E1D60750E1D0075BE1A5
:10BD7000CA0766E1C40771E1BE077CE1B80787E145
:10BD8000B20792E1AC079DE1A607A8E1A007B3E1E5
:10BD90009A07BEE19507CAE18F07D5E18907E0E17F
:10BDA0008307EBE17D07F6E1770701E271070CE21B
:10BDB0006B0717E2650722E25F072DE25A0739E2B7
:10BDC000540744E24E074FE248075AE2420765E251
:10BDD0003D0770E237077BE2310787E22B0792E2EB
:10BDE00025079DE22007A8E21A07B3E21407BEE286
:10BDF0000E07CAE20907D5E20307E0E2FD06EBE21F
:10BE0000F706F6E2F20601E3EC060DE3E60618E3B8
:10BE1000E10623E3DB062EE3D5063AE3D00645E34D
:10BE2000CA0650E3C5065BE3BF0667E3B90672E3E3
:10BE3000B4067DE3AE0688E3A80694E3A3069FE379
:10BE40009D06AAE39806B5E39206C1E38D06CCE30E
:10BE50008706D7E38206E2E37C06EEE37706F9E3A2
:10BE6000710604E46C0610E466061BE4610626E431
:10BE70005B0632E456063DE4500648E44B0654E4C3
:10BE800045065FE440066AE43B0676E4350681E455
:10BE900030068CE42A0698E42506A3E42006AEE4E6
:10BEA0001A06BAE41506C5E41006D0E40A06DCE476
:10BEB0000506E7E40006F3E4FA05FEE4F50509E506
:10BEC000F00515E5EA0520E5E5052CE5E00537E593
:10BED000DB0542E5D5054EE5D00559E5CB0565E521
:10BEE000C60570E5C1057CE5BB0587E5B60592E5AD
:10BEF000B1059EE5AC05A9E5A705B5E5A105C0E539
:10BF00009C05CCE59705D7E59205E3E58D05EEE5C3
:10BF10008805FAE5830505E67E0511E678051CE649
:10BF2000730528E66E0533E669053FE664054AE6D3
:10BF30005F0556E65A0561E655056DE6500578E65B
:10BF40004B0584E646058FE641059BE63C05A6E6E3
:10BF50003705B2E63205BDE62D05C9E62805D4E66B
:10BF60002305E0E61E05ECE61A05F7E6150503E7EE
:10BF700010050EE70B051AE7060525E7010531E771
:10BF8000FC043DE7F70448E7F20454E7EE045FE7FA
:10BF9000E9046BE7E40477E7DF0482E7DA048EE77D
:10BFA000D60499E7D104A5E7CC04B1E7C704BCE700
:10BFB000C204C8E7BE04D3E7B904DFE7B404EBE783
:10BFC000B004F6E7AB0402E8A6040EE8A10419E801
:10BFD0009D0425E8980431E893043CE88F0448E880
:10BFE0008A0454E885045FE881046BE87C0477E800
:10BFF000780482E873048EE86E049AE86A04A5E87F
:10C000006504B1E86104BDE85C04C9E85704D4E8FC
:10C010005304E0E84E04ECE84A04F7E8450403E979
:10C0200041040FE93C041BE9380426E9330432E9F2
:10C030002F043EE92A044AE9260455E9220461E96D
:10C040001D046DE9190479E9140484E9100490E9E8
:10C050000B049CE90704A8E90304B4E9FE03BFE963
:10C06000FA03CBE9F603D7E9F103E3E9ED03EEE9DF
:10C07000E903FAE9E40306EAE00312EADC031EEA54
:10C08000D70329EAD30335EACF0341EACA034DEACD
:10C09000C60359EAC20365EABE0370EABA037CEA42
:10C0A000B50388EAB10394EAAD03A0EAA903ACEAB8
:10C0B000A503B7EAA003C3EA9C03CFEA9803DBEA2F
:10C0C0009403E7EA9003F3EA8C03FFEA87030AEBA1
:10C0D000830316EB7F0322EB7B032EEB77033AEB14
:10C0E000730346EB6F0352EB6B035EEB67036AEB84
:10C0F000630375EB5F0381EB5B038DEB570399EBF8
:10C100005303A5EB4F03B1EB4B03BDEB4703C9EB67
:10C110004303D5EB3F03E1EB3B03EDEB3703F9EBD7
:10C12000330305EC2F0310EC2B031CEC270328EC46
:10C13000230334EC200340EC1C034CEC180358ECB4
:10C14000140364EC100370EC0C037CEC080388EC23
:10C15000050394EC0103A0ECFD02ACECF902B8EC91
:10C16000F502C4ECF202D0ECEE02DCECEA02E8EC00
:10C17000E602F4ECE30200EDDF020CEDDB0218ED69
:10C18000D80224EDD40230EDD0023CEDCC0248EDD3
:10C19000C90254EDC50260EDC1026CEDBE0278ED3E
:10C1A000BA0284EDB70290EDB3029CEDAF02A8EDA8
:10C1B000AC02B4EDA802C0EDA502CCEDA102D8ED11
:10C1C0009D02E4ED9A02F0ED9602FCED930209EE79
:10C1D0008F0215EE8C0221EE88022DEE850239EEDB
:10C1E000810245EE7E0251EE7A025DEE770269EE43
:10C1F000730275EE700281EE6D028DEE690299EEAA
:10C200006602A6EE6202B2EE5F02BEEE5C02CAEE0B
:10C210005802D6EE5502E2EE5102EEEE4E02FAEE72
:10C220004B0206EF470213EF44021FEF41022BEFD0
:10C230003E0237EF3A0243EF37024FEF34025BEF33
:10C24000300267EF2D0274EF2A0280EF27028CEF95
:10C25000230298EF2002A4EF1D02B0EF1A02BCEFF8
:10C260001702C9EF1302D5EF1002E1EF0D02EDEF57
:10C270000A02F9EF070205F0040212F001021EF0B3
:10C28000FD012AF0FA0136F0F70142F0F4014EF018
:10C29000F1015BF0EE0167F0EB0173F0E8017FF074
:10C2A000E5018BF0E20198F0DF01A4F0DC01B0F0D1
:10C2B000D901BCF0D601C8F0D301D5F0D001E1F02E
:10C2C000CD01EDF0CA01F9F0C70105F1C40112F189
:10C2D000C1011EF1BE012AF1BB0136F1B80143F1E3
:10C2E000B6014FF1B3015BF1B00167F1AD0174F13B
:10C2F000AA0180F1A7018CF1A40198F1A201A4F197
:10C300009F01B1F19C01BDF19901C9F19601D5F1EF
:10C310009401E2F19101EEF18E01FAF18B0107F245
:10C32000890113F286011FF283012BF2800138F29A
:10C330007E0144F27B0150F278015CF2760169F2F1
:10C34000730175F2700181F26E018EF26B019AF247
:10C350006801A6F26601B2F26301BFF26101CBF29D
:10C360005E01D7F25B01E4F25901F0F25601FCF2F2
:10C37000540108F3510115F34F0121F34C012DF342
:10C380004A013AF3470146F3450152F342015FF394
:10C3900040016BF33D0177F33B0184F3380190F3E7
:10C3A00036019CF33401A9F33101B5F32F01C1F338
:10C3B0002C01CEF32A01DAF32801E6F32501F3F389
:10C3C0002301FFF320010BF41E0118F41C0124F4D7
:10C3D000190130F417013DF4150149F4130155F426
:10C3E000100162F40E016EF40C017BF4090187F474
:10C3F000070193F40501A0F40301ACF40001B8F4C3
:10C40000FE00C5F4FC00D1F4FA00DDF4F800EAF413
:10C41000F600F6F4F30003F5F1000FF5EF001BF55D
:10C42000ED0028F5EB0034F5E90040F5E7004DF5A7
:10C43000E40059F5E20066F5E00072F5DE007EF5F5
:10C44000DC008BF5DA0097F5D800A4F5D600B0F53E
:10C45000D400BCF5D200C9F5D000D5F5CE00E2F588
:10C46000CC00EEF5CA00FAF5C80007F6C60013F6D0
:10C47000C40020F6C2002CF6C00039F6BE0045F616
:10C48000BD0051F6BB005EF6B9006AF6B70077F65C
:10C49000B50083F6B30090F6B1009CF6AF00A8F6A5
:10C4A000AE00B5F6AC00C1F6AA00CEF6A800DAF6EA
:10C4B000A600E7F6A500F3F6A300FFF6A1000CF72F
:10C4C0009F0018F79E0025F79C0031F79A003EF771
:10C4D00098004AF7970057F7950063F793006FF7B6
:10C4E00092007CF7900088F78E0095F78D00A1F7F9
:10C4F0008B00AEF78900BAF78800C7F78600D3F73C
:10C500008500E0F78300ECF78100F9F7800005F87B
:10C510007E0011F87D001EF87B002AF87A0037F8BB
:10C52000780043F8770050F875005CF8740069F8FB
:10C53000720075F8710082F86F008EF86E009BF83B
:10C540006C00A7F86B00B4F86900C0F86800CDF87B
:10C550006700D9F86500E6F86400F2F86200FFF8B9
:10C5600061000BF9600018F95E0024F95D0031F9F3
:10C570005C003DF95A004AF9590056F9580063F930
:10C5800056006FF955007CF9540088F9530095F96D
:10C590005100A1F95000AEF94F00BAF94E00C7F9A9
:10C5A0004C00D3F94B00E0F94A00ECF94900F9F9E5
:10C5B000480005FA470012FA45001EFA44002BFA1B
:10C5C000430037FA420044FA410050FA40005DFA55
:10C5D0003F0069FA3D0076FA3C0082FA3B008FFA90
:10C5E0003A009BFA3900A8FA3800B4FA3700C1FAC9
:10C5F0003600CDFA3500DAFA3400E6FA3300F3FA01
:10C60000320000FB31000CFB300019FB2F0025FB32
:10C610002E0032FB2D003EFB2C004BFB2B0057FB6A
:10C620002B0064FB2A0070FB29007DFB280089FB9E
:10C63000270096FB2600A2FB2500AFFB2400BCFBD5
:10C640002400C8FB2300D5FB2200E1FB2100EEFB08
:10C650002000FAFB200007FC1F0013FC1E0020FC3A
:10C660001D002CFC1D0039FC1C0045FC1B0052FC6D
:10C670001A005FFC1A006BFC190078FC180084FC9F
:10C68000180091FC17009DFC1600AAFC1600B6FCD1
:10C690001500C3FC1400D0FC1400DCFC1300E9FC02
:10C6A0001300F5FC120002FD11000EFD11001BFD30
:10C6B000100027FD100034FD0F0040FD0F004DFD60
:10C6C0000E005AFD0E0066FD0D0073FD0D007FFD8E
:10C6D0000C008CFD0C0098FD0B00A5FD0B00B2FDBD
:10C6E0000A00BEFD0A00CBFD0900D7FD0900E4FDEC
:10C6F0000900F0FD0800FDFD080009FE070016FE18
:10C70000070023FE07002FFE06003CFE060048FE41
:10C71000060055FE050061FE05006EFE05007AFE6E
:10C72000040087FE040094FE0400A0FE0400ADFE99
:10C730000300B9FE0300C6FE0300D2FE0300DFFEC5
:10C740000200ECFE0200F8FE020005FF020011FFED
:10C7500002001EFF01002AFF010037FF010044FF15
:10C76000010050FF01005DFF010069FF010076FF3D
:10C77000000082FF00008FFF00009BFF0000A8FF69
:10C780000000B5FF0000C1FF0000CEFF0000DAFF8F
:10C790000000E7FF0000F3FF0000000000000D00B4
:10C7A00000001900000026000000320000003F00D9
:10C7B00000004B0000005800000065000000710000
:10C7C00000007E0001008A00010097000100A30024
:10C7D0000100B0000100BC000100C9000100D6004A
:10C7E0000200E2000200EF000200FB00020008016C
:10C7F000020014010300210103002E0103003A018D
:10C8000003004701040053010400600104006C01AF
:10C8100004007901050086010500920105009F01D1
:10C820000600AB010600B8010600C4010700D101F3
:10C830000700DD010700EA010800F7010800030214
:10C840000900100209001C02090029020A00350231
:10C850000A0042020B004E020B005B020C00680251
:10C860000C0074020D0081020D008D020E009A0270
:10C870000E00A6020F00B3020F00C0021000CC028F
:10C880001000D9021100E5021100F2021200FE02AE
:10C8900013000B03130017031400240314003003C8
:10C8A00015003D0316004A031600560317006303E4
:10C8B00018006F0318007C03190088031A00950301
:10C8C0001A00A1031B00AE031C00BB031D00C7031D
:10C8D0001D00D4031E00E0031F00ED032000F90338
:10C8E000200006042100120422001F0423002B0450
:10C8F00024003804240044042500510426005E046A
:10C9000027006A0428007704290083042A00900481
:10C910002B009C042B00A9042C00B5042D00C2049C
:10C920002E00CE042F00DB043000E7043100F404B5
:10C930003200000533000D0534001A0535002605C8
:10C940003600330537003F0538004C0539005805DF
:10C950003A0065053B0071053C007E053D008A05F7
:10C960003F0097054000A3054100B0054200BC050B
:10C970004300C9054400D5054500E2054700EE0522
:10C980004800FB05490007064A0014064B00200634
:10C990004C002D064E0039064F0046065000520648
:10C9A00051005F0653006B0654007806550084065C
:10C9B0005600910658009D065900AA065A00B60670
:10C9C0005C00C3065D00CF065E00DC066000E80682
:10C9D0006100F5066200010764000E0765001A0792
:10C9E0006700270768003307690040076B004C07A2
:10C9F0006C0059076E0065076F00720771007E07B3
:10CA000072008B07740097077500A4077700B007C2
:10CA10007800BD077A00C9077B00D6077D00E207D2
:10CA20007E00EF078000FB078100070883001408E1
:10CA30008500200886002D088800390889004608EE
:10CA40008B0052088D005F088E006B0890007808FC
:10CA5000920084089300910895009D089700A9080A
:10CA60009800B6089A00C2089C00CF089E00DB0818
:10CA70009F00E808A100F408A3000109A5000D0922
:10CA8000A6001909A8002609AA003209AC003F092E
:10CA9000AE004B09AF005809B1006409B30070093A
:10CAA000B5007D09B7008909B9009609BB00A20944
:10CAB000BD00AF09BE00BB09C000C709C200D40950
:10CAC000C400E009C600ED09C800F909CA00060A59
:10CAD000CC00120ACE001E0AD0002B0AD200370A60
:10CAE000D400440AD600500AD8005C0ADA00690A69
:10CAF000DC00750ADE00820AE0008E0AE2009A0A73
:10CB0000E400A70AE700B30AE900C00AEB00CC0A78
:10CB1000ED00D80AEF00E50AF100F10AF300FD0A82
:10CB2000F6000A0BF800160BFA00230BFC002F0B83
:10CB3000FE003B0B0001480B0301540B0501600B89
:10CB400007016D0B0901790B0C01850B0E01920B8E
:10CB500010019E0B1301AB0B1501B70B1701C30B93
:10CB60001901D00B1C01DC0B1E01E80B2001F50B99
:10CB70002301010C25010D0C28011A0C2A01260C99
:10CB80002C01320C2F013F0C31014B0C3401570C9E
:10CB90003601640C3801700C3B017C0C3D01890CA2
:10CBA0004001950C4201A10C4501AE0C4701BA0CA5
:10CBB0004A01C60C4C01D30C4F01DF0C5101EB0CA8
:10CBC0005401F80C5601040D5901100D5B011C0DA8
:10CBD0005E01290D6101350D6301410D66014E0DA8
:10CBE00068015A0D6B01660D6E01720D70017F0DAB
:10CBF00073018B0D7601970D7801A40D7B01B00DAB
:10CC00007E01BC0D8001C80D8301D50D8601E10DAB
:10CC10008901ED0D8B01F90D8E01060E9101120EA9
:10CC200094011E0E96012B0E9901370E9C01430EA6
:10CC30009F014F0EA2015C0EA401680EA701740EA5
:10CC4000AA01800EAD018C0EB001990EB301A50EA4
:10CC5000B601B10EB801BD0EBB01CA0EBE01D60EA3
:10CC6000C101E20EC401EE0EC701FB0ECA01070F9F
:10CC7000CD01130FD0011F0FD3012B0FD601380F99
:10CC8000D901440FDC01500FDF015C0FE201680F96
:10CC9000E501750FE801810FEB018D0FEE01990F92
:10CCA000F101A50FF401B20FF701BE0FFA01CA0F8F
:10CCB000FD01D60F0102E20F0402EE0F0702FB0F87
:10CCC0000A0207100D02131010021F1013022B107E
:10CCD000170237101A0244101D02501020025C1077
:10CCE00023026810270274102A0280102D028C1073
:10CCF000300299103402A5103702B1103A02BD106B
:10CD00003E02C9104102D5104402E1104702ED1065
:10CD10004B02FA104E0206115102121155021E1159
:10CD200058022A115C0236115F02421162024E1152
:10CD300066025A11690267116D02731170027F1148
:10CD400073028B11770297117A02A3117E02AF1141
:10CD50008102BB118502C7118802D3118C02DF1139
:10CD60008F02EB119302F711960204129A0210122D
:10CD70009D021C12A1022812A5023412A802401220
:10CD8000AC024C12AF025812B3026412B702701216
:10CD9000BA027C12BE028812C1029412C502A0120D
:10CDA000C902AC12CC02B812D002C412D402D01202
:10CDB000D802DC12DB02E812DF02F412E3020013F5
:10CDC000E6020C13EA021813EE022413F2023013E7
:10CDD000F5023C13F9024813FD02541301036013DA
:10CDE00005036C13080378130C03841310039013CA
:10CDF00014039C131803A8131C03B4132003C013BB
:10CE00002303CC132703D8132B03E4132F03F013AE
:10CE10003303FB13370307143B0313143F031F149F
:10CE200043032B14470337144B0343144F034F148E
:10CE300053035B14570367145B0373145F037F147E
:10CE400063038B14670396146B03A2146F03AE1471
:10CE50007303BA147703C6147B03D2147F03DE1462
:10CE60008303EA148703F6148C03011590030D1550
:10CE700094031915980325159C033115A0033D153E
:10CE8000A5034915A9035415AD036015B1036C152D
:10CE9000B5037815BA038415BE039015C2039B151C
:10CEA000C603A715CA03B315CF03BF15D303CB150C
:10CEB000D703D715DC03E215E003EE15E403FA15FA
:10CEC000E9030616ED031216F1031D16F6032916E3
:10CED000FA033516FE03411603044C1607045816D0
:10CEE0000B0464161004701614047C1619048716BB
:10CEF0001D04931622049F162604AB162A04B616A8
:10CF00002F04C2163304CE163804DA163C04E51694
:10CF10004104F1164504FD164A0409174E0414177E
:10CF20005304201757042C175C0437176104431768
:10CF300065044F176A045B176E0466177304721753
:10CF400078047E177C048917810495178504A1173E
:10CF50008A04AC178F04B8179304C4179804CF172A
:10CF60009D04DB17A104E717A604F217AB04FE1714
:10CF7000B0040A18B4041518B9042118BE042D18F9
:10CF8000C2043818C7044418CC044F18D1045B18E5
:10CF9000D6046718DA047218DF047E18E4048918CE
:10CFA000E9049518EE04A118F204AC18F704B818B7
:10CFB000FC04C3180105CF180605DB180B05E6189D
:10CFC0001005F2181505FD181A0509191E05141982
:10CFD0002305201928052C192D0537193205431969
:10CFE00037054E193C055A19410565194605711951
:10CFF0004B057C1950058819550593195A059F1939
:10D000005F05AA196405B6196905C1196E05CD1920
:10D010007305D8197805E4197E05EF198305FB1906
:10D020008805061A8D05121A92051D1A9705291AE8
:10D030009C05341AA105401AA7054B1AAC05571ACE
:10D04000B105621AB6056E1ABB05791AC105841AB4
:10D05000C605901ACB059B1AD005A71AD505B21A9A
:10D06000DB05BE1AE005C91AE505D41AEA05E01A7F
:10D07000F005EB1AF505F71AFA05021B00060D1B61
:10D080000506191B0A06241B1006301B15063B1B40
:10D090001A06461B2006521B25065D1B2A06681B26
:10D0A0003006741B35067F1B3B068A1B4006961B09
:10D0B0004506A11B4B06AC1B5006B81B5606C31BEE
:10D0C0005B06CE1B6106DA1B6606E51B6C06F01BD1
:10D0D0007106FC1B7706071C7C06121C82061E1CB0
:10D0E0008706291C8D06341C92063F1C98064B1C93
:10D0F0009D06561CA306611CA8066C1CAE06781C77
:10D10000B406831CB9068E1CBF06991CC506A51C57
:10D11000CA06B01CD006BB1CD506C61CDB06D21C3A
:10D12000E106DD1CE606E81CEC06F31CF206FF1C1B
:10D13000F7060A1DFD06151D0307201D09072B1DF7
:10D140000E07361D1407421D1A074D1D2007581DD6
:10D150002507631D2B076E1D3107791D3707851DB8
:10D160003D07901D42079B1D4807A61D4E07B11D98
:10D170005407BC1D5A07C71D5F07D31D6507DE1D79
:10D180006B07E91D7107F41D7707FF1D7D070A1E58
:10D190008307151E8907201E8F072B1E9507361E35
:10D1A0009A07421EA0074D1EA607581EAC07631E15
:10D1B000B2076E1EB807791EBE07841EC4078F1EF5
:10D1C000CA079A1ED007A51ED607B01EDC07BB1ED5
:10D1D000E207C61EE807D11EEE07DC1EF507E71EB4
:10D1E000FB07F21E0108FD1E0708081F0D08131F8C
:10D1F00013081E1F1908291F1F08341F25083F1F69
:10D200002B084A1F3208551F3808601F3E086B1F45
:10D210004408761F4A08811F50088C1F5708971F23
:10D220005D08A21F6308AC1F6908B71F7008C21F02
:10D230007608CD1F7C08D81F8208E31F8908EE1FDF
:10D240008F08F91F950804209B080F20A2081920B9
:10D25000A8082420AE082F20B5083A20BB08452096
:10D26000C1085020C8085B20CE086520D408702073
:10D27000DB087B20E1088620E8089120EE089B204F
:10D28000F408A620FB08B1200109BC200809C7202A
:10D290000E09D1201509DC201B09E7202109F22005
:10D2A0002809FD202E090721350912213B091D21DE
:10D2B00042092821480932214F093D2155094821B9
:10D2C0005C09532163095D21690968217009732193
:10D2D00076097D217D098821830993218A099E2170
:10D2E0009109A8219709B3219E09BE21A409C8214B
:10D2F000AB09D321B209DE21B809E821BF09F32126
:10D30000C609FE21CC090822D3091322DA091E22FC
:10D31000E0092822E7093322EE093D22F5094822D7
:10D32000FB095322020A5D22090A6822100A7222AE
:10D33000160A7D221D0A8822240A92222B0A9D2287
:10D34000320AA722380AB2223F0ABC22460AC72262
:10D350004D0AD222540ADC225B0AE722610AF1223A
:10D36000680AFC226F0A0623760A11237D0A1B2312
:10D37000840A26238B0A3023920A3B23990A4523E9
:10D380009F0A5023A60A5A23AD0A6523B40A6F23C5
:10D39000BB0A7A23C20A8423C90A8E23D00A99239E
:10D3A000D70AA323DE0AAE23E50AB823EC0AC32377
:10D3B000F30ACD23FA0AD723010BE223080BEC234F
:10D3C0000F0BF723160B01241E0B0B24250B162421
:10D3D0002C0B2024330B2B243A0B3524410B3F24F8
:10D3E000480B4A244F0B5424560B5E245E0B6924D1
:10D3F000650B73246C0B7D24730B88247A0B9224A9
:10D40000810B9C24890BA724900BB124970BBB2480
:10D410009E0BC524A50BD024AD0BDA24B40BE42459
:10D42000BB0BEF24C20BF924CA0B0325D10B0D252E
:10D43000D80B1825E00B2225E70B2C25EE0B362503
:10D44000F50B4125FD0B4B25040C55250B0C5F25D9
:10D45000130C69251A0C7425210C7E25290C8825AE
:10D46000300C9225380C9C253F0CA625460CB12586
:10D470004E0CBB25550CC5255D0CCF25640CD9255C
:10D480006B0CE325730CED257A0CF825820C022633
:10D49000890C0C26910C1626980C2026A00C2A2606
:10D4A000A70C3426AF0C3E26B60C4826BE0C5226DE
:10D4B000C50C5C26CD0C6626D40C7126DC0C7B26B4
:10D4C000E30C8526EB0C8F26F30C9926FA0CA32689
:10D4D000020DAD26090DB726110DC126190DCB265B
:10D4E000200DD526280DDF26300DE926370DF32631
:10D4F0003F0DFD26460D07274E0D1127560D1A2705
:10D500005D0D2427650D2E276D0D3827750D4227DB
:10D510007C0D4C27840D56278C0D6027930D6A27B0
:10D520009B0D7427A30D7E27AB0D8827B20D912785
:10D53000BA0D9B27C20DA527CA0DAF27D20DB9275B
:10D54000D90DC327E10DCD27E90DD627F10DE02731
:10D55000F90DEA27010EF427080EFE27100E082801
:10D56000180E1128200E1B28280E2528300E2F28D3
:10D57000380E3828400E4228470E4C284F0E5628A9
:10D58000570E60285F0E6928670E73286F0E7D287E
:10D59000770E86287F0E9028870E9A288F0EA42853
:10D5A000970EAD289F0EB728A70EC128AF0ECA2828
:10D5B000B70ED428BF0EDE28C70EE728CF0EF128FD
:10D5C000D70EFB28DF0E0429E70E0E29EF0E1829CF
:10D5D000F70E2129FF0E2B29070F3529100F3E29A1
:10D5E000180F4829200F5129280F5B29300F652972
:10D5F000380F6E29400F7829480F8129510F8B2948
:10D60000590F9429610F9E29690FA729710FB1291C
:10D61000790FBB29820FC4298A0FCE29920FD729EF
:10D620009A0FE129A30FEA29AB0FF429B30FFD29C3
:10D63000BB0F072AC40F102ACC0F1A2AD40F232A93
:10D64000DC0F2C2AE50F362AED0F3F2AF50F492A69
:10D65000FE0F522A06105C2A0E10652A16106E2A3A
:10D660001F10782A2710812A30108B2A3810942A0C
:10D6700040109D2A4910A72A5110B02A5910B92AE2
:10D680006210C32A6A10CC2A7310D62A7B10DF2AB4
:10D690008310E82A8C10F22A9410FB2A9D10042B88
:10D6A000A5100D2BAE10172BB610202BBF10292B59
:10D6B000C710332BD0103C2BD810452BE0104E2B2D
:10D6C000E910582BF210612BFA106A2B0311732BFF
:10D6D0000B117D2B1411862B1C118F2B2511982BD0
:10D6E0002D11A12B3611AB2B3E11B42B4711BD2BA5
:10D6F0005011C62B5811CF2B6111D82B6911E22B79
:10D700007211EB2B7B11F42B8311FD2B8C11062C4A
:10D7100095110F2C9D11182CA611212CAF112B2C1B
:10D72000B711342CC0113D2CC911462CD1114F2CEE
:10D73000DA11582CE311612CEB116A2CF411732CC3
:10D74000FD117C2C0612852C0E128E2C1712972C94
:10D750002012A02C2912A92C3112B22C3A12BB2C67
:10D760004312C42C4C12CD2C5512D62C5D12DF2C3A
:10D770006612E82C6F12F12C7812FA2C8112032D0C
:10D780008A120C2D9212152D9B121E2DA412272DDC
:10D79000AD122F2DB612382DBF12412DC8124A2DB1
:10D7A000D112532DD9125C2DE212652DEB126E2D84
:10D7B000F412762DFD127F2D0613882D0F13912D57
:10D7C00018139A2D2113A32D2A13AB2D3313B42D27
:10D7D0003C13BD2D4513C62D4E13CF2D5713D72DFA
:10D7E0006013E02D6913E92D7213F22D7B13FA2DCE
:10D7F0008413032E8D130C2E9613152E9F131D2E9E
:10D80000A813262EB1132F2EBA13372EC313402E72
:10D81000CC13492ED513512EDF135A2EE813632E45
:10D82000F1136B2EFA13742E03147D2E0C14852E17
:10D8300015148E2E1E14972E28149F2E3114A82EE8
:10D840003A14B02E4314B92E4C14C22E5514CA2EBD
:10D850005F14D32E6814DB2E7114E42E7A14EC2E90
:10D860008314F52E8D14FD2E9614062F9F140E2F63
:10D87000A814172FB214202FBB14282FC414302F34
:10D88000CD14392FD714412FE0144A2FE914522F09
:10D89000F3145B2FFC14632F05156C2F0E15742FDA
:10D8A00018157D2F2115852F2A158D2F3415962FAC
:10D8B0003D159E2F4715A72F5015AF2F5915B72F80
:10D8C0006315C02F6C15C82F7515D02F7F15D92F54
:10D8D0008815E12F9215EA2F9B15F22FA415FA2F28
:10D8E000AE150230B7150B30C1151330CA151B30F9
:10D8F000D4152430DD152C30E6153430F0153C30CD
:10D90000F915453003164D300C16553016165D309E
:10D910001F16663029166E30321676303C167E3071
:10D92000451687304F168F305916973062169F3044
:10D930006C16A7307516AF307F16B8308816C03019
:10D940009216C8309B16D030A516D830AF16E030EE
:10D95000B816E830C216F030CB16F930D5160131C2
:10D96000DF160931E8161131F2161931FC16213192
:10D97000051729310F173131191739312217413164
:10D980002C174931361751313F1759314917613139
:10D99000531769315C17713166177931701781310E
:10D9A0007A178931831791318D1799319717A131E2
:10D9B000A017A931AA17B131B417B931BE17C031B8
:10D9C000C817C831D117D031DB17D831E517E0318E
:10D9D000EF17E831F817F0310218F8310C18FF3161
:10D9E0001618073220180F322A18173233181F3230
:10D9F0003D18273247182E32511836325B183E3206
:10DA0000651846326F184E327818553282185D32DA
:10DA10008C18653296186D32A0187432AA187C32B0
:10DA2000B4188432BE188B32C8189332D2189B3285
:10DA3000DC18A332E618AA32EF18B232F918BA325B
:10DA40000319C1320D19C9321719D0322119D83230
:10DA50002B19E0323519E7323F19EF324919F73205
:10DA60005319FE325D19063367190D3371191533D9
:10DA70007B191D33851924338F192C339A193333AD
:10DA8000A4193B33AE194233B8194A33C219513382
:10DA9000CC195933D6196033E0196833EA196F335A
:10DAA000F4197733FE197E33081A8633131A8D332F
:10DAB0001D1A9533271A9C33311AA3333B1AAB3303
:10DAC000451AB2334F1ABA335A1AC133641AC833DB
:10DAD0006E1AD033781AD733821ADF338C1AE633B2
:10DAE000971AED33A11AF533AB1AFC33B51A033488
:10DAF000BF1A0B34CA1A1234D41A1934DE1A20345D
:10DB0000E81A2834F31A2F34FD1A3634071B3E3432
:10DB1000111B45341C1B4C34261B5334301B5B3407
:10DB20003B1B6234451B69344F1B7034591B7734DF
:10DB3000641B7F346E1B8634781B8D34831B9434B6
:10DB40008D1B9B34971BA234A21BAA34AC1BB1348F
:10DB5000B61BB834C11BBF34CB1BC634D51BCD3468
:10DB6000E01BD434EA1BDB34F51BE234FF1BEA3440
:10DB7000091CF134141CF8341E1CFF34291C063512
:10DB8000331C0D353D1C1435481C1B35521C2235E9
:10DB90005D1C2935671C3035721C37357C1C3E35C1
:10DBA000861C4535911C4C359B1C5335A61C5A359B
:10DBB000B01C6135BB1C6735C51C6E35D01C753576
:10DBC000DA1C7C35E51C8335EF1C8A35FA1C91354F
:10DBD000041D98350F1D9F35191DA535241DAC3525
:10DBE0002E1DB335391DBA35441DC1354E1DC835FE
:10DBF000591DCE35631DD5356E1DDC35781DE335D9
:10DC0000831DEA358E1DF035981DF735A31DFE35B1
:10DC1000AD1D0536B81D0B36C31D1236CD1D193688
:10DC2000D81D2036E21D2636ED1D2D36F81D343662
:10DC3000021E3A360D1E4136181E4836221E4E363A
:10DC40002D1E5536381E5C36421E62364D1E693614
:10DC5000581E6F36621E76366D1E7D36781E8336F0
:10DC6000831E8A368D1E9036981E9736A31E9D36CB
:10DC7000AD1EA436B81EAB36C31EB136CE1EB836A6
:10DC8000D81EBE36E31EC536EE1ECB36F91ED23682
:10DC9000031FD8360E1FDF36191FE536241FEB365B
:10DCA0002F1FF236391FF836441FFF364F1F053736
:10DCB0005A1F0C37651F12376F1F18377A1F1F370F
:10DCC000851F2537901F2C379B1F3237A51F3837EC
:10DCD000B01F3F37BB1F4537C61F4B37D11F5237C9
:10DCE000DC1F5837E71F5E37F11F6537FC1F6B37A6
:10DCF00007207137122077371D207E372820843780
:10DD000033208A373E2090374920973754209D375B
:10DD10005E20A3376920A9377420B0377F20B6373B
:10DD20008A20BC379520C237A020C837AB20CE3719
:10DD3000B620D537C120DB37CC20E137D720E737F5
:10DD4000E220ED37ED20F337F820F9370321FF37D4
:10DD50000E21053819210B38242112382F211838AB
:10DD60003A211E384521243850212A385B21303889
:10DD70006621363871213C387C2142388721483869
:10DD800092214E389D215438A8215A38B321603849
:10DD9000BE216638CA216B38D5217138E021773829
:10DDA000EB217D38F6218338012289380C228F3807
:10DDB0001722953822229B382D22A1383922A638E5
:10DDC0004422AC384F22B2385A22B8386522BE38C5
:10DDD0007022C3387B22C9388722CF389222D538A7
:10DDE0009D22DB38A822E038B322E638BE22EC3888
:10DDF000CA22F238D522F738E022FD38EB22033967
:10DE0000F622093901230E390D23143918231A3942
:10DE100023231F392E2325393A232B394523303923
:10DE2000502336395B233B39672341397223473905
:10DE30007D234C3988235239942358399F235D39E7
:10DE4000AA236339B5236839C1236E39CC237339CA
:10DE5000D7237939E2237E39EE238439F9238939AE
:10DE600004248F39102494391B249A3926249F398D
:10DE70003224A5393D24AA394824B0395424B5396F
:10DE80005F24BB396A24C0397624C5398124CB3953
:10DE90008C24D0399824D639A324DB39AE24E03938
:10DEA000BA24E639C524EB39D024F039DC24F6391C
:10DEB000E724FB39F324003AFE24063A09250B3AFD
:10DEC0001525103A2025163A2C251B3A3725203ADD
:10DED0004225253A4E252B3A5925303A6525353AC3
:10DEE00070253A3A7C253F3A8725453A92254A3AA9
:10DEF0009E254F3AA925543AB525593AC0255F3A8F
:10DF0000CC25643AD725693AE3256E3AEE25733A73
:10DF1000FA25783A05267D3A1126823A1C26883A57
:10DF200028268D3A3326923A3F26973A4A269C3A3B
:10DF30005626A13A6126A63A6D26AB3A7826B03A23
:10DF40008426B53A8F26BA3A9B26BF3AA626C43A0B
:10DF5000B226C93ABD26CE3AC926D33AD426D83AF3
:10DF6000E026DD3AEC26E23AF726E63A0327EB3ADA
:10DF70000E27F03A1A27F53A2527FA3A3127FF3AC1
:10DF80003D27043B4827093B54270E3B5F27123BA4
:10DF90006B27173B77271C3B8227213B8E27263B8D
:10DFA00099272A3BA5272F3BB127343BBC27393B78
:10DFB000C8273E3BD327423BDF27473BEB274C3B61
:10DFC000F627503B0228553B0E285A3B19285F3B49
:10DFD0002528633B3128683B3C286D3B4828713B32
:10DFE0005428763B5F287B3B6B287F3B7728843B1C
:10DFF0008228883B8E288D3B9A28923BA528963B09
:10E00000B1289B3BBD289F3BC928A43BD428A93BF2
:10E01000E028AD3BEC28B23BF728B63B0329BB3BDD
:10E020000F29BF3B1B29C43B2629C83B3229CD3BC6
:10E030003E29D13B4A29D63B5529DA3B6129DE3BB3
:10E040006D29E33B7929E73B8429EC3B9029F03BA0
:10E050009C29F53BA829F93BB429FD3BBF29023C8B
:10E06000CB29063CD7290A3CE3290F3CEE29133C77
:10E07000FA29173C062A1C3C122A203C1E2A243C62
:10E08000292A293C352A2D3C412A313C4D2A363C4F
:10E09000592A3A3C652A3E3C702A423C7C2A463C3E
:10E0A000882A4B3C942A4F3CA02A533CAC2A573C2C
:10E0B000B72A5B3CC32A603CCF2A643CDB2A683C1D
:10E0C000E72A6C3CF32A703CFF2A743C0A2B793C0B
:10E0D000162B7D3C222B813C2E2B853C3A2B893CF8
:10E0E000462B8D3C522B913C5E2B953C6A2B993CE8
:10E0F000752B9D3C812BA13C8D2BA53C992BA93CDC
:10E10000A52BAD3CB12BB13CBD2BB53CC92BB93CCB
:10E11000D52BBD3CE12BC13CED2BC53CF92BC93CBB
:10E12000052CCD3C102CD13C1C2CD53C282CD93CAA
:10E13000342CDD3C402CE03C4C2CE43C582CE83C9E
:10E14000642CEC3C702CF03C7C2CF43C882CF83C8F
:10E15000942CFB3CA02CFF3CAC2C033DB82C073D81
:10E16000C42C0B3DD02C0E3DDC2C123DE82C163D72
:10E17000F42C1A3D002D1D3D0C2D213D182D253D63
:10E18000242D283D302D2C3D3C2D303D482D343D57
:10E19000542D373D602D3B3D6C2D3F3D782D423D4C
:10E1A000842D463D902D493D9C2D4D3DA82D513D42
:10E1B000B42D543DC02D583DCC2D5B3DD82D5F3D39
:10E1C000E42D633DF02D663DFC2D6A3D092E6D3D2D
:10E1D000152E713D212E743D2D2E783D392E7B3D1F
:10E1E000452E7F3D512E823D5D2E863D692E893D17
:10E1F000752E8D3D812E903D8D2E933D992E973D10
:10E20000A62E9A3DB22E9E3DBE2EA13DCA2EA43D05
:10E21000D62EA83DE22EAB3DEE2EAF3DFA2EB23DFE
:10E22000062FB53D132FB93D1F2FBC3D2B2FBF3DF2
:10E23000372FC23D432FC63D4F2FC93D5B2FCC3DED
:10E24000672FD03D742FD33D802FD63D8C2FD93DE5
:10E25000982FDD3DA42FE03DB02FE33DBC2FE63DE0
:10E26000C92FE93DD52FED3DE12FF03DED2FF33DD9
:10E27000F92FF63D0530F93D1230FC3D1E30FF3DD3
:10E280002A30033E3630063E4230093E4E300C3EC8
:10E290005B300F3E6730123E7330153E7F30183EC4
:10E2A0008B301B3E98301E3EA430213EB030243EC1
:10E2B000BC30273EC8302A3ED5302D3EE130303EBE
:10E2C000ED30333EF930363E0531393E12313C3EB9
:10E2D0001E313F3E2A31423E3631453E4331483EB3
:10E2E0004F314A3E5B314D3E6731503E7431533EB3
:10E2F0008031563E8C31593E98315C3EA4315E3EB1
:10E30000B131613EBD31643EC931673ED5316A3EAF
:10E31000E2316C3EEE316F3EFA31723E0732753EAD
:10E320001332773E1F327A3E2B327D3E3832803EAA
:10E330004432823E5032853E5C32883E69328A3EAB
:10E3400075328D3E8132903E8E32923E9A32953EAB
:10E35000A632983EB2329A3EBF329D3ECB329F3EAD
:10E36000D732A23EE432A53EF032A73EFC32AA3EAE
:10E370000833AC3E1533AF3E2133B13E2D33B43EAE
:10E380003A33B63E4633B93E5233BB3E5F33BE3EB0
:10E390006B33C03E7733C33E8433C53E9033C83EB3
:10E3A0009C33CA3EA933CC3EB533CF3EC133D13EB8
:10E3B000CE33D43EDA33D63EE633D83EF333DB3EBB
:10E3C000FF33DD3E0B34E03E1834E23E2434E43EBD
:10E3D0003034E73E3D34E93E4934EB3E5534ED3EC2
:10E3E0006234F03E6E34F23E7B34F43E8734F73EC6
:10E3F0009334F93EA034FB3EAC34FD3EB834003FCC
:10E40000C534023FD134043FDD34063FEA34083FCF
:10E41000F6340A3F03350D3F0F350F3F1B35113FD3
:10E420002835133F3435153F4035173F4D35193FDB
:10E4300059351C3F66351E3F7235203F7E35223FE1
:10E440008B35243F9735263FA435283FB0352A3FEA
:10E45000BC352C3FC9352E3FD535303FE235323FF4
:10E46000EE35343FFA35363F0736383F13363A3FFC
:10E4700020363C3F2C363E3F3936403F4536423F02
:10E480005136433F5E36453F6A36473F7736493F10
:10E4900083364B3F90364D3F9C364F3FA836513F19
:10E4A000B536523FC136543FCE36563FDA36583F26
:10E4B000E7365A3FF3365B3FFF365D3F0C375F3F31
:10E4C0001837613F2537623F3137643F3E37663F3B
:10E4D0004A37683F5737693F63376B3F6F376D3F48
:10E4E0007C376E3F8837703F9537723FA137733F57
:10E4F000AE37753FBA37773FC737783FD3377A3F64
:10E50000E0377B3FEC377D3FF9377F3F0538803F71
:10E510001138823F1E38833F2A38853F3738863F7F
:10E520004338883F5038893F5C388B3F69388C3F8F
:10E5300075388E3F82388F3F8E38913F9B38923F9F
:10E54000A738943FB438953FC038973FCD38983FAF
:10E55000D938993FE6389B3FF2389C3FFF389E3FC1
:10E560000B399F3F1839A03F2439A23F3139A33FCF
:10E570003D39A43F4A39A63F5639A73F6339A83FE2
:10E580006F39AA3F7C39AB3F8839AC3F9539AD3FF5
:10E59000A139AF3FAE39B03FBA39B13FC739B23F09
:10E5A000D339B43FE039B53FEC39B63FF939B73F1D
:10E5B000053AB83F123AB93F1E3ABB3F2B3ABC3F2F
:10E5C000373ABD3F443ABE3F503ABF3F5D3AC03F45
:10E5D000693AC13F763AC33F823AC43F8F3AC53F5A
:10E5E0009B3AC63FA83AC73FB43AC83FC13AC93F71
:10E5F000CD3ACA3FDA3ACB3FE63ACC3FF33ACD3F89
:10E60000003BCE3F0C3BCF3F193BD03F253BD13F9A
:10E61000323BD23F3E3BD33F4B3BD43F573BD53FB2
:10E62000643BD53F703BD63F7D3BD73F893BD83FCE
:10E63000963BD93FA23BDA3FAF3BDB3FBC3BDC3FE5
:10E64000C83BDC3FD53BDD3FE13BDE3FEE3BDF3F00
:10E65000FA3BE03F073CE03F133CE13F203CE23F18
:10E660002C3CE33F393CE33F453CE43F523CE53F33
:10E670005F3CE63F6B3CE63F783CE73F843CE83F4D
:10E68000913CE83F9D3CE93FAA3CEA3FB63CEA3F6B
:10E69000C33CEB3FD03CEC3FDC3CEC3FE93CED3F86
:10E6A000F53CED3F023DEE3F0E3DEF3F1B3DEF3FA2
:10E6B000273DF03F343DF03F403DF13F4D3DF13FC0
:10E6C0005A3DF23F663DF23F733DF33F7F3DF33FDE
:10E6D0008C3DF43F983DF43FA53DF53FB23DF53FFD
:10E6E000BE3DF63FCB3DF63FD73DF73FE43DF73F1C
:10E6F000F03DF73FFD3DF83F093EF83F163EF93F3C
:10E70000233EF93F2F3EF93F3C3EFA3F483EFA3F59
:10E71000553EFA3F613EFB3F6E3EFB3F7A3EFB3F7C
:10E72000873EFC3F943EFC3FA03EFC3FAD3EFC3F9D
:10E73000B93EFD3FC63EFD3FD23EFD3FDF3EFD3FC1
:10E74000EC3EFE3FF83EFE3F053FFE3F113FFE3FE1
:10E750001E3FFE3F2A3FFF3F373FFF3F443FFF3F03
:10E76000503FFF3F5D3FFF3F693FFF3F763FFF3F29
:10E77000823F00408F3F00409B3F0040A83F004049
:10E78000B53F0040C13F0040CE3F0040DA3F00406F
:10E79000E73F0040F33F00402C2066756E637469CC
:10E7A0006F6E3A2000617373657274696F6E202218
:10E7B000257322206661696C65643A2066696C6520
:10E7C00020222573222C206C696E65202564257318
:10E7D00025730A00494E4600696E66004E414E00A0
:10E7E0006E616E00300030313233343536373839AF
:10E7F00041424344454600303132333435363738B0
:10E8000039616263646566004300504F53495800A4
:10E810002E00496E66696E697479004E614E005231
:10E8200045454E54206D616C6C6F63207375636356
:10E830006565646564002F646174612F6A656E6B41
:10E84000696E732F776F726B73706163652F474EBC
:10E85000552D746F6F6C636861696E2F61726D2DD9
:10E8600031352F7372632F6E65776C69622D637912
:10E870006777696E2F6E65776C69622F6C6962636A
:10E880002F7374646C69622F64746F612E6300422D
:10E89000616C6C6F632073756363656564656400A8
:10E8A0002F646174612F6A656E6B696E732F776F69
:10E8B000726B73706163652F474E552D746F6F6C6B
:10E8C000636861696E2F61726D2D31352F737263CC
:10E8D0002F6E65776C69622D63796777696E2F6E2D
:10E8E00065776C69622F6C6962632F7374646C69FD
:10E8F000622F6D707265632E6300232D302B200014
:10E90000686C4C0065666745464700002020202063
:10E9100020202020202828282828202020202020CF
:10E9200020202020202020202020202088101010AF
:10E930001010101010101010101010100404040407
:10E94000040404040404101010101010104141417C
:10E9500041414101010101010101010101010101E7
:10E96000010101010101011010101010104242427A
:10E9700042424202020202020202020202020202B7
:10E980000202020202020210101010200000000019
:10E990000000000000000000000000000000000077
:10E9A0000000000000000000000000000000000067
:10E9B0000000000000000000000000000000000057
:10E9C0000000000000000000000000000000000047
:10E9D0000000000000000000000000000000000037
:10E9E0000000000000000000000000000000000027
:10E9F0000000000000000000000000000000000017
:10EA00000000000000000000000000000500000001
:10EA1000190000007D0000000080E03779C3414309
:10EA2000176E05B5B5B89346F5F93FE9034F384D74
:10EA3000321D30F94877825A3CBF737FDD4F157520
:10EA4000000000000000F03F000000000000244033
:10EA500000000000000059400000000000408F400E
:10EA6000000000000088C34000000000006AF84079
:10EA70000000000080842E4100000000D01263419D
:10EA80000000000084D797410000000065CDCD4113
:10EA9000000000205FA00242000000E876483742F4
:10EAA000000000A2941A6D42000040E59C30A24292
:10EAB0000000901EC4BCD64200003426F56B0C4307
:10EAC0000080E03779C3414300A0D88557347643AE
:10EAD00000C84E676DC1AB43003D9160E458E1430F
:10EAE000408CB5781DAF154450EFE2D6E41A4B4484
:10EAF00092D54D06CFF08044F64AE1C7022DB544C9
:08EB0000B49DD9794378EA4481
:08EB08002820FB7F0100000042
:04EB1000490C0008A4
:04EB1400210C0008C8
:10EB18000024F400100000000100000002000000C2
:10EB280002000000E80E0000E80E000001000000EE
:10EB3800740700000100000001000000040000004C
:10EB48000400000090000000900000000100000098
:10EB58002400000001000000010000000100000086
:10EB6800C006000000F3000000F30000C00600002B
:10EB78002400000001000000010000000100000066
:10EB880001000000C0060000C006000001000000EF
:10EB9800C0060000010000000100000001000000A4
:10EBA80001000000200100004002000001000000F8
:10EBB8002001000002000000030000000000000027
:10EBC8003A000001010400001C00002002040000BB
:10EBD8000C00002074200020000000003800000114
:10EBE800010400003C000020020400002C0000206A
:10EBF800A41E0020500001083B0001010104000090
:10EC08005C000020020400004C000020B41E00201C
:10EC18007000010823000101010400007C000020AD
:10EC2800020400006C000020842000200100000085
:10EC38000100000020010000200100000100000088
:10EC48002001000001000000010000007000010820
:10EC580022000101010400009C00002002040000C1
:10EC68008C00002084200020AC000020E40000205C
:10EC7800C8000020E81C002000010020020000005D
:10EC88000200000024000000240000000100000031
:10EC98001200000001000000010000000400000054
:10ECA800040000008004000080040000010000004F
:10ECB8002001000001000000010000000100000028
:10ECC8001200000040140000401400001200000070
:10ECD8002001000001000000010000000100000008
:10ECE80001000000200100002001000001000000D8
:10ECF8002001000001000000010000009800010848
:10ED080042000101010400002C010020020400005F
:10ED18001C010020942000203C0100203406002023
:10ED2800EC01002001000000680100200000000044
:10ED38000100000064010020000000000200000043
:10ED48005C010020000000000100000058010020C4
:10ED58000000000002000000020000004002000065
:10ED68004002000001000000200100000100000036
:10ED7800010000000400000004000000480000003A
:10ED8800480000000100000012000000010000001F
:10ED980001000000010000002001000040140000F4
:10EDA80040140000200100001200000001000000D3
:10EDB8000100000001000000010000001200000036
:10EDC8001200000001000000120000000100000015
:10EDD80001000000000000003600000101040000EE
:10EDE8007C010020020400006C010020B4200020F7
:10EDF8000000000034000001010400009C01002014
:10EE0800020400008C010020C41E0020B800010884
:10EE18003700010101040000BC01002002040000C9
:10EE2800AC010020D41E0020C000010835000101FB
:10EE380001040000DC01002002040000CC010020D5
:10EE4800A4200020EC01002018030020020000008C
:10EE58000C02002000000000010000000802002051
:10EE680000000000000000006425002000000000F1
:10EE780000000000602500200000000001000000E4
:10EE88000100000020010000200100000100000036
:10EE98002001000001000000010000000000000047
:10EEA80032000001010400005402002002040000A6
:10EEB80044020020D420002000000000300000019F
:10EEC8000104000074020020020400006402002013
:10EED800E41E002078060108330001010104000047
:10EEE800940200200204000084020020F41E002086
:10EEF800800601083100010101040000B40200206D
:10EF080002040000A4020020C4200020C402002043
:10EF1800FC020020E002002018030020E00300208B
:10EF2800010000003803002000000000010000007C
:10EF38003403002000000000000000006C250020C1
:10EF4800000000000000000068250020000000000C
:10EF580004012A000000000000000000000000007A
:10EF6800400400200D5F0008880601080100000029
:10EF780001000000C00E0000C00E000001000000EB
:10EF8800C00E0000010000000100000004000000A5
:10EF9800040000008004000080040000010000005C
:10EFA8002001000001000000010000000100000035
:10EFB800E000000000FC000000FC0000E000000091
:10EFC8000100000001000000200100000100000015
:10EFD80001000000200100004002000001000000C4
:10EFE800200100000200000003000000080B0108D7
:10EFF80046000101010400007C0300200204000017
:10F008006C030020E42000208C030020C4030020AF
:10F01800A8030020E0030020DC0400200100000019
:10F028000C0400200000000001000000080400207B
:10F0380000000000020000000004002000000000A2
:10F0480001000000FC03002000000000140128005B
:10F058000000000000000000000000004004002044
:10F068008D6C0008100C010849CA0008B1C30008DB
:10F078000100000001000000612000006120000084
:10F0880001000000612000000100000001000000F4
:10F09800040000000400000080030000800300005A
:10F0A80001000000E0000000010000000100000075
:10F0B80001000000E0000000E0000000A0020000E5
:10F0C800E000000003000000030000000100000051
:10F0D8000100000001000000E0000000C001000085
:10F0E80001000000E0000000020000000300000032
:10F0F8000000000010000001010400006C04002062
:10F10800020400005C04002004210020000000002C
:10F118000E000001010400008C040020020400001D
:10F128007C040020041F0020300C0108110001019C
:10F1380001040000AC040020020400009C0400202C
:10F14800141F0020380C01080F0001010104000001
:10F15800CC04002002040000BC040020F42000209D
:10F16800DC0400203406002001000000080500200F
:10F17800000000000100000004050020000000005D
:10F1880002000000FC040020000000000100000054
:10F19800F804002000000000070123000000000020
:10F1A80000000000000000003C050020B1620008DB
:10F1B800500C0108400C010801000000010000008B
:10F1C800E00000008003000001000000E0000000F3
:10F1D8000400000005000000000000000C00000111
:10F1E80001040000700500200204000060050020F2
:10F1F8002421002000000000090000010104000093
:10F20800900500200204000080050020241F002033
:10F21800680C01080D00010101040000B005002080
:10F2280002040000A0050020341F0020700C010813
:10F238000A00010101040000D005002002040000BA
:10F24800C005002014210020E00500201806002039
:10F25800FC05002000000000340600201C070020E8
:10F26800010000005406002000000000010000001A
:10F278005006002000000000000000007425002057
:10F2880000000000000000007025002000000000C1
:10F29800040122000000000000000000000000003F
:10F2A80088060020315D0008780C01080100000084
:10F2B80001000000E0000000C001000001000000A3
:10F2C800E00000000200000003000000900C0108AC
:10F2D8000B00010101040000B80600200204000030
:10F2E800A806002034210020C806002000070020BE
:10F2F800E4060020000000001C070020BC070020D6
:10F30800010000004C070020000000000100000080
:10F318004807002000000000030000003C07002010
:10F328000000000001000000380700200000000075
:10F33800040121000000000000000000000000009F
:10F3480080070020315D0008980C010801000000CA
:10F3580001000000E000000060040000010000005F
:10F36800E00000000500000006000000B00C0108E5
:10F378004500010101040000AC0700200204000060
:10F388009C07002044210020BC0700205C080020C6
:10F3980001000000EC070020000000000100000050
:10F3A800E80700200000000003000000DC07002040
:10F3B8000000000001000000D80700200000000045
:10F3C8000B01200000000000000000000000000009
:10F3D8002008002059690008B80C01080200000044
:10F3E8000300000002000000030000000104000008
:10F3F8007825002000000000010000000100000046
:10F40800E0000000E000000001000000E000000053
:10F418000100000001000000D80C010821000101D2
:10F42800010400004C080020020400003C080020F1
:10F43800542100205C080020080900200100000079
:10F448007C0800200000000001000000780800206F
:10F4580000000000000000008C25002000000000D3
:10F4680000000000882500200000000003011F00A4
:10F47800000000000000000000000000B0080020AC
:10F48800156B0008E00C01080100000000000000F6
:10F498000000000001000000010000000100000061
:10F4A8000100000001040000902500200000000079
:10F4B80002000000020000001C0000001C00000008
:10F4C800010000000E000000010000000100000023
:10F4D8000400000004000000800300008003000016
:10F4E80001000000E0000000010000000100000031
:10F4F800010000000E000000400C0000400C00005D
:10F508000E000000E0000000010000000100000003
:10F518000100000001000000E0000000E000000021
:10F5280001000000E00000000100000001000000F0
:10F53800080D01084100010101040000F80800203D
:10F5480002040000E80800206421002008090020C7
:10F55800040F0020200A00200100000028090020D4
:10F568000000000001000000240900200000000045
:10F5780000000000A425002000000000000000009A
:10F58800A02500200000000001000000010000008C
:10F59800010000000100000003011E00000000003F
:10F5A80000000000000000005C0900200D61000858
:10F5B800140D0108E0000000000000000000000039
:10F5C800010000000100000001000000010000002F
:10F5D80001040000A825002000000000020000002F
:10F5E80002000000C0010000C0010000010000008E
:10F5F800E00000000100000001000000040000001D
:10F60800040000003800000038000000010000007D
:10F618000E000000010000000100000001000000D1
:10F62800E0000000400C0000400C0000E00000007A
:10F638000E000000010000000100000001000000B1
:10F64800010000000E0000000E0000000100000094
:10F658000E00000001000000010000000000000092
:10F668002E00000101040000B0090020020400007F
:10F67800A009002084210020000000002C000001C7
:10F6880001040000D009002002040000C009002085
:10F69800441F0020340D01082F000101010400005F
:10F6A800F009002002040000E0090020541F002097
:10F6B8003C0D01082D00010101040000100A002082
:10F6C80002040000000A002074210020200A002003
:10F6D800A00B002002000000400A002000000000EB
:10F6E800010000003C0A00200000000000000000AB
:10F6F800BC2500200000000000000000B825002004
:10F708000000000016011E000000000000000000BC
:10F7180000000000880A002091620008540D0108CA
:10F728000000000001040000780A0020440D0108D0
:10F738000100000001000000E0000000E0000000FF
:10F7480001000000E00000000100000001000000CE
:10F75800000000002A00000101040000DC0A00206B
:10F7680002040000CC0A0020A421002000000000B0
:10F778002800000101040000FC0A00200204000027
:10F78800EC0A0020641F0020CC1101082B000101A5
:10F79800010400001C0B0020020400000C0B0020D8
:10F7A800741F0020D4110108290001010104000080
:10F7B8003C0B0020020400002C0B002094210020A8
:10F7C8004C0B0020840B0020680B0020A00B0020AD
:10F7D800940C002001000000C00B00200000000075
:10F7E80001000000BC0B0020000000000000000029
:10F7F800C42500200000000000000000C0250020F3
:10F80800000000000B011D000000000000000000C7
:10F8180000000000F40B002041670008DC1101081B
:10F8280002000000020000000200000002000000C8
:10F8380001040000C82500200000000001000000AD
:10F8480001000000400B0000400B00000100000018
:10F85800400B00000100000001000000040000004F
:10F868000400000080030000800300000100000085
:10F87800E00000000100000001000000010000009D
:10F88800A0000000008C0000008C0000A000000018
:10F898000100000001000000E0000000010000007D
:10F8A80001000000E000000060040000010000000A
:10F8B800E000000005000000060000001C1501081B
:10F8C8004400010101040000300C00200204000083
:10F8D800200C0020B4210020400C0020780C0020CF
:10F8E8005C0C0020940C0020AC0D002001000000EE
:10F8F800C00C00200000000001000000BC0C00202B
:10F908000000000002000000B40C0020000000000D
:10F9180001000000B00C00200000000014011C00D1
:10F92800000000000000000000000000F40C0020AF
:10F938008D6C00082416010849CA0008B1C30008E4
:10F94800010000000100000021170000211700003D
:10F958000100000021170000010000000100000064
:10F968000400000004000000800200008002000083
:10F9780001000000A00000000100000001000000DC
:10F9880001000000A0000000A0000000E00100004D
:10F99800A0000000030000000300000001000000B8
:10F9A8000100000001000000A0000000200300008A
:10F9B80001000000A0000000050000000600000093
:10F9C8000000000007000001010400003C0D0020B9
:10F9D800020400002C0D0020D421002000000000AB
:10F9E80005000001010400005C0D00200204000075
:10F9F8004C0D0020841F0020441601080800010156
:10FA0800010400007C0D0020020400006C0D0020A1
:10FA1800941F00204C160108060001010104000093
:10FA28009C0D0020020400008C0D0020C421002041
:10FA3800AC0D0020040F002001000000D80D0020AC
:10FA48000000000001000000D40D002000000000AC
:10FA580002000000CC0D00200000000001000000A2
:10FA6800C80D00200000000007011700000000007A
:10FA780000000000000000000C0E0020B162000829
:10FA88006416010854160108010000000100000076
:10FA9800A00000006004000001000000A0000000B9
:10FAA800070000000800000000000000030000013B
:10FAB80001040000400E002002040000300E002067
:10FAC800F4210020000000000000000101040000F3
:10FAD800600E002002040000500E0020A41F002029
:10FAE8007C1601080400010101040000800E0020BA
:10FAF80002040000700E0020B41F002084160108C4
:10FB08000100010101040000A00E00200204000011
:10FB1800900E0020E4210020B00E0020E80E002006
:10FB2800CC0E002000000000040F0020EC0F002085
:10FB380001000000240F0020000000000100000068
:10FB4800200F00200000000000000000DC2500203D
:10FB58000000000000000000D82500200000000080
:10FB68000401160000000000000000000000000072
:10FB7800580F0020315D00088C16010801000000B4
:10FB880001000000A00000002003000001000000A8
:10FB9800A00000000500000006000000A4160108EF
:10FBA8000200010101040000880F00200204000087
:10FBB800780F002004220020980F0020D00F00208A
:10FBC800B40F002000000000EC0F00208C10002073
:10FBD800010000001C1000200000000001000000CF
:10FBE8001810002000000000030000000C10002086
:10FBF80000000000010000000810002000000000C4
:10FC080004011500000000000000000000000000D2
:10FC180050100020315D0008AC16010801000000FA
:10FC280001000000A00000004006000001000000E4
:10FC3800A00000000A0000000C000000C416010823
:10FC480043000101010400007C10002002040000B0
:10FC58006C100020142200208C1000202C11002091
:10FC680001000000BC10002000000000010000009E
:10FC7800B81000200000000003000000AC100020B5
:10FC88000000000001000000A81000200000000093
:10FC98000B0114000000000000000000000000003C
:10FCA800F010002059690008CC1601080500000072
:10FCB8000600000005000000060000000104000026
:10FCC800E025002000000000010000000100000005
:10FCD800A0000000A000000001000000A00000003B
:10FCE8000100000001000000EC16010820000101DD
:10FCF800010400001C110020020400000C11002067
:10FD0800242200202C110020D8110020010000001E
:10FD18004C110020000000000100000048110020E4
:10FD28000000000000000000F42500200000000092
:10FD380000000000F025002000000000030113006F
:10FD480000000000000000000000000080110020FA
:10FD5800156B0008F41601080100000000000000FF
:10FD68000000000001000000010000000100000088
:10FD78000100000001040000F82500200000000038
:10FD8800020000000200000014000000140000003F
:10FD9800010000000A00000001000000010000004E
:10FDA800040000000400000080020000800200003F
:10FDB80001000000A0000000010000000100000098
:10FDC800010000000A000000400600004006000094
:10FDD8000A000000A000000001000000010000006F
:10FDE8000100000001000000A0000000A0000000C9
:10FDF80001000000A0000000010000000100000058
:10FE08001C1701084000010101040000C81100206E
:10FE180002040000B811002034220020D81100206C
:10FE2800D4170020F012002001000000F811002073
:10FE38000000000001000000F41100200000000094
:10FE4800000000000C260020000000000000000058
:10FE5800082600200000000001000000010000004A
:10FE68000100000001000000030112000000000072
:10FE780000000000000000002C1200200D610008A6
:10FE880028170108A0000000000000000000000082
:10FE98000100000001000000010000000100000056
:10FEA80001040000102600200000000002000000ED
:10FEB80002000000400100004001000001000000B5
:10FEC800A000000001000000010000000400000084
:10FED80004000000280000002800000001000000C5
:10FEE8000A000000010000000100000001000000FD
:10FEF800A00000004006000040060000A00000002E
:10FF08000A000000010000000100000001000000DC
:10FF1800010000000A0000000A00000001000000C3
:10FF28000A000000010000000100000000000000BD
:10FF380026000001010400008012002002040000D5
:10FF4800701200205422002000000000240000014C
:10FF580001040000A01200200204000090120020FA
:10FF6800C41F0020481701082700010101040000F0
:10FF7800C012002002040000B0120020D41F00208C
:10FF8800501701082500010101040000E0120020BB
:10FF980002040000D012002044220020F0120020A9
:10FFA8007014002002000000101300200000000060
:10FFB800010000000C1300200000000000000000F9
:10FFC8002426002000000000000000002026002059
:10FFD80000000000160112000000000000000000F0
:10FFE80000000000581300209162000868170108FB
:08FFF8000000000001040000FC
:020000040805ED
:1000000048130020581701080100000001000000FB
:10001000A0000000A000000001000000A0000000FF
:100020000100000001000000000000003E0000018F
:1000300001040000AC130020020400009C13002007
:1000400074220020000000003C00000101040000B8
:10005000CC13002002040000BC130020E41F002089
:10006000A01A01083F00010101040000EC13002068
:1000700002040000DC130020F41F0020A81A01086D
:100080003D000101010400000C14002002040000E6
:10009000FC130020642200201C14002054140020B3
:1000A00038140020701400206415002001000000A6
:1000B0009014002000000000010000008C140020BB
:1000C00000000000000000002C26002000000000BE
:1000D0000000000028260020000000000B01110095
:1000E000000000000000000000000000C414002018
:1000F00041670008B01A0108020000000200000079
:100100000200000002000000010400003026002070
:100110000000000001000000010000008007000056
:1001200080070000010000008007000001000000BF
:100130000100000004000000040000008002000034
:100140008002000001000000A0000000010000008B
:10015000010000000100000050000000003200001B
:10016000003200005000000001000000010000000B
:10017000A00000000100000001000000A00000003D
:100180004006000001000000A00000000A0000007E
:100190000C000000601C0108470001010104000080
:1001A0000015002002040000F0140020842200202A
:1001B00010150020481500202C1500206415002083
:1001C0007C160020010000009015002000000000B7
:1001D000010000008C15002000000000020000005B
:1001E00084150020000000000100000080150020A0
:1001F00000000000140110000000000000000000DA
:1002000000000000C41500208D6C0008681D010866
:1002100049CA0008B1C30008010000000100000045
:10022000910B0000910B000001000000910B0000F9
:1002300001000000010000000400000004000000B4
:1002400040010000400100000100000050000000DB
:10025000010000000100000001000000500000004B
:1002600050000000F00000005000000003000000FB
:100270000300000001000000010000000100000078
:1002800050000000200300000100000050000000AA
:100290000A0000000C000000000000001E00000129
:1002A000010400000C16002002040000FC150020D0
:1002B000A4220020000000001C0000010104000036
:1002C0002C160020020400001C1600200420002030
:1002D000881D01081F000101010400004C160020C8
:1002E000020400003C16002014200020901D01088C
:1002F0001D000101010400006C1600200204000032
:100300005C160020942200207C160020D4170020C8
:1003100001000000A81600200000000001000000FD
:10032000A416002000000000020000009C1600201F
:1003300000000000010000009816002000000000EE
:1003400007010B000000000000000000000000009A
:10035000DC160020B1620008A81D0108981D0108E4
:10036000010000000100000050000000C003000078
:1003700001000000500000000C0000000E00000012
:10038000000000001A000001010400001017002006
:100390000204000000170020C4220020000000001A
:1003A00017000001010400003017002002040000C3
:1003B0002017002024200020581F01081B000101E5
:1003C0000104000050170020020400004017002024
:1003D00034200020601F0108180001010104000002
:1003E000701700200204000060170020B4220020D3
:1003F00080170020B81700209C1700200000000084
:10040000D4170020BC18002001000000F4170020C1
:100410000000000001000000F017002000000000B4
:100420000000000044260020000000000000000042
:10043000402600200000000004010A000000000027
:10044000000000000000000028180020315D0008B6
:10045000681F0108010000000100000050000000BA
:1004600040060000010000005000000014000000E1
:10047000020000000100000001000000A0190000BF
:10048000A019000001000000A019000001000000F8
:100490000100000004000000040000004001000012
:1004A00040010000010000005000000001000000B9
:1004B00001000000010000000100000050000000E9
:1004C0008002000001000000080000000A00000097
:1004D000500000000100000001000000500000007A
:1004E0002003000001000000500000000A0000008E
:1004F0000C000000010000000100000001000000ED
:100500002800000001000000010000002800000099
:1005100031000000881F01081900010101040000DA
:10052000581800200204000048180020D42200209F
:1005300068180020A0180020841800200000000087
:10054000BC180020FC19002001000000EC1800205D
:100550000000000001000000E8180020000000007A
:1005600003000000DC180020000000000100000073
:10057000D81800200000000004010900000000005D
:10058000000000000000000020190020315D00087C
:10059000901F0108981F01081500010101040000C7
:1005A0004C190020020400003C190020F422002015
:1005B0000000000014000001010400006C1900207C
:1005C000020400005C190020042300200000000049
:1005D00012000001010400008C1900200204000038
:1005E0007C19002044200020A01F010816000101F2
:1005F00001040000AC190020020400009C19002036
:1006000054200020A81F010813000101010400006C
:10061000CC19002002040000BC190020E4220020B4
:10062000F41F01084900010101040000EC19002039
:1006300002040000DC19002014230020FC19002013
:10064000EC1A0020010000002C1A0020000000001D
:1006500001000000281A0020000000000300000034
:100660001C1A00200000000001000000181A0020E1
:10067000000000000B010800000000000000000066
:1006800000000000601A002059690008B01F01082E
:100690000A0000000C0000000A0000000C0000002E
:1006A000010400004826002000000000981A0020E5
:1006B0007C1A0020D01A0020B41A0020000000008C
:1006C000EC1A0020081B002001000000281B00205D
:1006D0000000000001000000241B002000000000BA
:1006E000000000005C260020000000000000000068
:1006F0005826002000000000030107000000000051
:1007000000000000000000005C1B0020156B0008CA
:10071000C81F0108010000000000000000000000E8
:1007200001000000010000000100000001000000C5
:10073000010400006026002000000000010000000D
:10074000010000002400000024000000010000005F
:100750002400000001000000010000000100000072
:1007600001000000A8070000A80700000100000029
:10077000A8070000010000000100000001000000C7
:10078000AC1B00200000000001000000A81B00209E
:1007900000000000030000009C1B0020000000007F
:1007A00002000000941B0020000000000100000077
:1007B000010000000100000001000000030106002C
:1007C000000000000000000000000000E01B00200E
:1007D0000D610008E41F0108500000000000000047
:1007E0000000000001000000010000000100000006
:1007F000010000000104000070260020000000003D
:10080000EC1F01083900010101040000341C002024
:1008100002040000241C002064200020F41F0108B2
:100820004800010101040000541C002002040000E3
:10083000441C0020142300200400000003000000DA
:100840000500000004000000160106000000000082
:100850000000000000000000A41C002091620008BD
:100860000C2001080000000001040000941C00207E
:10087000FC1F0108A42600208826002080260020D6
:10088000E81C0020D8260020BC260020B42600202A
:10089000041D002001000000606300000100000052
:1008A0000100000001000000884203000100000078
:1008B0000100000001000000884203000100000068
:1008C0000100000001000000606300000100000062
:1008D0000100000009010500000000000000000008
:1008E00000000000301D00201D58000814200108E1
:1008F00001000000000000000000000002000000F5
:1009000002000000010000000100000001040000DE
:10091000201D002001000000020000000200000075
:10092000020000000200000001040000E826002090
:100930009165000801000000781D00206C1D00205A
:1009400001000000681D00205C1D00204004040020
:1009500000000000000000000000000060630000D4
:10096000010400007C1D0020400404000000000081
:1009700000000000000000008842030001040000A5
:100980008C1D00204004040020200108000000000D
:100990000000000088420300010400009C1D0020AC
:1009A00040040400000000000000000000000000FF
:1009B0006063000001040000AC1D002040108400B2
:1009C000240000000000000000000000400484003B
:1009D00000F3000000000000000000004010840050
:1009E000200100000000000000000000400484001E
:1009F00040140000000000000000000040108400CF
:100A0000120000000000000000000000400484000C
:100A100040140000000000000000000040108400AE
:100A200020010000000000000000000040048400DD
:100A300000FC0000000000000000000040108400E6
:100A4000E0000000000000000000000040048400FE
:100A5000E0070000000000000000000040108400DB
:100A6000E0000000000000000000000040048400DE
:100A7000400C000000000000000000004010840056
:100A80000E00000000000000000000004004840090
:100A9000400C000000000000000000004010840036
:100AA000E00000000000000000000000400484009E
:100AB000008C0000000000000000000040108400D6
:100AC000A0000000000000000000000040048400BE
:100AD000A00500000000000000000000401084009D
:100AE000A00000000000000000000000400484009E
:100AF00040060000000000000000000040108400DC
:100B00000A00000000000000000000004004840013
:100B100040060000000000000000000040108400BB
:100B2000A00000000000000000000000400484005D
:100B300000320000000000000000000040108400AF
:100B4000500000000000000000000000400484008D
:100B5000D0020000000000000000000040108400EF
:100B6000500000000000000000000000400484006D
:100B7000001900000000000000000000400484088C
:100B80002400000000000000000000004008840075
:100B90007407000000000000000000004004840012
:100BA000C0060000000000000000000040048400B7
:100BB000200100000000000000000000400484004C
:100BC0002001000000000000000000004008840038
:100BD000120000000000000000000000400484003B
:100BE0001200000000000000000000004008840027
:100BF000200100000000000000000000400484000C
:100C000020010000000000000000000040048400FB
:100C1000C006000000000000000000004004840046
:100C2000C00E00000000000000000000400484002E
:100C300040050000000000000000000040048400A7
:100C4000612000000000000000000000400484005B
:100C5000801100000000000000000000400484003B
:100C60004005000000000000000000004004840077
:100C7000401A000000000000000000004004840052
:100C8000E0000000000000000000000040048400BC
:100C9000E0000000000000000000000040088400A8
:100CA0000E0000000000000000000000400484006E
:100CB0000E0000000000000000000000400884005A
:100CC000E00000000000000000000000400484007C
:100CD000E00000000000000000000000400484006C
:100CE000401A0000000000000000000040048400E2
:100CF000400B0000000000000000000040048400E1
:100D0000C012000000000000000000004004840049
:100D100021170000000000000000000040048400D3
:100D200000230000000000000000000040048400D8
:100D3000C012000000000000000000004004840019
:100D4000004B000000000000000000004004840090
:100D5000A00000000000000000000000400484002B
:100D6000A000000000000000000000004008840017
:100D70000A000000000000000000000040048400A1
:100D80000A0000000000000000000000400884008D
:100D9000A0000000000000000000000040048400EB
:100DA000A0000000000000000000000040048400DB
:100DB000004B000000000000000000004004840020
:100DC00080070000000000000000000040048400D4
:100DD00080250000000000000000000040048400A6
:100DE000910B00000000000000000000400484009F
:100DF0008034000000000000000000004004840077
:100E00008025000000000000000000004004840075
:100E1000800C00000000000000000000400484007E
:100E2000A019000000000000000000004004840839
:100E3000A807000000000000000000000001C0A1A1
:100E4000E308526F000000000000000000000000F6
:100E50000000000000000000DECAFAA1000001004E
:100E6000501E002000000100341E0020020000007F
:100E70001C1E0020BC1D002000000000000000001F
:100E8000000000000000000000270020000000001B
:100E9000030000004C980020430000000000000008
:100EA0000000000000000000000000000000000042
:100EB00000000000000000004300000000000000EF
:100EC0000000000000000000000000000000000022
:100ED00000000000000000004300000000000000CF
:100EE0000000000000000000000000000000000002
:100EF00000000000000000004300000000000000AF
:100F000000000000000000000000000000000000E1
:100F1000000000000000000043000000000000008E
:100F200000000000000000000000000000000000C1
:100F3000000000000000000043000000000000006E
:100F400000000000000000000000000000000000A1
:100F5000000000000000000043000000000000004E
:100F60000000000000000000000000000000000081
:100F70000000000000000000A9F7000855F000087C
:100F8000000000000BE9040810E80408D3E7040897
:100F9000D3E70408D3E70408D3E70408D3E7040839
:100FA000D3E70408D3E70408D3E70408D3E7040829
:100FB000FFFFFFFFFFFFFFFFFFFFFFFFFFFF00003F
:100FC00001004153434949000000000000000000B7
:100FD0000000000000000000000000000000000011
:100FE0000000415343494900000000000000000098
:100FF00000000000000000000000000000000000F1
:1010000000000000F0240020000000004C980020A8
:10101000B49800201C99002000000000000000008F
:1010200000000000000000000000000000000000C0
:1010300000000000000000000000000000000000B0
:1010400000000000000000000000000000000000A0
:04105000000000009C
:04000005080050C5DA
:00000001FF
